============================================================
MASS SEED SWEEP batch 2 (seeds 31-60, GPU 5)
============================================================
=== exp20_128d_seed31 ===
======================================================================
Experiment: exp20_128d_seed31
Pool: spp, Features: both+sum
======================================================================
Random seed: 31
Using device: cuda:5

Loading data (fine=True, coarse=True, summary=True)...
  Loaded fine_geo: torch.Size([895, 128, 68, 120])
  Loaded coarse_sem: torch.Size([895, 128, 68, 120])
  Loaded summary: torch.Size([895, 2560])
  [train] 895 samples loaded
  Loaded fine_geo: torch.Size([182, 128, 68, 120])
  Loaded coarse_sem: torch.Size([182, 128, 68, 120])
  Loaded summary: torch.Size([182, 2560])
  [test] 182 samples loaded
Translation norm: mean=[13.19548    -0.64731836 23.103329  ], std=[10.827089    0.94348246  9.766839  ]
  Feature dim after pooling: 7936
Model parameters: 18,905,610

Pre-computing pooled features (OOM-safe mode)...
  Pre-computed pooled features: torch.Size([895, 7936]) (28.4 MB)
  Pre-computed pooled features: torch.Size([182, 7936]) (5.8 MB)
  GPU memory freed. Training with pre-pooled features (7936d)
Model parameters: 18,905,610
[    1/5000] loss=2.3471 (t=0.5760 r=1.7711 beta=1.00) | val: 27.16deg/18396mm | 0.2s
[  100/5000] loss=0.0636 (t=0.0228 r=0.0444 beta=0.92) | val: 2.21deg/1693mm | 4.0s
[  200/5000] loss=0.0386 (t=0.0106 r=0.0322 beta=0.87) | val: 1.98deg/1724mm | 6.1s
[  300/5000] loss=0.0292 (t=0.0071 r=0.0268 beta=0.83) | val: 1.86deg/1442mm | 7.8s
[  400/5000] loss=0.0245 (t=0.0053 r=0.0243 beta=0.79) | val: 1.67deg/1626mm | 8.4s
[  500/5000] loss=0.0219 (t=0.0045 r=0.0231 beta=0.75) | val: 1.85deg/1607mm | 8.9s
[  600/5000] loss=0.0195 (t=0.0040 r=0.0214 beta=0.72) | val: 1.82deg/1630mm | 9.5s
[  700/5000] loss=0.0181 (t=0.0035 r=0.0212 beta=0.69) | val: 1.68deg/1343mm | 10.1s
[  800/5000] loss=0.0166 (t=0.0031 r=0.0204 beta=0.66) | val: 1.67deg/1648mm | 11.4s
[  900/5000] loss=0.0153 (t=0.0030 r=0.0194 beta=0.63) | val: 1.61deg/1479mm | 12.0s
[ 1000/5000] loss=0.0147 (t=0.0030 r=0.0193 beta=0.61) | val: 1.50deg/1516mm | 12.5s
[ 1100/5000] loss=0.0138 (t=0.0028 r=0.0189 beta=0.58) | val: 1.58deg/1468mm | 13.0s
[ 1200/5000] loss=0.0127 (t=0.0027 r=0.0178 beta=0.56) | val: 1.69deg/1533mm | 13.6s
[ 1300/5000] loss=0.0126 (t=0.0026 r=0.0184 beta=0.54) | val: 1.67deg/1716mm | 14.1s
[ 1400/5000] loss=0.0116 (t=0.0025 r=0.0174 beta=0.52) | val: 1.77deg/1731mm | 14.7s
[ 1500/5000] loss=0.0104 (t=0.0022 r=0.0164 beta=0.50) | val: 1.70deg/1629mm | 15.3s
[ 1600/5000] loss=0.0103 (t=0.0023 r=0.0165 beta=0.48) | val: 1.83deg/1629mm | 15.8s
[ 1700/5000] loss=0.0097 (t=0.0021 r=0.0162 beta=0.47) | val: 1.66deg/1670mm | 16.3s
[ 1800/5000] loss=0.0095 (t=0.0022 r=0.0162 beta=0.45) | val: 1.72deg/1565mm | 16.9s
[ 1900/5000] loss=0.0091 (t=0.0020 r=0.0160 beta=0.44) | val: 1.86deg/1775mm | 17.4s
[ 2000/5000] loss=0.0085 (t=0.0019 r=0.0157 beta=0.43) | val: 1.70deg/1646mm | 18.0s
[ 2100/5000] loss=0.0086 (t=0.0019 r=0.0162 beta=0.41) | val: 1.78deg/1709mm | 18.5s
[ 2200/5000] loss=0.0084 (t=0.0020 r=0.0159 beta=0.40) | val: 1.81deg/1667mm | 19.1s
[ 2300/5000] loss=0.0079 (t=0.0019 r=0.0154 beta=0.39) | val: 1.77deg/1776mm | 19.6s
[ 2400/5000] loss=0.0080 (t=0.0020 r=0.0156 beta=0.38) | val: 1.69deg/1726mm | 20.2s
[ 2500/5000] loss=0.0074 (t=0.0019 r=0.0148 beta=0.37) | val: 1.74deg/1698mm | 20.8s
[ 2600/5000] loss=0.0074 (t=0.0018 r=0.0153 beta=0.36) | val: 1.75deg/1769mm | 21.3s
[ 2700/5000] loss=0.0073 (t=0.0018 r=0.0155 beta=0.36) | val: 1.81deg/1729mm | 21.9s
[ 2800/5000] loss=0.0068 (t=0.0017 r=0.0146 beta=0.35) | val: 1.76deg/1708mm | 22.5s
[ 2900/5000] loss=0.0068 (t=0.0016 r=0.0152 beta=0.34) | val: 1.78deg/1834mm | 23.0s
[ 3000/5000] loss=0.0067 (t=0.0017 r=0.0147 beta=0.34) | val: 1.83deg/1837mm | 23.6s
[ 3100/5000] loss=0.0067 (t=0.0017 r=0.0153 beta=0.33) | val: 1.92deg/1813mm | 24.1s
[ 3200/5000] loss=0.0064 (t=0.0017 r=0.0145 beta=0.32) | val: 1.81deg/1762mm | 24.7s
[ 3300/5000] loss=0.0064 (t=0.0017 r=0.0148 beta=0.32) | val: 1.87deg/1810mm | 25.2s
[ 3400/5000] loss=0.0063 (t=0.0017 r=0.0148 beta=0.32) | val: 1.76deg/1839mm | 25.8s
[ 3500/5000] loss=0.0061 (t=0.0016 r=0.0143 beta=0.31) | val: 1.83deg/1783mm | 26.4s
[ 3600/5000] loss=0.0060 (t=0.0015 r=0.0147 beta=0.31) | val: 1.97deg/1784mm | 27.0s
[ 3700/5000] loss=0.0060 (t=0.0016 r=0.0145 beta=0.31) | val: 1.80deg/1811mm | 27.6s
[ 3800/5000] loss=0.0058 (t=0.0016 r=0.0139 beta=0.30) | val: 1.86deg/1797mm | 28.2s
[ 3900/5000] loss=0.0058 (t=0.0015 r=0.0141 beta=0.30) | val: 1.86deg/1796mm | 28.7s
[ 4000/5000] loss=0.0058 (t=0.0015 r=0.0143 beta=0.30) | val: 1.88deg/1835mm | 29.2s
[ 4100/5000] loss=0.0058 (t=0.0016 r=0.0144 beta=0.30) | val: 1.81deg/1899mm | 29.8s
[ 4200/5000] loss=0.0056 (t=0.0015 r=0.0139 beta=0.30) | val: 1.90deg/1789mm | 30.4s
[ 4300/5000] loss=0.0057 (t=0.0014 r=0.0146 beta=0.29) | val: 1.83deg/1767mm | 31.0s
[ 4400/5000] loss=0.0056 (t=0.0015 r=0.0139 beta=0.29) | val: 1.89deg/1821mm | 31.6s
[ 4500/5000] loss=0.0056 (t=0.0015 r=0.0140 beta=0.29) | val: 1.86deg/1763mm | 32.2s
[ 4600/5000] loss=0.0058 (t=0.0016 r=0.0141 beta=0.29) | val: 1.84deg/1778mm | 32.8s
[ 4700/5000] loss=0.0055 (t=0.0015 r=0.0140 beta=0.29) | val: 1.83deg/1791mm | 33.3s
[ 4800/5000] loss=0.0055 (t=0.0014 r=0.0140 beta=0.29) | val: 1.85deg/1750mm | 33.9s
[ 4900/5000] loss=0.0056 (t=0.0015 r=0.0139 beta=0.29) | val: 1.87deg/1761mm | 34.4s
[ 5000/5000] loss=0.0054 (t=0.0014 r=0.0138 beta=0.29) | val: 1.87deg/1751mm | 35.0s

Training done. Best epoch: 760, score: 1.5028

Loaded best model from epoch 760

======================================================================
EVALUATION RESULTS (Direct Regression)
======================================================================
Rotation  (median): 1.61deg
Translation (median): 1345mm

  R@5deg_1m: 33.5%  (rot_pass=93.4%, trans_pass=34.6%)
  R@10deg_2m: 69.2%  (rot_pass=99.5%, trans_pass=69.2%)
  R@15deg_5m: 94.0%  (rot_pass=100.0%, trans_pass=94.0%)
  R@25deg_5m: 94.0%  (rot_pass=100.0%, trans_pass=94.0%)

======================================================================
EVALUATION RESULTS (Retrieval Mode)
======================================================================
Retrieval median: 11.54deg / 2372mm
  R@5deg_1m: 2.7%  (rot=4.9%, trans=21.4%)
  R@10deg_2m: 19.2%  (rot=41.2%, trans=43.4%)
  R@15deg_5m: 57.1%  (rot=70.9%, trans=86.3%)
  R@25deg_5m: 83.5%  (rot=97.3%, trans=86.3%)
======================================================================

Done!
--- exp20_128d_seed31 done ---

=== exp20_128d_seed32 ===
======================================================================
Experiment: exp20_128d_seed32
Pool: spp, Features: both+sum
======================================================================
Random seed: 32
Using device: cuda:5

Loading data (fine=True, coarse=True, summary=True)...
  Loaded fine_geo: torch.Size([895, 128, 68, 120])
  Loaded coarse_sem: torch.Size([895, 128, 68, 120])
  Loaded summary: torch.Size([895, 2560])
  [train] 895 samples loaded
  Loaded fine_geo: torch.Size([182, 128, 68, 120])
  Loaded coarse_sem: torch.Size([182, 128, 68, 120])
  Loaded summary: torch.Size([182, 2560])
  [test] 182 samples loaded
Translation norm: mean=[13.19548    -0.64731836 23.103329  ], std=[10.827089    0.94348246  9.766839  ]
  Feature dim after pooling: 7936
Model parameters: 18,905,610

Pre-computing pooled features (OOM-safe mode)...
  Pre-computed pooled features: torch.Size([895, 7936]) (28.4 MB)
  Pre-computed pooled features: torch.Size([182, 7936]) (5.8 MB)
  GPU memory freed. Training with pre-pooled features (7936d)
Model parameters: 18,905,610
[    1/5000] loss=3.2352 (t=0.5444 r=2.6907 beta=1.00) | val: 113.91deg/12048mm | 0.6s
[  100/5000] loss=0.0635 (t=0.0216 r=0.0451 beta=0.93) | val: 2.62deg/1480mm | 4.6s
[  200/5000] loss=0.0407 (t=0.0121 r=0.0322 beta=0.89) | val: 2.26deg/1576mm | 5.5s
[  300/5000] loss=0.0299 (t=0.0072 r=0.0267 beta=0.85) | val: 1.99deg/1681mm | 7.2s
[  400/5000] loss=0.0266 (t=0.0056 r=0.0257 beta=0.81) | val: 1.70deg/1458mm | 7.7s
[  500/5000] loss=0.0227 (t=0.0044 r=0.0234 beta=0.78) | val: 1.83deg/1674mm | 8.3s
[  600/5000] loss=0.0209 (t=0.0042 r=0.0223 beta=0.75) | val: 1.60deg/1548mm | 8.8s
[  700/5000] loss=0.0186 (t=0.0034 r=0.0211 beta=0.72) | val: 1.99deg/1618mm | 9.4s
[  800/5000] loss=0.0172 (t=0.0031 r=0.0204 beta=0.69) | val: 1.71deg/1553mm | 9.9s
[  900/5000] loss=0.0164 (t=0.0031 r=0.0201 beta=0.66) | val: 1.79deg/1513mm | 10.9s
[ 1000/5000] loss=0.0158 (t=0.0031 r=0.0198 beta=0.64) | val: 1.63deg/1502mm | 11.4s
[ 1100/5000] loss=0.0142 (t=0.0027 r=0.0187 beta=0.61) | val: 1.68deg/1684mm | 12.0s
[ 1200/5000] loss=0.0139 (t=0.0027 r=0.0190 beta=0.59) | val: 1.75deg/1650mm | 12.5s
[ 1300/5000] loss=0.0131 (t=0.0025 r=0.0185 beta=0.57) | val: 1.79deg/1583mm | 13.1s
[ 1400/5000] loss=0.0122 (t=0.0024 r=0.0178 beta=0.55) | val: 1.79deg/1476mm | 13.6s
[ 1500/5000] loss=0.0114 (t=0.0023 r=0.0173 beta=0.53) | val: 1.88deg/1638mm | 14.2s
[ 1600/5000] loss=0.0112 (t=0.0023 r=0.0174 beta=0.51) | val: 1.72deg/1588mm | 14.7s
[ 1700/5000] loss=0.0104 (t=0.0021 r=0.0167 beta=0.50) | val: 1.71deg/1542mm | 15.3s
[ 1800/5000] loss=0.0101 (t=0.0021 r=0.0165 beta=0.48) | val: 1.80deg/1586mm | 15.8s
[ 1900/5000] loss=0.0099 (t=0.0022 r=0.0165 beta=0.47) | val: 1.95deg/1649mm | 16.4s
[ 2000/5000] loss=0.0094 (t=0.0020 r=0.0163 beta=0.45) | val: 1.76deg/1637mm | 16.9s
[ 2100/5000] loss=0.0092 (t=0.0019 r=0.0164 beta=0.44) | val: 1.93deg/1727mm | 17.5s
[ 2200/5000] loss=0.0088 (t=0.0019 r=0.0160 beta=0.43) | val: 1.88deg/1680mm | 18.0s
[ 2300/5000] loss=0.0086 (t=0.0019 r=0.0160 beta=0.42) | val: 1.85deg/1737mm | 18.6s
[ 2400/5000] loss=0.0080 (t=0.0017 r=0.0155 beta=0.41) | val: 1.81deg/1717mm | 19.1s
[ 2500/5000] loss=0.0081 (t=0.0019 r=0.0157 beta=0.40) | val: 1.94deg/1738mm | 19.7s
[ 2600/5000] loss=0.0079 (t=0.0018 r=0.0156 beta=0.39) | val: 1.91deg/1842mm | 20.2s
[ 2700/5000] loss=0.0074 (t=0.0016 r=0.0151 beta=0.38) | val: 2.01deg/1778mm | 20.8s
[ 2800/5000] loss=0.0075 (t=0.0017 r=0.0154 beta=0.37) | val: 2.04deg/1836mm | 21.3s
[ 2900/5000] loss=0.0072 (t=0.0017 r=0.0149 beta=0.37) | val: 1.94deg/1738mm | 21.9s
[ 3000/5000] loss=0.0073 (t=0.0018 r=0.0153 beta=0.36) | val: 1.95deg/1758mm | 22.4s
[ 3100/5000] loss=0.0068 (t=0.0016 r=0.0146 beta=0.35) | val: 1.95deg/1732mm | 23.0s
[ 3200/5000] loss=0.0068 (t=0.0016 r=0.0150 beta=0.35) | val: 1.99deg/1744mm | 23.5s
[ 3300/5000] loss=0.0067 (t=0.0016 r=0.0149 beta=0.34) | val: 1.97deg/1801mm | 24.1s
[ 3400/5000] loss=0.0067 (t=0.0016 r=0.0152 beta=0.34) | val: 1.98deg/1677mm | 24.6s
[ 3500/5000] loss=0.0065 (t=0.0016 r=0.0146 beta=0.34) | val: 1.99deg/1844mm | 25.2s
[ 3600/5000] loss=0.0066 (t=0.0016 r=0.0149 beta=0.33) | val: 1.96deg/1709mm | 25.7s
[ 3700/5000] loss=0.0063 (t=0.0016 r=0.0144 beta=0.33) | val: 1.96deg/1722mm | 26.3s
[ 3800/5000] loss=0.0063 (t=0.0016 r=0.0146 beta=0.33) | val: 1.93deg/1642mm | 26.8s
[ 3900/5000] loss=0.0062 (t=0.0015 r=0.0143 beta=0.32) | val: 2.01deg/1758mm | 27.4s
[ 4000/5000] loss=0.0064 (t=0.0017 r=0.0145 beta=0.32) | val: 1.97deg/1732mm | 27.9s
[ 4100/5000] loss=0.0061 (t=0.0016 r=0.0142 beta=0.32) | val: 2.01deg/1755mm | 28.5s
[ 4200/5000] loss=0.0060 (t=0.0015 r=0.0142 beta=0.32) | val: 2.00deg/1798mm | 29.0s
[ 4300/5000] loss=0.0061 (t=0.0016 r=0.0143 beta=0.32) | val: 2.01deg/1742mm | 29.6s
[ 4400/5000] loss=0.0059 (t=0.0014 r=0.0143 beta=0.32) | val: 2.00deg/1768mm | 30.2s
[ 4500/5000] loss=0.0059 (t=0.0014 r=0.0140 beta=0.32) | val: 2.01deg/1696mm | 30.7s
[ 4600/5000] loss=0.0059 (t=0.0015 r=0.0141 beta=0.32) | val: 1.96deg/1725mm | 31.3s
[ 4700/5000] loss=0.0060 (t=0.0015 r=0.0142 beta=0.32) | val: 2.00deg/1776mm | 31.9s
[ 4800/5000] loss=0.0062 (t=0.0015 r=0.0147 beta=0.32) | val: 1.99deg/1736mm | 32.5s
[ 4900/5000] loss=0.0058 (t=0.0015 r=0.0137 beta=0.31) | val: 2.00deg/1746mm | 33.0s
[ 5000/5000] loss=0.0058 (t=0.0015 r=0.0137 beta=0.31) | val: 1.98deg/1751mm | 33.6s

Training done. Best epoch: 840, score: 1.5811

Loaded best model from epoch 840

======================================================================
EVALUATION RESULTS (Direct Regression)
======================================================================
Rotation  (median): 1.73deg
Translation (median): 1420mm

  R@5deg_1m: 34.6%  (rot_pass=92.9%, trans_pass=35.2%)
  R@10deg_2m: 68.7%  (rot_pass=99.5%, trans_pass=69.2%)
  R@15deg_5m: 95.1%  (rot_pass=100.0%, trans_pass=95.1%)
  R@25deg_5m: 95.1%  (rot_pass=100.0%, trans_pass=95.1%)

======================================================================
EVALUATION RESULTS (Retrieval Mode)
======================================================================
Retrieval median: 11.32deg / 2338mm
  R@5deg_1m: 2.7%  (rot=5.5%, trans=22.5%)
  R@10deg_2m: 20.9%  (rot=43.4%, trans=44.5%)
  R@15deg_5m: 59.9%  (rot=70.9%, trans=88.5%)
  R@25deg_5m: 84.1%  (rot=95.6%, trans=88.5%)
======================================================================

Done!
--- exp20_128d_seed32 done ---

=== exp20_128d_seed33 ===
======================================================================
Experiment: exp20_128d_seed33
Pool: spp, Features: both+sum
======================================================================
Random seed: 33
Using device: cuda:5

Loading data (fine=True, coarse=True, summary=True)...
  Loaded fine_geo: torch.Size([895, 128, 68, 120])
  Loaded coarse_sem: torch.Size([895, 128, 68, 120])
  Loaded summary: torch.Size([895, 2560])
  [train] 895 samples loaded
  Loaded fine_geo: torch.Size([182, 128, 68, 120])
  Loaded coarse_sem: torch.Size([182, 128, 68, 120])
  Loaded summary: torch.Size([182, 2560])
  [test] 182 samples loaded
Translation norm: mean=[13.19548    -0.64731836 23.103329  ], std=[10.827089    0.94348246  9.766839  ]
  Feature dim after pooling: 7936
Model parameters: 18,905,610

Pre-computing pooled features (OOM-safe mode)...
  Pre-computed pooled features: torch.Size([895, 7936]) (28.4 MB)
  Pre-computed pooled features: torch.Size([182, 7936]) (5.8 MB)
  GPU memory freed. Training with pre-pooled features (7936d)
Model parameters: 18,905,610
[    1/5000] loss=3.1545 (t=0.7912 r=2.3634 beta=1.00) | val: 34.26deg/19909mm | 0.8s
[  100/5000] loss=0.0627 (t=0.0219 r=0.0443 beta=0.92) | val: 2.47deg/1740mm | 5.2s
[  200/5000] loss=0.0396 (t=0.0116 r=0.0320 beta=0.87) | val: 2.34deg/1686mm | 7.3s
[  300/5000] loss=0.0301 (t=0.0076 r=0.0271 beta=0.83) | val: 1.83deg/1472mm | 8.8s
[  400/5000] loss=0.0241 (t=0.0054 r=0.0235 beta=0.80) | val: 1.71deg/1611mm | 10.5s
[  500/5000] loss=0.0227 (t=0.0049 r=0.0235 beta=0.76) | val: 1.64deg/1397mm | 11.5s
[  600/5000] loss=0.0206 (t=0.0041 r=0.0227 beta=0.73) | val: 1.65deg/1546mm | 12.4s
[  700/5000] loss=0.0175 (t=0.0036 r=0.0200 beta=0.70) | val: 1.60deg/1447mm | 12.9s
[  800/5000] loss=0.0161 (t=0.0030 r=0.0196 beta=0.67) | val: 1.55deg/1424mm | 13.5s
[  900/5000] loss=0.0154 (t=0.0030 r=0.0193 beta=0.64) | val: 1.59deg/1410mm | 14.0s
[ 1000/5000] loss=0.0145 (t=0.0032 r=0.0185 beta=0.61) | val: 1.67deg/1585mm | 14.6s
[ 1100/5000] loss=0.0141 (t=0.0028 r=0.0193 beta=0.59) | val: 1.66deg/1500mm | 15.2s
[ 1200/5000] loss=0.0126 (t=0.0025 r=0.0179 beta=0.57) | val: 1.65deg/1530mm | 15.8s
[ 1300/5000] loss=0.0119 (t=0.0024 r=0.0176 beta=0.55) | val: 1.81deg/1595mm | 16.3s
[ 1400/5000] loss=0.0114 (t=0.0023 r=0.0173 beta=0.53) | val: 1.76deg/1585mm | 16.9s
[ 1500/5000] loss=0.0111 (t=0.0024 r=0.0172 beta=0.51) | val: 1.74deg/1487mm | 17.6s
[ 1600/5000] loss=0.0107 (t=0.0022 r=0.0173 beta=0.49) | val: 1.84deg/1551mm | 18.1s
[ 1700/5000] loss=0.0103 (t=0.0024 r=0.0168 beta=0.47) | val: 1.70deg/1551mm | 18.7s
[ 1800/5000] loss=0.0098 (t=0.0021 r=0.0168 beta=0.46) | val: 1.72deg/1587mm | 19.3s
[ 1900/5000] loss=0.0093 (t=0.0021 r=0.0161 beta=0.44) | val: 1.61deg/1810mm | 19.9s
[ 2000/5000] loss=0.0090 (t=0.0021 r=0.0161 beta=0.43) | val: 1.85deg/1684mm | 20.4s
[ 2100/5000] loss=0.0090 (t=0.0021 r=0.0165 beta=0.42) | val: 1.88deg/1704mm | 21.0s
[ 2200/5000] loss=0.0082 (t=0.0018 r=0.0156 beta=0.41) | val: 1.80deg/1741mm | 21.5s
[ 2300/5000] loss=0.0079 (t=0.0019 r=0.0152 beta=0.40) | val: 1.87deg/1763mm | 22.1s
[ 2400/5000] loss=0.0079 (t=0.0019 r=0.0155 beta=0.39) | val: 1.75deg/1764mm | 22.6s
[ 2500/5000] loss=0.0076 (t=0.0019 r=0.0152 beta=0.38) | val: 1.73deg/1738mm | 23.3s
[ 2600/5000] loss=0.0073 (t=0.0017 r=0.0151 beta=0.37) | val: 1.88deg/1752mm | 23.8s
[ 2700/5000] loss=0.0073 (t=0.0017 r=0.0156 beta=0.36) | val: 1.81deg/1798mm | 24.4s
[ 2800/5000] loss=0.0072 (t=0.0017 r=0.0154 beta=0.35) | val: 1.82deg/1724mm | 25.0s
[ 2900/5000] loss=0.0069 (t=0.0017 r=0.0150 beta=0.35) | val: 1.79deg/1798mm | 25.6s
[ 3000/5000] loss=0.0071 (t=0.0018 r=0.0156 beta=0.34) | val: 1.84deg/1915mm | 26.2s
[ 3100/5000] loss=0.0067 (t=0.0017 r=0.0150 beta=0.33) | val: 1.83deg/1762mm | 26.7s
[ 3200/5000] loss=0.0066 (t=0.0017 r=0.0148 beta=0.33) | val: 1.78deg/1775mm | 27.3s
[ 3300/5000] loss=0.0064 (t=0.0016 r=0.0146 beta=0.32) | val: 1.83deg/1833mm | 27.8s
[ 3400/5000] loss=0.0064 (t=0.0017 r=0.0145 beta=0.32) | val: 1.81deg/1810mm | 28.4s
[ 3500/5000] loss=0.0063 (t=0.0017 r=0.0147 beta=0.32) | val: 1.84deg/1864mm | 29.0s
[ 3600/5000] loss=0.0062 (t=0.0017 r=0.0146 beta=0.31) | val: 1.87deg/1843mm | 29.5s
[ 3700/5000] loss=0.0062 (t=0.0016 r=0.0151 beta=0.31) | val: 1.86deg/1830mm | 30.1s
[ 3800/5000] loss=0.0061 (t=0.0016 r=0.0146 beta=0.31) | val: 1.88deg/1758mm | 30.6s
[ 3900/5000] loss=0.0060 (t=0.0016 r=0.0143 beta=0.30) | val: 1.82deg/1822mm | 31.2s
[ 4000/5000] loss=0.0059 (t=0.0016 r=0.0143 beta=0.30) | val: 1.87deg/1838mm | 31.8s
[ 4100/5000] loss=0.0058 (t=0.0015 r=0.0141 beta=0.30) | val: 1.90deg/1833mm | 32.3s
[ 4200/5000] loss=0.0056 (t=0.0015 r=0.0139 beta=0.30) | val: 1.93deg/1840mm | 32.9s
[ 4300/5000] loss=0.0056 (t=0.0014 r=0.0141 beta=0.30) | val: 1.91deg/1828mm | 33.4s
[ 4400/5000] loss=0.0058 (t=0.0015 r=0.0142 beta=0.30) | val: 1.91deg/1814mm | 34.0s
[ 4500/5000] loss=0.0057 (t=0.0015 r=0.0141 beta=0.30) | val: 1.89deg/1794mm | 34.5s
[ 4600/5000] loss=0.0058 (t=0.0016 r=0.0141 beta=0.30) | val: 1.91deg/1824mm | 35.1s
[ 4700/5000] loss=0.0057 (t=0.0015 r=0.0141 beta=0.30) | val: 1.91deg/1837mm | 35.7s
[ 4800/5000] loss=0.0058 (t=0.0015 r=0.0142 beta=0.30) | val: 1.90deg/1830mm | 36.4s
[ 4900/5000] loss=0.0057 (t=0.0016 r=0.0141 beta=0.30) | val: 1.88deg/1843mm | 37.0s
[ 5000/5000] loss=0.0058 (t=0.0015 r=0.0143 beta=0.30) | val: 1.88deg/1841mm | 37.5s

Training done. Best epoch: 550, score: 1.5164

Loaded best model from epoch 550

======================================================================
EVALUATION RESULTS (Direct Regression)
======================================================================
Rotation  (median): 1.78deg
Translation (median): 1345mm

  R@5deg_1m: 35.2%  (rot_pass=92.3%, trans_pass=36.3%)
  R@10deg_2m: 68.7%  (rot_pass=99.5%, trans_pass=69.2%)
  R@15deg_5m: 93.4%  (rot_pass=100.0%, trans_pass=93.4%)
  R@25deg_5m: 93.4%  (rot_pass=100.0%, trans_pass=93.4%)

======================================================================
EVALUATION RESULTS (Retrieval Mode)
======================================================================
Retrieval median: 11.41deg / 2384mm
  R@5deg_1m: 2.7%  (rot=5.5%, trans=22.0%)
  R@10deg_2m: 21.4%  (rot=43.4%, trans=44.5%)
  R@15deg_5m: 56.6%  (rot=68.7%, trans=87.9%)
  R@25deg_5m: 82.4%  (rot=94.5%, trans=87.9%)
======================================================================

Done!
--- exp20_128d_seed33 done ---

=== exp20_128d_seed34 ===
======================================================================
Experiment: exp20_128d_seed34
Pool: spp, Features: both+sum
======================================================================
Random seed: 34
Using device: cuda:5

Loading data (fine=True, coarse=True, summary=True)...
  Loaded fine_geo: torch.Size([895, 128, 68, 120])
  Loaded coarse_sem: torch.Size([895, 128, 68, 120])
  Loaded summary: torch.Size([895, 2560])
  [train] 895 samples loaded
  Loaded fine_geo: torch.Size([182, 128, 68, 120])
  Loaded coarse_sem: torch.Size([182, 128, 68, 120])
  Loaded summary: torch.Size([182, 2560])
  [test] 182 samples loaded
Translation norm: mean=[13.19548    -0.64731836 23.103329  ], std=[10.827089    0.94348246  9.766839  ]
  Feature dim after pooling: 7936
Model parameters: 18,905,610

Pre-computing pooled features (OOM-safe mode)...
  Pre-computed pooled features: torch.Size([895, 7936]) (28.4 MB)
  Pre-computed pooled features: torch.Size([182, 7936]) (5.8 MB)
  GPU memory freed. Training with pre-pooled features (7936d)
Model parameters: 18,905,610
[    1/5000] loss=2.8008 (t=0.6871 r=2.1137 beta=1.00) | val: 44.40deg/20080mm | 0.2s
[  100/5000] loss=0.0614 (t=0.0216 r=0.0429 beta=0.93) | val: 2.38deg/1570mm | 4.1s
[  200/5000] loss=0.0400 (t=0.0113 r=0.0325 beta=0.88) | val: 2.01deg/1509mm | 6.5s
[  300/5000] loss=0.0298 (t=0.0071 r=0.0268 beta=0.84) | val: 2.19deg/1539mm | 7.1s
[  400/5000] loss=0.0255 (t=0.0055 r=0.0248 beta=0.81) | val: 2.22deg/1574mm | 7.6s
[  500/5000] loss=0.0224 (t=0.0046 r=0.0231 beta=0.77) | val: 1.70deg/1568mm | 8.1s
[  600/5000] loss=0.0197 (t=0.0039 r=0.0214 beta=0.74) | val: 1.79deg/1298mm | 9.1s
[  700/5000] loss=0.0179 (t=0.0034 r=0.0204 beta=0.71) | val: 1.64deg/1366mm | 9.7s
[  800/5000] loss=0.0169 (t=0.0033 r=0.0199 beta=0.68) | val: 1.76deg/1617mm | 10.2s
[  900/5000] loss=0.0160 (t=0.0031 r=0.0198 beta=0.65) | val: 1.57deg/1491mm | 10.8s
[ 1000/5000] loss=0.0149 (t=0.0030 r=0.0190 beta=0.63) | val: 1.61deg/1357mm | 11.4s
[ 1100/5000] loss=0.0134 (t=0.0027 r=0.0178 beta=0.60) | val: 1.68deg/1450mm | 11.9s
[ 1200/5000] loss=0.0128 (t=0.0026 r=0.0175 beta=0.58) | val: 1.64deg/1419mm | 12.5s
[ 1300/5000] loss=0.0121 (t=0.0023 r=0.0175 beta=0.56) | val: 1.74deg/1791mm | 13.0s
[ 1400/5000] loss=0.0118 (t=0.0022 r=0.0177 beta=0.54) | val: 1.74deg/1583mm | 13.6s
[ 1500/5000] loss=0.0111 (t=0.0022 r=0.0170 beta=0.52) | val: 1.72deg/1672mm | 14.1s
[ 1600/5000] loss=0.0108 (t=0.0023 r=0.0169 beta=0.50) | val: 1.83deg/1610mm | 14.6s
[ 1700/5000] loss=0.0101 (t=0.0023 r=0.0160 beta=0.49) | val: 1.75deg/1561mm | 15.2s
[ 1800/5000] loss=0.0097 (t=0.0021 r=0.0160 beta=0.47) | val: 1.73deg/1672mm | 15.7s
[ 1900/5000] loss=0.0097 (t=0.0023 r=0.0162 beta=0.46) | val: 1.91deg/1612mm | 16.3s
[ 2000/5000] loss=0.0094 (t=0.0021 r=0.0164 beta=0.44) | val: 1.73deg/1782mm | 16.8s
[ 2100/5000] loss=0.0087 (t=0.0020 r=0.0155 beta=0.43) | val: 1.78deg/1677mm | 17.4s
[ 2200/5000] loss=0.0087 (t=0.0019 r=0.0161 beta=0.42) | val: 1.73deg/1675mm | 18.0s
[ 2300/5000] loss=0.0082 (t=0.0019 r=0.0154 beta=0.41) | val: 1.92deg/1700mm | 18.6s
[ 2400/5000] loss=0.0080 (t=0.0019 r=0.0155 beta=0.40) | val: 1.80deg/1630mm | 19.1s
[ 2500/5000] loss=0.0077 (t=0.0018 r=0.0149 beta=0.39) | val: 1.84deg/1661mm | 19.7s
[ 2600/5000] loss=0.0077 (t=0.0018 r=0.0153 beta=0.38) | val: 1.84deg/1597mm | 20.3s
[ 2700/5000] loss=0.0074 (t=0.0018 r=0.0151 beta=0.37) | val: 1.77deg/1717mm | 20.8s
[ 2800/5000] loss=0.0072 (t=0.0019 r=0.0147 beta=0.37) | val: 1.78deg/1629mm | 21.4s
[ 2900/5000] loss=0.0071 (t=0.0017 r=0.0152 beta=0.36) | val: 1.80deg/1599mm | 22.0s
[ 3000/5000] loss=0.0071 (t=0.0018 r=0.0150 beta=0.35) | val: 1.84deg/1740mm | 22.6s
[ 3100/5000] loss=0.0068 (t=0.0017 r=0.0147 beta=0.35) | val: 1.89deg/1629mm | 23.2s
[ 3200/5000] loss=0.0067 (t=0.0017 r=0.0147 beta=0.34) | val: 1.81deg/1701mm | 23.7s
[ 3300/5000] loss=0.0066 (t=0.0017 r=0.0146 beta=0.34) | val: 1.87deg/1629mm | 24.3s
[ 3400/5000] loss=0.0063 (t=0.0016 r=0.0143 beta=0.33) | val: 1.88deg/1680mm | 24.9s
[ 3500/5000] loss=0.0062 (t=0.0016 r=0.0142 beta=0.33) | val: 1.89deg/1749mm | 25.4s
[ 3600/5000] loss=0.0063 (t=0.0016 r=0.0143 beta=0.32) | val: 1.84deg/1673mm | 26.0s
[ 3700/5000] loss=0.0063 (t=0.0017 r=0.0145 beta=0.32) | val: 1.82deg/1720mm | 26.6s
[ 3800/5000] loss=0.0061 (t=0.0016 r=0.0143 beta=0.32) | val: 1.84deg/1723mm | 27.2s
[ 3900/5000] loss=0.0060 (t=0.0016 r=0.0141 beta=0.32) | val: 1.86deg/1691mm | 27.8s
[ 4000/5000] loss=0.0060 (t=0.0015 r=0.0145 beta=0.31) | val: 1.84deg/1663mm | 28.3s
[ 4100/5000] loss=0.0059 (t=0.0016 r=0.0141 beta=0.31) | val: 1.89deg/1756mm | 28.9s
[ 4200/5000] loss=0.0060 (t=0.0015 r=0.0144 beta=0.31) | val: 1.88deg/1787mm | 29.5s
[ 4300/5000] loss=0.0059 (t=0.0016 r=0.0139 beta=0.31) | val: 1.85deg/1730mm | 30.0s
[ 4400/5000] loss=0.0059 (t=0.0016 r=0.0140 beta=0.31) | val: 1.91deg/1685mm | 30.6s
[ 4500/5000] loss=0.0057 (t=0.0015 r=0.0136 beta=0.31) | val: 1.90deg/1742mm | 31.1s
[ 4600/5000] loss=0.0060 (t=0.0016 r=0.0141 beta=0.31) | val: 1.86deg/1738mm | 31.7s
[ 4700/5000] loss=0.0057 (t=0.0015 r=0.0139 beta=0.31) | val: 1.86deg/1684mm | 32.3s
[ 4800/5000] loss=0.0058 (t=0.0015 r=0.0139 beta=0.31) | val: 1.84deg/1676mm | 32.8s
[ 4900/5000] loss=0.0057 (t=0.0014 r=0.0137 beta=0.31) | val: 1.86deg/1687mm | 33.4s
[ 5000/5000] loss=0.0057 (t=0.0015 r=0.0138 beta=0.31) | val: 1.85deg/1696mm | 33.9s

Training done. Best epoch: 510, score: 1.4589

Loaded best model from epoch 510

======================================================================
EVALUATION RESULTS (Direct Regression)
======================================================================
Rotation  (median): 1.66deg
Translation (median): 1297mm

  R@5deg_1m: 34.6%  (rot_pass=92.9%, trans_pass=35.2%)
  R@10deg_2m: 67.6%  (rot_pass=99.5%, trans_pass=67.6%)
  R@15deg_5m: 94.0%  (rot_pass=100.0%, trans_pass=94.0%)
  R@25deg_5m: 94.0%  (rot_pass=100.0%, trans_pass=94.0%)

======================================================================
EVALUATION RESULTS (Retrieval Mode)
======================================================================
Retrieval median: 11.77deg / 2338mm
  R@5deg_1m: 2.7%  (rot=4.4%, trans=20.3%)
  R@10deg_2m: 19.8%  (rot=42.3%, trans=44.5%)
  R@15deg_5m: 59.9%  (rot=71.4%, trans=88.5%)
  R@25deg_5m: 85.2%  (rot=96.7%, trans=88.5%)
======================================================================

Done!
--- exp20_128d_seed34 done ---

=== exp20_128d_seed35 ===
======================================================================
Experiment: exp20_128d_seed35
Pool: spp, Features: both+sum
======================================================================
Random seed: 35
Using device: cuda:5

Loading data (fine=True, coarse=True, summary=True)...
  Loaded fine_geo: torch.Size([895, 128, 68, 120])
  Loaded coarse_sem: torch.Size([895, 128, 68, 120])
  Loaded summary: torch.Size([895, 2560])
  [train] 895 samples loaded
  Loaded fine_geo: torch.Size([182, 128, 68, 120])
  Loaded coarse_sem: torch.Size([182, 128, 68, 120])
  Loaded summary: torch.Size([182, 2560])
  [test] 182 samples loaded
Translation norm: mean=[13.19548    -0.64731836 23.103329  ], std=[10.827089    0.94348246  9.766839  ]
  Feature dim after pooling: 7936
Model parameters: 18,905,610

Pre-computing pooled features (OOM-safe mode)...
  Pre-computed pooled features: torch.Size([895, 7936]) (28.4 MB)
  Pre-computed pooled features: torch.Size([182, 7936]) (5.8 MB)
  GPU memory freed. Training with pre-pooled features (7936d)
Model parameters: 18,905,610
[    1/5000] loss=2.4491 (t=0.6143 r=1.8348 beta=1.00) | val: 35.30deg/32742mm | 0.8s
[  100/5000] loss=0.0633 (t=0.0218 r=0.0449 beta=0.92) | val: 2.53deg/1717mm | 5.1s
[  200/5000] loss=0.0387 (t=0.0115 r=0.0311 beta=0.88) | val: 2.21deg/1684mm | 7.2s
[  300/5000] loss=0.0300 (t=0.0067 r=0.0278 beta=0.84) | val: 1.97deg/1791mm | 8.1s
[  400/5000] loss=0.0260 (t=0.0060 r=0.0250 beta=0.80) | val: 1.97deg/1743mm | 8.7s
[  500/5000] loss=0.0219 (t=0.0048 r=0.0223 beta=0.76) | val: 1.99deg/1590mm | 9.2s
[  600/5000] loss=0.0199 (t=0.0041 r=0.0217 beta=0.73) | val: 1.70deg/1513mm | 10.4s
[  700/5000] loss=0.0179 (t=0.0035 r=0.0206 beta=0.70) | val: 1.77deg/1670mm | 11.0s
[  800/5000] loss=0.0162 (t=0.0032 r=0.0194 beta=0.67) | val: 1.74deg/1535mm | 11.5s
[  900/5000] loss=0.0157 (t=0.0030 r=0.0197 beta=0.64) | val: 1.69deg/1595mm | 12.4s
[ 1000/5000] loss=0.0141 (t=0.0027 r=0.0184 beta=0.62) | val: 1.67deg/1391mm | 13.0s
[ 1100/5000] loss=0.0135 (t=0.0027 r=0.0181 beta=0.59) | val: 1.71deg/1559mm | 13.9s
[ 1200/5000] loss=0.0127 (t=0.0026 r=0.0176 beta=0.57) | val: 1.56deg/1519mm | 14.4s
[ 1300/5000] loss=0.0123 (t=0.0025 r=0.0177 beta=0.55) | val: 1.68deg/1656mm | 14.9s
[ 1400/5000] loss=0.0112 (t=0.0024 r=0.0166 beta=0.53) | val: 1.63deg/1695mm | 15.5s
[ 1500/5000] loss=0.0109 (t=0.0022 r=0.0170 beta=0.51) | val: 1.62deg/1674mm | 16.0s
[ 1600/5000] loss=0.0103 (t=0.0022 r=0.0164 beta=0.49) | val: 1.97deg/1540mm | 16.6s
[ 1700/5000] loss=0.0099 (t=0.0021 r=0.0163 beta=0.48) | val: 1.72deg/1553mm | 17.1s
[ 1800/5000] loss=0.0098 (t=0.0022 r=0.0163 beta=0.46) | val: 1.72deg/1679mm | 17.7s
[ 1900/5000] loss=0.0093 (t=0.0020 r=0.0162 beta=0.45) | val: 1.64deg/1677mm | 18.3s
[ 2000/5000] loss=0.0091 (t=0.0021 r=0.0160 beta=0.44) | val: 1.74deg/1591mm | 18.8s
[ 2100/5000] loss=0.0088 (t=0.0020 r=0.0160 beta=0.42) | val: 1.76deg/1513mm | 19.3s
[ 2200/5000] loss=0.0083 (t=0.0020 r=0.0155 beta=0.41) | val: 1.81deg/1767mm | 19.9s
[ 2300/5000] loss=0.0082 (t=0.0019 r=0.0158 beta=0.40) | val: 1.86deg/1565mm | 20.5s
[ 2400/5000] loss=0.0078 (t=0.0017 r=0.0156 beta=0.39) | val: 1.86deg/1608mm | 21.0s
[ 2500/5000] loss=0.0077 (t=0.0019 r=0.0153 beta=0.38) | val: 1.68deg/1556mm | 21.6s
[ 2600/5000] loss=0.0075 (t=0.0018 r=0.0153 beta=0.37) | val: 1.87deg/1737mm | 22.1s
[ 2700/5000] loss=0.0072 (t=0.0018 r=0.0148 beta=0.36) | val: 1.86deg/1687mm | 22.7s
[ 2800/5000] loss=0.0072 (t=0.0018 r=0.0151 beta=0.36) | val: 1.84deg/1625mm | 23.2s
[ 2900/5000] loss=0.0071 (t=0.0019 r=0.0149 beta=0.35) | val: 1.81deg/1743mm | 23.8s
[ 3000/5000] loss=0.0069 (t=0.0018 r=0.0151 beta=0.34) | val: 1.83deg/1752mm | 24.3s
[ 3100/5000] loss=0.0066 (t=0.0016 r=0.0148 beta=0.34) | val: 1.89deg/1723mm | 24.9s
[ 3200/5000] loss=0.0065 (t=0.0016 r=0.0148 beta=0.33) | val: 1.91deg/1613mm | 25.4s
[ 3300/5000] loss=0.0063 (t=0.0017 r=0.0143 beta=0.33) | val: 1.88deg/1699mm | 26.0s
[ 3400/5000] loss=0.0063 (t=0.0017 r=0.0144 beta=0.32) | val: 1.83deg/1678mm | 26.5s
[ 3500/5000] loss=0.0063 (t=0.0016 r=0.0145 beta=0.32) | val: 1.82deg/1670mm | 27.1s
[ 3600/5000] loss=0.0060 (t=0.0015 r=0.0141 beta=0.32) | val: 1.81deg/1755mm | 27.6s
[ 3700/5000] loss=0.0061 (t=0.0016 r=0.0145 beta=0.31) | val: 1.88deg/1722mm | 28.1s
[ 3800/5000] loss=0.0061 (t=0.0016 r=0.0144 beta=0.31) | val: 1.88deg/1734mm | 28.7s
[ 3900/5000] loss=0.0060 (t=0.0016 r=0.0143 beta=0.31) | val: 1.87deg/1690mm | 29.3s
[ 4000/5000] loss=0.0059 (t=0.0016 r=0.0141 beta=0.31) | val: 1.91deg/1728mm | 29.8s
[ 4100/5000] loss=0.0058 (t=0.0015 r=0.0141 beta=0.30) | val: 1.88deg/1722mm | 30.4s
[ 4200/5000] loss=0.0058 (t=0.0014 r=0.0145 beta=0.30) | val: 1.87deg/1719mm | 30.9s
[ 4300/5000] loss=0.0058 (t=0.0015 r=0.0142 beta=0.30) | val: 1.88deg/1713mm | 31.5s
[ 4400/5000] loss=0.0057 (t=0.0015 r=0.0138 beta=0.30) | val: 1.89deg/1651mm | 32.0s
[ 4500/5000] loss=0.0058 (t=0.0016 r=0.0141 beta=0.30) | val: 1.90deg/1677mm | 32.6s
[ 4600/5000] loss=0.0059 (t=0.0016 r=0.0143 beta=0.30) | val: 1.90deg/1674mm | 33.1s
[ 4700/5000] loss=0.0056 (t=0.0014 r=0.0141 beta=0.30) | val: 1.93deg/1651mm | 33.7s
[ 4800/5000] loss=0.0058 (t=0.0015 r=0.0141 beta=0.30) | val: 1.90deg/1693mm | 34.3s
[ 4900/5000] loss=0.0058 (t=0.0014 r=0.0144 beta=0.30) | val: 1.88deg/1681mm | 34.9s
[ 5000/5000] loss=0.0057 (t=0.0015 r=0.0142 beta=0.30) | val: 1.91deg/1686mm | 35.5s

Training done. Best epoch: 1000, score: 1.5586

Loaded best model from epoch 1000

======================================================================
EVALUATION RESULTS (Direct Regression)
======================================================================
Rotation  (median): 1.68deg
Translation (median): 1395mm

  R@5deg_1m: 32.4%  (rot_pass=92.3%, trans_pass=32.4%)
  R@10deg_2m: 64.3%  (rot_pass=99.5%, trans_pass=64.8%)
  R@15deg_5m: 91.2%  (rot_pass=100.0%, trans_pass=91.2%)
  R@25deg_5m: 91.2%  (rot_pass=100.0%, trans_pass=91.2%)

======================================================================
EVALUATION RESULTS (Retrieval Mode)
======================================================================
Retrieval median: 11.21deg / 2352mm
  R@5deg_1m: 2.2%  (rot=4.4%, trans=19.2%)
  R@10deg_2m: 19.2%  (rot=44.5%, trans=41.2%)
  R@15deg_5m: 54.4%  (rot=71.4%, trans=82.4%)
  R@25deg_5m: 79.7%  (rot=96.7%, trans=82.4%)
======================================================================

Done!
--- exp20_128d_seed35 done ---

=== exp20_128d_seed36 ===
======================================================================
Experiment: exp20_128d_seed36
Pool: spp, Features: both+sum
======================================================================
Random seed: 36
Using device: cuda:5

Loading data (fine=True, coarse=True, summary=True)...
  Loaded fine_geo: torch.Size([895, 128, 68, 120])
  Loaded coarse_sem: torch.Size([895, 128, 68, 120])
  Loaded summary: torch.Size([895, 2560])
  [train] 895 samples loaded
  Loaded fine_geo: torch.Size([182, 128, 68, 120])
  Loaded coarse_sem: torch.Size([182, 128, 68, 120])
  Loaded summary: torch.Size([182, 2560])
  [test] 182 samples loaded
Translation norm: mean=[13.19548    -0.64731836 23.103329  ], std=[10.827089    0.94348246  9.766839  ]
  Feature dim after pooling: 7936
Model parameters: 18,905,610

Pre-computing pooled features (OOM-safe mode)...
  Pre-computed pooled features: torch.Size([895, 7936]) (28.4 MB)
  Pre-computed pooled features: torch.Size([182, 7936]) (5.8 MB)
  GPU memory freed. Training with pre-pooled features (7936d)
Model parameters: 18,905,610
[    1/5000] loss=2.6562 (t=0.5935 r=2.0628 beta=1.00) | val: 33.17deg/22564mm | 0.7s
[  100/5000] loss=0.0639 (t=0.0225 r=0.0449 beta=0.92) | val: 2.34deg/1742mm | 4.8s
[  200/5000] loss=0.0413 (t=0.0129 r=0.0325 beta=0.87) | val: 1.89deg/1563mm | 7.1s
[  300/5000] loss=0.0322 (t=0.0076 r=0.0295 beta=0.83) | val: 1.65deg/1554mm | 7.7s
[  400/5000] loss=0.0263 (t=0.0057 r=0.0259 beta=0.80) | val: 1.93deg/1850mm | 8.2s
[  500/5000] loss=0.0219 (t=0.0047 r=0.0225 beta=0.76) | val: 1.92deg/1621mm | 8.8s
[  600/5000] loss=0.0206 (t=0.0044 r=0.0221 beta=0.73) | val: 1.60deg/1328mm | 9.7s
[  700/5000] loss=0.0178 (t=0.0034 r=0.0205 beta=0.70) | val: 1.80deg/1499mm | 10.3s
[  800/5000] loss=0.0172 (t=0.0035 r=0.0205 beta=0.67) | val: 1.90deg/1409mm | 10.8s
[  900/5000] loss=0.0158 (t=0.0030 r=0.0199 beta=0.64) | val: 1.60deg/1445mm | 11.4s
[ 1000/5000] loss=0.0145 (t=0.0028 r=0.0190 beta=0.62) | val: 1.72deg/1441mm | 11.9s
[ 1100/5000] loss=0.0133 (t=0.0025 r=0.0181 beta=0.59) | val: 1.69deg/1512mm | 12.5s
[ 1200/5000] loss=0.0129 (t=0.0027 r=0.0180 beta=0.57) | val: 1.76deg/1526mm | 13.0s
[ 1300/5000] loss=0.0126 (t=0.0026 r=0.0182 beta=0.55) | val: 1.77deg/1623mm | 13.5s
[ 1400/5000] loss=0.0117 (t=0.0024 r=0.0174 beta=0.53) | val: 1.79deg/1682mm | 14.1s
[ 1500/5000] loss=0.0111 (t=0.0022 r=0.0174 beta=0.51) | val: 1.62deg/1552mm | 14.6s
[ 1600/5000] loss=0.0106 (t=0.0021 r=0.0171 beta=0.49) | val: 1.67deg/1644mm | 15.2s
[ 1700/5000] loss=0.0101 (t=0.0022 r=0.0166 beta=0.48) | val: 1.75deg/1651mm | 15.7s
[ 1800/5000] loss=0.0095 (t=0.0020 r=0.0160 beta=0.46) | val: 1.72deg/1614mm | 16.2s
[ 1900/5000] loss=0.0096 (t=0.0021 r=0.0166 beta=0.45) | val: 1.69deg/1654mm | 16.8s
[ 2000/5000] loss=0.0091 (t=0.0020 r=0.0163 beta=0.43) | val: 1.83deg/1644mm | 17.3s
[ 2100/5000] loss=0.0088 (t=0.0022 r=0.0157 beta=0.42) | val: 1.77deg/1670mm | 17.9s
[ 2200/5000] loss=0.0085 (t=0.0019 r=0.0161 beta=0.41) | val: 1.69deg/1741mm | 18.4s
[ 2300/5000] loss=0.0081 (t=0.0019 r=0.0155 beta=0.40) | val: 1.71deg/1657mm | 19.0s
[ 2400/5000] loss=0.0080 (t=0.0019 r=0.0156 beta=0.39) | val: 1.75deg/1635mm | 19.5s
[ 2500/5000] loss=0.0077 (t=0.0019 r=0.0152 beta=0.38) | val: 1.72deg/1620mm | 20.0s
[ 2600/5000] loss=0.0073 (t=0.0017 r=0.0150 beta=0.37) | val: 1.75deg/1664mm | 20.6s
[ 2700/5000] loss=0.0073 (t=0.0018 r=0.0150 beta=0.36) | val: 1.82deg/1729mm | 21.1s
[ 2800/5000] loss=0.0071 (t=0.0017 r=0.0151 beta=0.36) | val: 1.84deg/1816mm | 21.7s
[ 2900/5000] loss=0.0069 (t=0.0016 r=0.0151 beta=0.35) | val: 1.88deg/1767mm | 22.2s
[ 3000/5000] loss=0.0068 (t=0.0016 r=0.0150 beta=0.34) | val: 1.89deg/1819mm | 22.8s
[ 3100/5000] loss=0.0067 (t=0.0017 r=0.0149 beta=0.34) | val: 1.79deg/1698mm | 23.3s
[ 3200/5000] loss=0.0068 (t=0.0017 r=0.0152 beta=0.33) | val: 1.84deg/1798mm | 23.9s
[ 3300/5000] loss=0.0064 (t=0.0016 r=0.0148 beta=0.33) | val: 1.85deg/1854mm | 24.4s
[ 3400/5000] loss=0.0062 (t=0.0015 r=0.0145 beta=0.32) | val: 1.81deg/1784mm | 25.0s
[ 3500/5000] loss=0.0063 (t=0.0016 r=0.0145 beta=0.32) | val: 1.92deg/1810mm | 25.5s
[ 3600/5000] loss=0.0062 (t=0.0016 r=0.0143 beta=0.32) | val: 1.89deg/1807mm | 26.1s
[ 3700/5000] loss=0.0062 (t=0.0016 r=0.0147 beta=0.31) | val: 1.91deg/1842mm | 26.6s
[ 3800/5000] loss=0.0059 (t=0.0016 r=0.0139 beta=0.31) | val: 1.87deg/1777mm | 27.2s
[ 3900/5000] loss=0.0059 (t=0.0015 r=0.0140 beta=0.31) | val: 1.88deg/1870mm | 27.8s
[ 4000/5000] loss=0.0061 (t=0.0016 r=0.0147 beta=0.31) | val: 1.92deg/1796mm | 28.3s
[ 4100/5000] loss=0.0058 (t=0.0015 r=0.0142 beta=0.30) | val: 1.87deg/1845mm | 28.9s
[ 4200/5000] loss=0.0057 (t=0.0015 r=0.0140 beta=0.30) | val: 1.97deg/1841mm | 29.4s
[ 4300/5000] loss=0.0058 (t=0.0015 r=0.0141 beta=0.30) | val: 1.88deg/1800mm | 30.0s
[ 4400/5000] loss=0.0058 (t=0.0016 r=0.0141 beta=0.30) | val: 1.89deg/1763mm | 30.5s
[ 4500/5000] loss=0.0058 (t=0.0016 r=0.0143 beta=0.30) | val: 1.89deg/1795mm | 31.0s
[ 4600/5000] loss=0.0057 (t=0.0016 r=0.0138 beta=0.30) | val: 1.87deg/1819mm | 31.6s
[ 4700/5000] loss=0.0056 (t=0.0014 r=0.0139 beta=0.30) | val: 1.88deg/1796mm | 32.2s
[ 4800/5000] loss=0.0057 (t=0.0015 r=0.0139 beta=0.30) | val: 1.89deg/1809mm | 32.7s
[ 4900/5000] loss=0.0058 (t=0.0015 r=0.0143 beta=0.30) | val: 1.89deg/1814mm | 33.4s
[ 5000/5000] loss=0.0055 (t=0.0014 r=0.0137 beta=0.30) | val: 1.88deg/1826mm | 33.9s

Training done. Best epoch: 590, score: 1.4799

Loaded best model from epoch 590

======================================================================
EVALUATION RESULTS (Direct Regression)
======================================================================
Rotation  (median): 1.55deg
Translation (median): 1330mm

  R@5deg_1m: 35.2%  (rot_pass=94.5%, trans_pass=36.3%)
  R@10deg_2m: 68.7%  (rot_pass=99.5%, trans_pass=69.2%)
  R@15deg_5m: 92.9%  (rot_pass=100.0%, trans_pass=92.9%)
  R@25deg_5m: 92.9%  (rot_pass=100.0%, trans_pass=92.9%)

======================================================================
EVALUATION RESULTS (Retrieval Mode)
======================================================================
Retrieval median: 11.77deg / 2384mm
  R@5deg_1m: 2.7%  (rot=6.6%, trans=22.0%)
  R@10deg_2m: 19.8%  (rot=42.3%, trans=43.4%)
  R@15deg_5m: 56.0%  (rot=69.8%, trans=86.3%)
  R@25deg_5m: 81.9%  (rot=95.6%, trans=86.3%)
======================================================================

Done!
--- exp20_128d_seed36 done ---

=== exp20_128d_seed37 ===
======================================================================
Experiment: exp20_128d_seed37
Pool: spp, Features: both+sum
======================================================================
Random seed: 37
Using device: cuda:5

Loading data (fine=True, coarse=True, summary=True)...
  Loaded fine_geo: torch.Size([895, 128, 68, 120])
  Loaded coarse_sem: torch.Size([895, 128, 68, 120])
  Loaded summary: torch.Size([895, 2560])
  [train] 895 samples loaded
  Loaded fine_geo: torch.Size([182, 128, 68, 120])
  Loaded coarse_sem: torch.Size([182, 128, 68, 120])
  Loaded summary: torch.Size([182, 2560])
  [test] 182 samples loaded
Translation norm: mean=[13.19548    -0.64731836 23.103329  ], std=[10.827089    0.94348246  9.766839  ]
  Feature dim after pooling: 7936
Model parameters: 18,905,610

Pre-computing pooled features (OOM-safe mode)...
  Pre-computed pooled features: torch.Size([895, 7936]) (28.4 MB)
  Pre-computed pooled features: torch.Size([182, 7936]) (5.8 MB)
  GPU memory freed. Training with pre-pooled features (7936d)
Model parameters: 18,905,610
[    1/5000] loss=2.4408 (t=0.5454 r=1.8954 beta=1.00) | val: 40.92deg/18089mm | 0.2s
[  100/5000] loss=0.0603 (t=0.0205 r=0.0431 beta=0.92) | val: 2.20deg/1665mm | 4.2s
[  200/5000] loss=0.0388 (t=0.0118 r=0.0308 beta=0.88) | val: 2.03deg/1527mm | 5.4s
[  300/5000] loss=0.0304 (t=0.0072 r=0.0278 beta=0.84) | val: 1.83deg/1419mm | 6.3s
[  400/5000] loss=0.0247 (t=0.0053 r=0.0242 beta=0.80) | val: 1.86deg/1475mm | 7.2s
[  500/5000] loss=0.0204 (t=0.0040 r=0.0216 beta=0.76) | val: 1.68deg/1492mm | 8.1s
[  600/5000] loss=0.0195 (t=0.0037 r=0.0216 beta=0.73) | val: 1.63deg/1498mm | 8.7s
[  700/5000] loss=0.0172 (t=0.0034 r=0.0197 beta=0.70) | val: 1.83deg/1522mm | 9.2s
[  800/5000] loss=0.0166 (t=0.0033 r=0.0199 beta=0.67) | val: 1.91deg/1503mm | 10.1s
[  900/5000] loss=0.0164 (t=0.0032 r=0.0205 beta=0.64) | val: 1.93deg/1646mm | 10.7s
[ 1000/5000] loss=0.0147 (t=0.0028 r=0.0193 beta=0.62) | val: 1.64deg/1445mm | 11.2s
[ 1100/5000] loss=0.0135 (t=0.0026 r=0.0184 beta=0.59) | val: 1.70deg/1581mm | 11.8s
[ 1200/5000] loss=0.0126 (t=0.0025 r=0.0177 beta=0.57) | val: 1.72deg/1642mm | 12.3s
[ 1300/5000] loss=0.0125 (t=0.0026 r=0.0181 beta=0.55) | val: 1.83deg/1506mm | 12.9s
[ 1400/5000] loss=0.0115 (t=0.0024 r=0.0174 beta=0.53) | val: 1.76deg/1630mm | 13.4s
[ 1500/5000] loss=0.0110 (t=0.0022 r=0.0173 beta=0.51) | val: 1.62deg/1441mm | 13.9s
[ 1600/5000] loss=0.0102 (t=0.0021 r=0.0165 beta=0.49) | val: 1.64deg/1653mm | 14.5s
[ 1700/5000] loss=0.0103 (t=0.0022 r=0.0170 beta=0.48) | val: 1.76deg/1547mm | 15.0s
[ 1800/5000] loss=0.0098 (t=0.0022 r=0.0166 beta=0.46) | val: 1.70deg/1588mm | 15.6s
[ 1900/5000] loss=0.0090 (t=0.0020 r=0.0156 beta=0.45) | val: 1.64deg/1697mm | 16.1s
[ 2000/5000] loss=0.0087 (t=0.0018 r=0.0157 beta=0.43) | val: 1.72deg/1662mm | 16.6s
[ 2100/5000] loss=0.0085 (t=0.0020 r=0.0155 beta=0.42) | val: 1.69deg/1682mm | 17.2s
[ 2200/5000] loss=0.0083 (t=0.0020 r=0.0154 beta=0.41) | val: 1.67deg/1638mm | 17.7s
[ 2300/5000] loss=0.0080 (t=0.0019 r=0.0153 beta=0.40) | val: 1.77deg/1771mm | 18.3s
[ 2400/5000] loss=0.0079 (t=0.0019 r=0.0155 beta=0.39) | val: 1.80deg/1674mm | 18.8s
[ 2500/5000] loss=0.0079 (t=0.0020 r=0.0155 beta=0.38) | val: 1.80deg/1740mm | 19.4s
[ 2600/5000] loss=0.0073 (t=0.0019 r=0.0147 beta=0.37) | val: 1.75deg/1618mm | 19.9s
[ 2700/5000] loss=0.0073 (t=0.0018 r=0.0153 beta=0.36) | val: 1.74deg/1731mm | 20.5s
[ 2800/5000] loss=0.0072 (t=0.0018 r=0.0153 beta=0.35) | val: 1.79deg/1690mm | 21.0s
[ 2900/5000] loss=0.0070 (t=0.0019 r=0.0149 beta=0.35) | val: 1.93deg/1739mm | 21.5s
[ 3000/5000] loss=0.0068 (t=0.0017 r=0.0149 beta=0.34) | val: 1.79deg/1704mm | 22.1s
[ 3100/5000] loss=0.0071 (t=0.0019 r=0.0153 beta=0.34) | val: 1.74deg/1772mm | 22.6s
[ 3200/5000] loss=0.0066 (t=0.0017 r=0.0150 beta=0.33) | val: 1.78deg/1907mm | 23.2s
[ 3300/5000] loss=0.0063 (t=0.0017 r=0.0143 beta=0.33) | val: 1.77deg/1775mm | 23.7s
[ 3400/5000] loss=0.0064 (t=0.0016 r=0.0148 beta=0.32) | val: 1.87deg/1823mm | 24.2s
[ 3500/5000] loss=0.0061 (t=0.0015 r=0.0145 beta=0.32) | val: 1.77deg/1839mm | 24.8s
[ 3600/5000] loss=0.0060 (t=0.0016 r=0.0140 beta=0.31) | val: 1.83deg/1735mm | 25.3s
[ 3700/5000] loss=0.0061 (t=0.0016 r=0.0144 beta=0.31) | val: 1.80deg/1676mm | 25.9s
[ 3800/5000] loss=0.0061 (t=0.0016 r=0.0146 beta=0.31) | val: 1.83deg/1786mm | 26.4s
[ 3900/5000] loss=0.0059 (t=0.0015 r=0.0144 beta=0.31) | val: 1.81deg/1852mm | 27.0s
[ 4000/5000] loss=0.0057 (t=0.0015 r=0.0137 beta=0.30) | val: 1.81deg/1752mm | 27.5s
[ 4100/5000] loss=0.0060 (t=0.0015 r=0.0146 beta=0.30) | val: 1.85deg/1787mm | 28.1s
[ 4200/5000] loss=0.0059 (t=0.0016 r=0.0143 beta=0.30) | val: 1.79deg/1745mm | 28.6s
[ 4300/5000] loss=0.0057 (t=0.0016 r=0.0139 beta=0.30) | val: 1.81deg/1747mm | 29.2s
[ 4400/5000] loss=0.0056 (t=0.0015 r=0.0139 beta=0.30) | val: 1.84deg/1840mm | 29.7s
[ 4500/5000] loss=0.0057 (t=0.0015 r=0.0141 beta=0.30) | val: 1.86deg/1762mm | 30.3s
[ 4600/5000] loss=0.0056 (t=0.0014 r=0.0139 beta=0.30) | val: 1.81deg/1758mm | 30.8s
[ 4700/5000] loss=0.0057 (t=0.0015 r=0.0140 beta=0.30) | val: 1.86deg/1775mm | 31.4s
[ 4800/5000] loss=0.0058 (t=0.0016 r=0.0142 beta=0.30) | val: 1.84deg/1778mm | 32.0s
[ 4900/5000] loss=0.0057 (t=0.0015 r=0.0142 beta=0.30) | val: 1.83deg/1769mm | 32.6s
[ 5000/5000] loss=0.0058 (t=0.0016 r=0.0142 beta=0.30) | val: 1.84deg/1773mm | 33.2s

Training done. Best epoch: 730, score: 1.4898

Loaded best model from epoch 730

======================================================================
EVALUATION RESULTS (Direct Regression)
======================================================================
Rotation  (median): 1.67deg
Translation (median): 1328mm

  R@5deg_1m: 35.2%  (rot_pass=92.9%, trans_pass=36.3%)
  R@10deg_2m: 68.7%  (rot_pass=99.5%, trans_pass=69.2%)
  R@15deg_5m: 91.2%  (rot_pass=100.0%, trans_pass=91.2%)
  R@25deg_5m: 91.2%  (rot_pass=100.0%, trans_pass=91.2%)

======================================================================
EVALUATION RESULTS (Retrieval Mode)
======================================================================
Retrieval median: 11.41deg / 2447mm
  R@5deg_1m: 2.2%  (rot=5.5%, trans=21.4%)
  R@10deg_2m: 19.2%  (rot=44.0%, trans=43.4%)
  R@15deg_5m: 56.0%  (rot=68.7%, trans=86.8%)
  R@25deg_5m: 83.0%  (rot=95.6%, trans=86.8%)
======================================================================

Done!
--- exp20_128d_seed37 done ---

=== exp20_128d_seed38 ===
======================================================================
Experiment: exp20_128d_seed38
Pool: spp, Features: both+sum
======================================================================
Random seed: 38
Using device: cuda:5

Loading data (fine=True, coarse=True, summary=True)...
  Loaded fine_geo: torch.Size([895, 128, 68, 120])
  Loaded coarse_sem: torch.Size([895, 128, 68, 120])
  Loaded summary: torch.Size([895, 2560])
  [train] 895 samples loaded
  Loaded fine_geo: torch.Size([182, 128, 68, 120])
  Loaded coarse_sem: torch.Size([182, 128, 68, 120])
  Loaded summary: torch.Size([182, 2560])
  [test] 182 samples loaded
Translation norm: mean=[13.19548    -0.64731836 23.103329  ], std=[10.827089    0.94348246  9.766839  ]
  Feature dim after pooling: 7936
Model parameters: 18,905,610

Pre-computing pooled features (OOM-safe mode)...
  Pre-computed pooled features: torch.Size([895, 7936]) (28.4 MB)
  Pre-computed pooled features: torch.Size([182, 7936]) (5.8 MB)
  GPU memory freed. Training with pre-pooled features (7936d)
Model parameters: 18,905,610
[    1/5000] loss=2.2079 (t=0.6308 r=1.5771 beta=1.00) | val: 26.93deg/17482mm | 0.2s
[  100/5000] loss=0.0630 (t=0.0224 r=0.0440 beta=0.92) | val: 2.59deg/1740mm | 3.9s
[  200/5000] loss=0.0401 (t=0.0125 r=0.0315 beta=0.88) | val: 1.95deg/1479mm | 5.9s
[  300/5000] loss=0.0305 (t=0.0081 r=0.0267 beta=0.84) | val: 1.91deg/1747mm | 6.4s
[  400/5000] loss=0.0253 (t=0.0054 r=0.0247 beta=0.80) | val: 1.92deg/1654mm | 7.0s
[  500/5000] loss=0.0220 (t=0.0045 r=0.0226 beta=0.77) | val: 1.90deg/1643mm | 7.6s
[  600/5000] loss=0.0204 (t=0.0042 r=0.0219 beta=0.74) | val: 1.93deg/1638mm | 8.5s
[  700/5000] loss=0.0180 (t=0.0035 r=0.0205 beta=0.71) | val: 1.60deg/1434mm | 9.0s
[  800/5000] loss=0.0175 (t=0.0034 r=0.0207 beta=0.68) | val: 1.75deg/1750mm | 9.9s
[  900/5000] loss=0.0157 (t=0.0030 r=0.0193 beta=0.65) | val: 1.62deg/1607mm | 10.5s
[ 1000/5000] loss=0.0148 (t=0.0031 r=0.0188 beta=0.63) | val: 1.70deg/1592mm | 11.0s
[ 1100/5000] loss=0.0138 (t=0.0028 r=0.0183 beta=0.60) | val: 1.72deg/1640mm | 11.5s
[ 1200/5000] loss=0.0134 (t=0.0028 r=0.0182 beta=0.58) | val: 1.75deg/1631mm | 12.1s
[ 1300/5000] loss=0.0126 (t=0.0024 r=0.0182 beta=0.56) | val: 1.87deg/1612mm | 13.0s
[ 1400/5000] loss=0.0116 (t=0.0024 r=0.0171 beta=0.54) | val: 1.68deg/1530mm | 13.6s
[ 1500/5000] loss=0.0120 (t=0.0027 r=0.0178 beta=0.52) | val: 1.67deg/1629mm | 14.1s
[ 1600/5000] loss=0.0106 (t=0.0023 r=0.0165 beta=0.50) | val: 1.68deg/1644mm | 14.6s
[ 1700/5000] loss=0.0100 (t=0.0022 r=0.0159 beta=0.49) | val: 1.89deg/1769mm | 15.2s
[ 1800/5000] loss=0.0098 (t=0.0020 r=0.0164 beta=0.47) | val: 1.81deg/1657mm | 15.7s
[ 1900/5000] loss=0.0095 (t=0.0022 r=0.0160 beta=0.46) | val: 1.78deg/1738mm | 16.3s
[ 2000/5000] loss=0.0090 (t=0.0021 r=0.0157 beta=0.45) | val: 1.86deg/1558mm | 16.8s
[ 2100/5000] loss=0.0090 (t=0.0021 r=0.0161 beta=0.43) | val: 1.91deg/1690mm | 17.4s
[ 2200/5000] loss=0.0084 (t=0.0019 r=0.0156 beta=0.42) | val: 1.76deg/1849mm | 17.9s
[ 2300/5000] loss=0.0082 (t=0.0019 r=0.0155 beta=0.41) | val: 1.87deg/1646mm | 18.4s
[ 2400/5000] loss=0.0079 (t=0.0019 r=0.0151 beta=0.40) | val: 2.05deg/1831mm | 19.0s
[ 2500/5000] loss=0.0079 (t=0.0018 r=0.0156 beta=0.39) | val: 1.86deg/1836mm | 19.5s
[ 2600/5000] loss=0.0076 (t=0.0019 r=0.0150 beta=0.38) | val: 1.95deg/1722mm | 20.1s
[ 2700/5000] loss=0.0075 (t=0.0018 r=0.0152 beta=0.37) | val: 1.94deg/1775mm | 20.6s
[ 2800/5000] loss=0.0073 (t=0.0017 r=0.0152 beta=0.37) | val: 1.85deg/1754mm | 21.1s
[ 2900/5000] loss=0.0069 (t=0.0017 r=0.0145 beta=0.36) | val: 1.97deg/1780mm | 21.7s
[ 3000/5000] loss=0.0069 (t=0.0017 r=0.0147 beta=0.35) | val: 1.98deg/1772mm | 22.2s
[ 3100/5000] loss=0.0066 (t=0.0017 r=0.0144 beta=0.35) | val: 2.02deg/1700mm | 22.8s
[ 3200/5000] loss=0.0067 (t=0.0017 r=0.0147 beta=0.34) | val: 1.91deg/1745mm | 23.3s
[ 3300/5000] loss=0.0067 (t=0.0018 r=0.0147 beta=0.34) | val: 2.12deg/1827mm | 23.9s
[ 3400/5000] loss=0.0065 (t=0.0017 r=0.0146 beta=0.33) | val: 1.97deg/1581mm | 24.5s
[ 3500/5000] loss=0.0062 (t=0.0016 r=0.0142 beta=0.33) | val: 2.08deg/1803mm | 25.1s
[ 3600/5000] loss=0.0065 (t=0.0018 r=0.0147 beta=0.32) | val: 1.95deg/1727mm | 25.8s
[ 3700/5000] loss=0.0062 (t=0.0016 r=0.0145 beta=0.32) | val: 1.96deg/1717mm | 26.3s
[ 3800/5000] loss=0.0064 (t=0.0017 r=0.0147 beta=0.32) | val: 2.08deg/1737mm | 26.8s
[ 3900/5000] loss=0.0061 (t=0.0016 r=0.0143 beta=0.32) | val: 1.97deg/1796mm | 27.4s
[ 4000/5000] loss=0.0061 (t=0.0015 r=0.0147 beta=0.31) | val: 1.94deg/1758mm | 27.9s
[ 4100/5000] loss=0.0060 (t=0.0016 r=0.0140 beta=0.31) | val: 1.93deg/1905mm | 28.4s
[ 4200/5000] loss=0.0059 (t=0.0015 r=0.0141 beta=0.31) | val: 1.90deg/1773mm | 29.0s
[ 4300/5000] loss=0.0059 (t=0.0016 r=0.0138 beta=0.31) | val: 2.07deg/1785mm | 29.5s
[ 4400/5000] loss=0.0059 (t=0.0015 r=0.0144 beta=0.31) | val: 1.97deg/1789mm | 30.1s
[ 4500/5000] loss=0.0057 (t=0.0014 r=0.0139 beta=0.31) | val: 2.00deg/1746mm | 30.7s
[ 4600/5000] loss=0.0057 (t=0.0015 r=0.0136 beta=0.31) | val: 1.99deg/1798mm | 31.2s
[ 4700/5000] loss=0.0058 (t=0.0016 r=0.0138 beta=0.31) | val: 1.95deg/1810mm | 31.8s
[ 4800/5000] loss=0.0059 (t=0.0016 r=0.0142 beta=0.31) | val: 1.99deg/1781mm | 32.3s
[ 4900/5000] loss=0.0057 (t=0.0015 r=0.0136 beta=0.31) | val: 2.01deg/1799mm | 32.9s
[ 5000/5000] loss=0.0056 (t=0.0014 r=0.0136 beta=0.31) | val: 1.98deg/1800mm | 33.4s

Training done. Best epoch: 1220, score: 1.5881

Loaded best model from epoch 1220

======================================================================
EVALUATION RESULTS (Direct Regression)
======================================================================
Rotation  (median): 1.67deg
Translation (median): 1424mm

  R@5deg_1m: 30.2%  (rot_pass=93.4%, trans_pass=31.3%)
  R@10deg_2m: 66.5%  (rot_pass=99.5%, trans_pass=66.5%)
  R@15deg_5m: 91.8%  (rot_pass=100.0%, trans_pass=91.8%)
  R@25deg_5m: 91.8%  (rot_pass=100.0%, trans_pass=91.8%)

======================================================================
EVALUATION RESULTS (Retrieval Mode)
======================================================================
Retrieval median: 11.49deg / 2441mm
  R@5deg_1m: 2.2%  (rot=4.4%, trans=18.7%)
  R@10deg_2m: 18.1%  (rot=40.7%, trans=43.4%)
  R@15deg_5m: 57.1%  (rot=72.0%, trans=84.6%)
  R@25deg_5m: 81.9%  (rot=97.3%, trans=84.6%)
======================================================================

Done!
--- exp20_128d_seed38 done ---

=== exp20_128d_seed39 ===
======================================================================
Experiment: exp20_128d_seed39
Pool: spp, Features: both+sum
======================================================================
Random seed: 39
Using device: cuda:5

Loading data (fine=True, coarse=True, summary=True)...
  Loaded fine_geo: torch.Size([895, 128, 68, 120])
  Loaded coarse_sem: torch.Size([895, 128, 68, 120])
  Loaded summary: torch.Size([895, 2560])
  [train] 895 samples loaded
  Loaded fine_geo: torch.Size([182, 128, 68, 120])
  Loaded coarse_sem: torch.Size([182, 128, 68, 120])
  Loaded summary: torch.Size([182, 2560])
  [test] 182 samples loaded
Translation norm: mean=[13.19548    -0.64731836 23.103329  ], std=[10.827089    0.94348246  9.766839  ]
  Feature dim after pooling: 7936
Model parameters: 18,905,610

Pre-computing pooled features (OOM-safe mode)...
  Pre-computed pooled features: torch.Size([895, 7936]) (28.4 MB)
  Pre-computed pooled features: torch.Size([182, 7936]) (5.8 MB)
  GPU memory freed. Training with pre-pooled features (7936d)
Model parameters: 18,905,610
[    1/5000] loss=2.9387 (t=0.5585 r=2.3802 beta=1.00) | val: 66.30deg/18609mm | 0.2s
[  100/5000] loss=0.0643 (t=0.0222 r=0.0455 beta=0.92) | val: 2.11deg/1481mm | 4.2s
[  200/5000] loss=0.0404 (t=0.0117 r=0.0327 beta=0.88) | val: 1.61deg/1606mm | 5.5s
[  300/5000] loss=0.0309 (t=0.0077 r=0.0276 beta=0.84) | val: 1.90deg/1774mm | 6.0s
[  400/5000] loss=0.0243 (t=0.0054 r=0.0235 beta=0.80) | val: 1.91deg/1579mm | 6.6s
[  500/5000] loss=0.0225 (t=0.0050 r=0.0228 beta=0.77) | val: 1.62deg/1521mm | 7.9s
[  600/5000] loss=0.0194 (t=0.0039 r=0.0211 beta=0.74) | val: 1.59deg/1493mm | 8.4s
[  700/5000] loss=0.0185 (t=0.0038 r=0.0209 beta=0.71) | val: 1.56deg/1533mm | 9.0s
[  800/5000] loss=0.0169 (t=0.0031 r=0.0204 beta=0.68) | val: 1.75deg/1588mm | 9.6s
[  900/5000] loss=0.0155 (t=0.0031 r=0.0192 beta=0.65) | val: 1.71deg/1438mm | 10.5s
[ 1000/5000] loss=0.0147 (t=0.0027 r=0.0192 beta=0.62) | val: 1.73deg/1559mm | 11.1s
[ 1100/5000] loss=0.0138 (t=0.0030 r=0.0181 beta=0.60) | val: 1.66deg/1579mm | 11.6s
[ 1200/5000] loss=0.0130 (t=0.0026 r=0.0179 beta=0.58) | val: 1.79deg/1461mm | 12.2s
[ 1300/5000] loss=0.0124 (t=0.0024 r=0.0179 beta=0.56) | val: 1.55deg/1568mm | 12.7s
[ 1400/5000] loss=0.0118 (t=0.0023 r=0.0177 beta=0.54) | val: 1.63deg/1582mm | 13.3s
[ 1500/5000] loss=0.0110 (t=0.0024 r=0.0167 beta=0.52) | val: 1.66deg/1632mm | 13.8s
[ 1600/5000] loss=0.0110 (t=0.0022 r=0.0176 beta=0.50) | val: 1.66deg/1613mm | 14.4s
[ 1700/5000] loss=0.0102 (t=0.0022 r=0.0166 beta=0.48) | val: 1.76deg/1573mm | 14.9s
[ 1800/5000] loss=0.0096 (t=0.0021 r=0.0160 beta=0.47) | val: 1.76deg/1569mm | 15.5s
[ 1900/5000] loss=0.0099 (t=0.0021 r=0.0172 beta=0.45) | val: 1.70deg/1563mm | 16.4s
[ 2000/5000] loss=0.0093 (t=0.0021 r=0.0164 beta=0.44) | val: 1.72deg/1593mm | 16.9s
[ 2100/5000] loss=0.0088 (t=0.0020 r=0.0159 beta=0.43) | val: 1.62deg/1618mm | 17.5s
[ 2200/5000] loss=0.0085 (t=0.0021 r=0.0153 beta=0.42) | val: 1.66deg/1567mm | 18.1s
[ 2300/5000] loss=0.0082 (t=0.0018 r=0.0158 beta=0.41) | val: 1.74deg/1541mm | 18.6s
[ 2400/5000] loss=0.0083 (t=0.0020 r=0.0157 beta=0.40) | val: 1.77deg/1642mm | 19.2s
[ 2500/5000] loss=0.0080 (t=0.0019 r=0.0159 beta=0.39) | val: 1.75deg/1779mm | 19.8s
[ 2600/5000] loss=0.0076 (t=0.0018 r=0.0152 beta=0.38) | val: 1.71deg/1671mm | 20.3s
[ 2700/5000] loss=0.0074 (t=0.0019 r=0.0149 beta=0.37) | val: 1.75deg/1702mm | 20.9s
[ 2800/5000] loss=0.0073 (t=0.0017 r=0.0154 beta=0.36) | val: 1.81deg/1670mm | 21.4s
[ 2900/5000] loss=0.0069 (t=0.0017 r=0.0146 beta=0.36) | val: 1.76deg/1672mm | 22.0s
[ 3000/5000] loss=0.0068 (t=0.0016 r=0.0148 beta=0.35) | val: 1.71deg/1583mm | 22.6s
[ 3100/5000] loss=0.0066 (t=0.0016 r=0.0145 beta=0.34) | val: 1.75deg/1669mm | 23.2s
[ 3200/5000] loss=0.0067 (t=0.0017 r=0.0147 beta=0.34) | val: 1.74deg/1694mm | 23.8s
[ 3300/5000] loss=0.0066 (t=0.0017 r=0.0147 beta=0.33) | val: 1.76deg/1729mm | 24.4s
[ 3400/5000] loss=0.0064 (t=0.0016 r=0.0146 beta=0.33) | val: 1.75deg/1695mm | 25.0s
[ 3500/5000] loss=0.0063 (t=0.0016 r=0.0144 beta=0.32) | val: 1.79deg/1739mm | 25.6s
[ 3600/5000] loss=0.0062 (t=0.0016 r=0.0143 beta=0.32) | val: 1.78deg/1884mm | 26.2s
[ 3700/5000] loss=0.0061 (t=0.0016 r=0.0142 beta=0.32) | val: 1.79deg/1802mm | 26.7s
[ 3800/5000] loss=0.0061 (t=0.0016 r=0.0142 beta=0.32) | val: 1.77deg/1786mm | 27.3s
[ 3900/5000] loss=0.0061 (t=0.0016 r=0.0143 beta=0.31) | val: 1.82deg/1783mm | 27.8s
[ 4000/5000] loss=0.0061 (t=0.0016 r=0.0144 beta=0.31) | val: 1.79deg/1769mm | 28.4s
[ 4100/5000] loss=0.0060 (t=0.0016 r=0.0143 beta=0.31) | val: 1.84deg/1874mm | 28.9s
[ 4200/5000] loss=0.0060 (t=0.0016 r=0.0142 beta=0.31) | val: 1.82deg/1782mm | 29.5s
[ 4300/5000] loss=0.0059 (t=0.0015 r=0.0145 beta=0.31) | val: 1.77deg/1843mm | 30.0s
[ 4400/5000] loss=0.0058 (t=0.0015 r=0.0140 beta=0.31) | val: 1.78deg/1801mm | 30.6s
[ 4500/5000] loss=0.0058 (t=0.0015 r=0.0139 beta=0.31) | val: 1.79deg/1825mm | 31.1s
[ 4600/5000] loss=0.0056 (t=0.0014 r=0.0138 beta=0.30) | val: 1.77deg/1828mm | 31.7s
[ 4700/5000] loss=0.0058 (t=0.0015 r=0.0139 beta=0.30) | val: 1.78deg/1740mm | 32.2s
[ 4800/5000] loss=0.0060 (t=0.0016 r=0.0143 beta=0.30) | val: 1.81deg/1844mm | 32.8s
[ 4900/5000] loss=0.0059 (t=0.0016 r=0.0141 beta=0.30) | val: 1.79deg/1809mm | 33.4s
[ 5000/5000] loss=0.0057 (t=0.0015 r=0.0138 beta=0.30) | val: 1.79deg/1826mm | 34.1s

Training done. Best epoch: 1850, score: 1.5380

Loaded best model from epoch 1850

======================================================================
EVALUATION RESULTS (Direct Regression)
======================================================================
Rotation  (median): 1.58deg
Translation (median): 1383mm

  R@5deg_1m: 35.2%  (rot_pass=92.3%, trans_pass=35.2%)
  R@10deg_2m: 67.0%  (rot_pass=99.5%, trans_pass=67.0%)
  R@15deg_5m: 92.3%  (rot_pass=100.0%, trans_pass=92.3%)
  R@25deg_5m: 92.3%  (rot_pass=100.0%, trans_pass=92.3%)

======================================================================
EVALUATION RESULTS (Retrieval Mode)
======================================================================
Retrieval median: 11.57deg / 2387mm
  R@5deg_1m: 2.7%  (rot=5.5%, trans=20.9%)
  R@10deg_2m: 18.7%  (rot=40.7%, trans=42.9%)
  R@15deg_5m: 58.2%  (rot=72.5%, trans=85.2%)
  R@25deg_5m: 81.3%  (rot=95.6%, trans=85.2%)
======================================================================

Done!
--- exp20_128d_seed39 done ---

=== exp20_128d_seed40 ===
======================================================================
Experiment: exp20_128d_seed40
Pool: spp, Features: both+sum
======================================================================
Random seed: 40
Using device: cuda:5

Loading data (fine=True, coarse=True, summary=True)...
  Loaded fine_geo: torch.Size([895, 128, 68, 120])
  Loaded coarse_sem: torch.Size([895, 128, 68, 120])
  Loaded summary: torch.Size([895, 2560])
  [train] 895 samples loaded
  Loaded fine_geo: torch.Size([182, 128, 68, 120])
  Loaded coarse_sem: torch.Size([182, 128, 68, 120])
  Loaded summary: torch.Size([182, 2560])
  [test] 182 samples loaded
Translation norm: mean=[13.19548    -0.64731836 23.103329  ], std=[10.827089    0.94348246  9.766839  ]
  Feature dim after pooling: 7936
Model parameters: 18,905,610

Pre-computing pooled features (OOM-safe mode)...
  Pre-computed pooled features: torch.Size([895, 7936]) (28.4 MB)
  Pre-computed pooled features: torch.Size([182, 7936]) (5.8 MB)
  GPU memory freed. Training with pre-pooled features (7936d)
Model parameters: 18,905,610
[    1/5000] loss=2.8873 (t=0.5673 r=2.3200 beta=1.00) | val: 33.92deg/19642mm | 0.2s
[  100/5000] loss=0.0659 (t=0.0224 r=0.0468 beta=0.93) | val: 2.50deg/1833mm | 4.1s
[  200/5000] loss=0.0395 (t=0.0119 r=0.0312 beta=0.89) | val: 2.08deg/1493mm | 5.8s
[  300/5000] loss=0.0299 (t=0.0067 r=0.0272 beta=0.85) | val: 1.97deg/1609mm | 6.8s
[  400/5000] loss=0.0244 (t=0.0055 r=0.0232 beta=0.82) | val: 1.93deg/1830mm | 8.1s
[  500/5000] loss=0.0227 (t=0.0044 r=0.0234 beta=0.78) | val: 1.91deg/1498mm | 9.0s
[  600/5000] loss=0.0201 (t=0.0040 r=0.0214 beta=0.75) | val: 1.83deg/1674mm | 9.5s
[  700/5000] loss=0.0192 (t=0.0037 r=0.0214 beta=0.72) | val: 1.89deg/1518mm | 10.1s
[  800/5000] loss=0.0175 (t=0.0033 r=0.0204 beta=0.69) | val: 1.76deg/1529mm | 10.6s
[  900/5000] loss=0.0158 (t=0.0030 r=0.0192 beta=0.67) | val: 1.73deg/1546mm | 11.1s
[ 1000/5000] loss=0.0150 (t=0.0031 r=0.0185 beta=0.64) | val: 1.80deg/1467mm | 11.7s
[ 1100/5000] loss=0.0136 (t=0.0028 r=0.0175 beta=0.62) | val: 1.77deg/1424mm | 12.2s
[ 1200/5000] loss=0.0138 (t=0.0028 r=0.0184 beta=0.60) | val: 1.71deg/1650mm | 12.8s
[ 1300/5000] loss=0.0128 (t=0.0023 r=0.0181 beta=0.58) | val: 1.73deg/1540mm | 13.3s
[ 1400/5000] loss=0.0122 (t=0.0024 r=0.0176 beta=0.56) | val: 1.76deg/1613mm | 13.9s
[ 1500/5000] loss=0.0114 (t=0.0022 r=0.0170 beta=0.54) | val: 1.70deg/1723mm | 14.4s
[ 1600/5000] loss=0.0111 (t=0.0022 r=0.0170 beta=0.52) | val: 1.71deg/1624mm | 15.0s
[ 1700/5000] loss=0.0104 (t=0.0023 r=0.0161 beta=0.50) | val: 1.74deg/1622mm | 15.9s
[ 1800/5000] loss=0.0100 (t=0.0022 r=0.0160 beta=0.49) | val: 1.74deg/1633mm | 16.4s
[ 1900/5000] loss=0.0097 (t=0.0020 r=0.0163 beta=0.47) | val: 1.72deg/1728mm | 17.0s
[ 2000/5000] loss=0.0094 (t=0.0021 r=0.0159 beta=0.46) | val: 1.83deg/1687mm | 17.5s
[ 2100/5000] loss=0.0088 (t=0.0019 r=0.0156 beta=0.45) | val: 1.71deg/1648mm | 18.1s
[ 2200/5000] loss=0.0089 (t=0.0019 r=0.0160 beta=0.44) | val: 1.86deg/1678mm | 18.6s
[ 2300/5000] loss=0.0087 (t=0.0020 r=0.0158 beta=0.42) | val: 1.83deg/1696mm | 19.2s
[ 2400/5000] loss=0.0083 (t=0.0020 r=0.0153 beta=0.41) | val: 1.81deg/1737mm | 19.7s
[ 2500/5000] loss=0.0078 (t=0.0018 r=0.0148 beta=0.40) | val: 1.76deg/1804mm | 20.3s
[ 2600/5000] loss=0.0079 (t=0.0018 r=0.0154 beta=0.40) | val: 1.80deg/1780mm | 20.8s
[ 2700/5000] loss=0.0075 (t=0.0017 r=0.0150 beta=0.39) | val: 1.81deg/1695mm | 21.4s
[ 2800/5000] loss=0.0074 (t=0.0016 r=0.0151 beta=0.38) | val: 1.81deg/1705mm | 21.9s
[ 2900/5000] loss=0.0072 (t=0.0018 r=0.0147 beta=0.37) | val: 1.78deg/1760mm | 22.5s
[ 3000/5000] loss=0.0072 (t=0.0017 r=0.0150 beta=0.37) | val: 1.90deg/1813mm | 23.0s
[ 3100/5000] loss=0.0071 (t=0.0017 r=0.0149 beta=0.36) | val: 1.80deg/1759mm | 23.5s
[ 3200/5000] loss=0.0068 (t=0.0016 r=0.0145 beta=0.35) | val: 1.82deg/1743mm | 24.1s
[ 3300/5000] loss=0.0068 (t=0.0017 r=0.0145 beta=0.35) | val: 1.84deg/1748mm | 24.6s
[ 3400/5000] loss=0.0066 (t=0.0016 r=0.0145 beta=0.34) | val: 1.79deg/1737mm | 25.2s
[ 3500/5000] loss=0.0064 (t=0.0016 r=0.0143 beta=0.34) | val: 1.86deg/1797mm | 25.7s
[ 3600/5000] loss=0.0064 (t=0.0016 r=0.0141 beta=0.34) | val: 1.88deg/1726mm | 26.4s
[ 3700/5000] loss=0.0064 (t=0.0016 r=0.0145 beta=0.33) | val: 1.89deg/1834mm | 27.0s
[ 3800/5000] loss=0.0063 (t=0.0016 r=0.0142 beta=0.33) | val: 1.94deg/1843mm | 27.6s
[ 3900/5000] loss=0.0062 (t=0.0015 r=0.0142 beta=0.33) | val: 1.89deg/1854mm | 28.1s
[ 4000/5000] loss=0.0062 (t=0.0016 r=0.0141 beta=0.33) | val: 1.85deg/1842mm | 28.6s
[ 4100/5000] loss=0.0063 (t=0.0016 r=0.0144 beta=0.32) | val: 1.87deg/1841mm | 29.2s
[ 4200/5000] loss=0.0061 (t=0.0015 r=0.0143 beta=0.32) | val: 1.88deg/1840mm | 29.7s
[ 4300/5000] loss=0.0061 (t=0.0015 r=0.0143 beta=0.32) | val: 1.88deg/1843mm | 30.3s
[ 4400/5000] loss=0.0061 (t=0.0016 r=0.0140 beta=0.32) | val: 1.87deg/1873mm | 30.8s
[ 4500/5000] loss=0.0060 (t=0.0014 r=0.0141 beta=0.32) | val: 1.89deg/1846mm | 31.4s
[ 4600/5000] loss=0.0059 (t=0.0015 r=0.0135 beta=0.32) | val: 1.91deg/1880mm | 31.9s
[ 4700/5000] loss=0.0059 (t=0.0015 r=0.0139 beta=0.32) | val: 1.90deg/1893mm | 32.5s
[ 4800/5000] loss=0.0060 (t=0.0015 r=0.0141 beta=0.32) | val: 1.86deg/1875mm | 33.1s
[ 4900/5000] loss=0.0061 (t=0.0016 r=0.0140 beta=0.32) | val: 1.89deg/1875mm | 33.6s
[ 5000/5000] loss=0.0058 (t=0.0015 r=0.0135 beta=0.32) | val: 1.90deg/1884mm | 34.2s

Training done. Best epoch: 1680, score: 1.5355

Loaded best model from epoch 1680

======================================================================
EVALUATION RESULTS (Direct Regression)
======================================================================
Rotation  (median): 1.62deg
Translation (median): 1381mm

  R@5deg_1m: 35.2%  (rot_pass=91.8%, trans_pass=35.2%)
  R@10deg_2m: 64.8%  (rot_pass=98.9%, trans_pass=65.4%)
  R@15deg_5m: 92.3%  (rot_pass=100.0%, trans_pass=92.3%)
  R@25deg_5m: 92.3%  (rot_pass=100.0%, trans_pass=92.3%)

======================================================================
EVALUATION RESULTS (Retrieval Mode)
======================================================================
Retrieval median: 11.65deg / 2375mm
  R@5deg_1m: 2.2%  (rot=5.5%, trans=20.3%)
  R@10deg_2m: 18.1%  (rot=40.7%, trans=41.2%)
  R@15deg_5m: 54.9%  (rot=69.8%, trans=84.1%)
  R@25deg_5m: 79.1%  (rot=95.1%, trans=84.1%)
======================================================================

Done!
--- exp20_128d_seed40 done ---

=== exp20_128d_seed41 ===
======================================================================
Experiment: exp20_128d_seed41
Pool: spp, Features: both+sum
======================================================================
Random seed: 41
Using device: cuda:5

Loading data (fine=True, coarse=True, summary=True)...
  Loaded fine_geo: torch.Size([895, 128, 68, 120])
  Loaded coarse_sem: torch.Size([895, 128, 68, 120])
  Loaded summary: torch.Size([895, 2560])
  [train] 895 samples loaded
  Loaded fine_geo: torch.Size([182, 128, 68, 120])
  Loaded coarse_sem: torch.Size([182, 128, 68, 120])
  Loaded summary: torch.Size([182, 2560])
  [test] 182 samples loaded
Translation norm: mean=[13.19548    -0.64731836 23.103329  ], std=[10.827089    0.94348246  9.766839  ]
  Feature dim after pooling: 7936
Model parameters: 18,905,610

Pre-computing pooled features (OOM-safe mode)...
  Pre-computed pooled features: torch.Size([895, 7936]) (28.4 MB)
  Pre-computed pooled features: torch.Size([182, 7936]) (5.8 MB)
  GPU memory freed. Training with pre-pooled features (7936d)
Model parameters: 18,905,610
[    1/5000] loss=2.5992 (t=0.5481 r=2.0511 beta=1.00) | val: 23.62deg/29106mm | 0.7s
[  100/5000] loss=0.0639 (t=0.0226 r=0.0448 beta=0.92) | val: 2.62deg/1939mm | 4.9s
[  200/5000] loss=0.0403 (t=0.0117 r=0.0327 beta=0.88) | val: 1.99deg/1657mm | 6.2s
[  300/5000] loss=0.0322 (t=0.0077 r=0.0293 beta=0.84) | val: 1.95deg/1764mm | 6.8s
[  400/5000] loss=0.0253 (t=0.0056 r=0.0247 beta=0.80) | val: 1.64deg/1690mm | 7.3s
[  500/5000] loss=0.0226 (t=0.0049 r=0.0231 beta=0.76) | val: 1.70deg/1617mm | 8.6s
[  600/5000] loss=0.0197 (t=0.0040 r=0.0215 beta=0.73) | val: 1.58deg/1420mm | 9.2s
[  700/5000] loss=0.0179 (t=0.0035 r=0.0207 beta=0.70) | val: 1.78deg/1592mm | 9.7s
[  800/5000] loss=0.0162 (t=0.0030 r=0.0197 beta=0.67) | val: 1.57deg/1397mm | 10.3s
[  900/5000] loss=0.0155 (t=0.0029 r=0.0196 beta=0.64) | val: 1.89deg/1610mm | 11.7s
[ 1000/5000] loss=0.0142 (t=0.0028 r=0.0184 beta=0.62) | val: 1.58deg/1703mm | 12.2s
[ 1100/5000] loss=0.0141 (t=0.0027 r=0.0191 beta=0.59) | val: 1.83deg/1437mm | 12.7s
[ 1200/5000] loss=0.0131 (t=0.0027 r=0.0182 beta=0.57) | val: 1.72deg/1679mm | 13.3s
[ 1300/5000] loss=0.0124 (t=0.0027 r=0.0176 beta=0.55) | val: 1.74deg/1553mm | 13.8s
[ 1400/5000] loss=0.0117 (t=0.0024 r=0.0176 beta=0.53) | val: 1.73deg/1596mm | 14.4s
[ 1500/5000] loss=0.0112 (t=0.0022 r=0.0175 beta=0.51) | val: 1.92deg/1535mm | 15.0s
[ 1600/5000] loss=0.0108 (t=0.0022 r=0.0174 beta=0.49) | val: 1.83deg/1589mm | 15.6s
[ 1700/5000] loss=0.0100 (t=0.0021 r=0.0166 beta=0.48) | val: 1.84deg/1643mm | 16.2s
[ 1800/5000] loss=0.0098 (t=0.0020 r=0.0169 beta=0.46) | val: 1.71deg/1563mm | 16.8s
[ 1900/5000] loss=0.0092 (t=0.0019 r=0.0163 beta=0.45) | val: 1.82deg/1646mm | 17.4s
[ 2000/5000] loss=0.0091 (t=0.0020 r=0.0163 beta=0.44) | val: 2.06deg/1693mm | 17.9s
[ 2100/5000] loss=0.0087 (t=0.0020 r=0.0160 beta=0.42) | val: 1.93deg/1493mm | 18.5s
[ 2200/5000] loss=0.0085 (t=0.0018 r=0.0162 beta=0.41) | val: 1.91deg/1573mm | 19.0s
[ 2300/5000] loss=0.0080 (t=0.0018 r=0.0155 beta=0.40) | val: 1.88deg/1587mm | 19.5s
[ 2400/5000] loss=0.0080 (t=0.0017 r=0.0160 beta=0.39) | val: 1.89deg/1655mm | 20.1s
[ 2500/5000] loss=0.0075 (t=0.0018 r=0.0151 beta=0.38) | val: 1.91deg/1646mm | 20.6s
[ 2600/5000] loss=0.0074 (t=0.0018 r=0.0151 beta=0.37) | val: 1.88deg/1711mm | 21.2s
[ 2700/5000] loss=0.0074 (t=0.0018 r=0.0155 beta=0.36) | val: 1.86deg/1655mm | 21.7s
[ 2800/5000] loss=0.0071 (t=0.0017 r=0.0153 beta=0.36) | val: 1.92deg/1688mm | 22.2s
[ 2900/5000] loss=0.0070 (t=0.0017 r=0.0150 beta=0.35) | val: 2.01deg/1684mm | 22.8s
[ 3000/5000] loss=0.0071 (t=0.0019 r=0.0153 beta=0.34) | val: 1.85deg/1814mm | 23.3s
[ 3100/5000] loss=0.0068 (t=0.0017 r=0.0151 beta=0.34) | val: 1.86deg/1663mm | 23.9s
[ 3200/5000] loss=0.0064 (t=0.0017 r=0.0144 beta=0.33) | val: 1.89deg/1701mm | 24.4s
[ 3300/5000] loss=0.0064 (t=0.0016 r=0.0146 beta=0.33) | val: 1.93deg/1662mm | 24.9s
[ 3400/5000] loss=0.0064 (t=0.0017 r=0.0145 beta=0.32) | val: 1.94deg/1712mm | 25.5s
[ 3500/5000] loss=0.0062 (t=0.0016 r=0.0145 beta=0.32) | val: 1.94deg/1651mm | 26.0s
[ 3600/5000] loss=0.0062 (t=0.0015 r=0.0149 beta=0.32) | val: 1.93deg/1703mm | 26.6s
[ 3700/5000] loss=0.0062 (t=0.0016 r=0.0148 beta=0.31) | val: 1.99deg/1758mm | 27.1s
[ 3800/5000] loss=0.0061 (t=0.0016 r=0.0146 beta=0.31) | val: 1.91deg/1664mm | 27.6s
[ 3900/5000] loss=0.0061 (t=0.0017 r=0.0144 beta=0.31) | val: 1.96deg/1677mm | 28.2s
[ 4000/5000] loss=0.0059 (t=0.0016 r=0.0141 beta=0.31) | val: 2.06deg/1712mm | 28.7s
[ 4100/5000] loss=0.0060 (t=0.0015 r=0.0146 beta=0.31) | val: 2.01deg/1711mm | 29.3s
[ 4200/5000] loss=0.0058 (t=0.0014 r=0.0143 beta=0.30) | val: 2.01deg/1733mm | 29.8s
[ 4300/5000] loss=0.0057 (t=0.0015 r=0.0137 beta=0.30) | val: 2.07deg/1740mm | 30.4s
[ 4400/5000] loss=0.0058 (t=0.0015 r=0.0140 beta=0.30) | val: 2.06deg/1717mm | 30.9s
[ 4500/5000] loss=0.0057 (t=0.0015 r=0.0140 beta=0.30) | val: 2.06deg/1687mm | 31.5s
[ 4600/5000] loss=0.0058 (t=0.0015 r=0.0143 beta=0.30) | val: 2.02deg/1742mm | 32.0s
[ 4700/5000] loss=0.0058 (t=0.0015 r=0.0141 beta=0.30) | val: 2.08deg/1762mm | 32.6s
[ 4800/5000] loss=0.0056 (t=0.0015 r=0.0140 beta=0.30) | val: 2.02deg/1746mm | 33.1s
[ 4900/5000] loss=0.0057 (t=0.0014 r=0.0143 beta=0.30) | val: 2.04deg/1741mm | 33.7s
[ 5000/5000] loss=0.0058 (t=0.0015 r=0.0144 beta=0.30) | val: 2.06deg/1730mm | 34.2s

Training done. Best epoch: 860, score: 1.4541

Loaded best model from epoch 860

======================================================================
EVALUATION RESULTS (Direct Regression)
======================================================================
Rotation  (median): 1.74deg
Translation (median): 1282mm

  R@5deg_1m: 37.4%  (rot_pass=92.3%, trans_pass=38.5%)
  R@10deg_2m: 68.7%  (rot_pass=99.5%, trans_pass=68.7%)
  R@15deg_5m: 93.4%  (rot_pass=100.0%, trans_pass=93.4%)
  R@25deg_5m: 93.4%  (rot_pass=100.0%, trans_pass=93.4%)

======================================================================
EVALUATION RESULTS (Retrieval Mode)
======================================================================
Retrieval median: 11.29deg / 2316mm
  R@5deg_1m: 2.2%  (rot=4.9%, trans=21.4%)
  R@10deg_2m: 19.8%  (rot=42.3%, trans=44.5%)
  R@15deg_5m: 56.6%  (rot=70.9%, trans=85.7%)
  R@25deg_5m: 82.4%  (rot=96.7%, trans=85.7%)
======================================================================

Done!
--- exp20_128d_seed41 done ---

=== exp20_128d_seed42 ===
======================================================================
Experiment: exp20_128d_seed42
Pool: spp, Features: both+sum
======================================================================
Random seed: 42
Using device: cuda:5

Loading data (fine=True, coarse=True, summary=True)...
  Loaded fine_geo: torch.Size([895, 128, 68, 120])
  Loaded coarse_sem: torch.Size([895, 128, 68, 120])
  Loaded summary: torch.Size([895, 2560])
  [train] 895 samples loaded
  Loaded fine_geo: torch.Size([182, 128, 68, 120])
  Loaded coarse_sem: torch.Size([182, 128, 68, 120])
  Loaded summary: torch.Size([182, 2560])
  [test] 182 samples loaded
Translation norm: mean=[13.19548    -0.64731836 23.103329  ], std=[10.827089    0.94348246  9.766839  ]
  Feature dim after pooling: 7936
Model parameters: 18,905,610

Pre-computing pooled features (OOM-safe mode)...
  Pre-computed pooled features: torch.Size([895, 7936]) (28.4 MB)
  Pre-computed pooled features: torch.Size([182, 7936]) (5.8 MB)
  GPU memory freed. Training with pre-pooled features (7936d)
Model parameters: 18,905,610
[    1/5000] loss=3.0372 (t=0.5271 r=2.5100 beta=1.00) | val: 68.45deg/17396mm | 0.8s
[  100/5000] loss=0.0653 (t=0.0225 r=0.0463 beta=0.93) | val: 2.57deg/1643mm | 5.1s
[  200/5000] loss=0.0401 (t=0.0116 r=0.0323 beta=0.88) | val: 2.13deg/1799mm | 7.2s
[  300/5000] loss=0.0301 (t=0.0067 r=0.0278 beta=0.84) | val: 1.72deg/1600mm | 8.1s
[  400/5000] loss=0.0238 (t=0.0048 r=0.0235 beta=0.81) | val: 1.78deg/1679mm | 8.6s
[  500/5000] loss=0.0220 (t=0.0042 r=0.0231 beta=0.77) | val: 1.76deg/1576mm | 9.2s
[  600/5000] loss=0.0191 (t=0.0039 r=0.0205 beta=0.74) | val: 1.68deg/1457mm | 10.1s
[  700/5000] loss=0.0191 (t=0.0038 r=0.0216 beta=0.71) | val: 1.85deg/1639mm | 10.6s
[  800/5000] loss=0.0169 (t=0.0036 r=0.0195 beta=0.68) | val: 1.75deg/1595mm | 11.6s
[  900/5000] loss=0.0165 (t=0.0030 r=0.0207 beta=0.65) | val: 1.58deg/1546mm | 12.5s
[ 1000/5000] loss=0.0146 (t=0.0030 r=0.0184 beta=0.63) | val: 1.82deg/1593mm | 13.4s
[ 1100/5000] loss=0.0137 (t=0.0027 r=0.0183 beta=0.60) | val: 1.78deg/1579mm | 14.0s
[ 1200/5000] loss=0.0131 (t=0.0028 r=0.0177 beta=0.58) | val: 1.76deg/1519mm | 14.5s
[ 1300/5000] loss=0.0128 (t=0.0028 r=0.0179 beta=0.56) | val: 1.61deg/1532mm | 15.1s
[ 1400/5000] loss=0.0118 (t=0.0025 r=0.0173 beta=0.54) | val: 1.69deg/1516mm | 15.6s
[ 1500/5000] loss=0.0109 (t=0.0022 r=0.0168 beta=0.52) | val: 1.88deg/1504mm | 16.2s
[ 1600/5000] loss=0.0107 (t=0.0021 r=0.0171 beta=0.50) | val: 1.90deg/1601mm | 16.7s
[ 1700/5000] loss=0.0101 (t=0.0021 r=0.0164 beta=0.49) | val: 1.73deg/1514mm | 17.3s
[ 1800/5000] loss=0.0100 (t=0.0021 r=0.0168 beta=0.47) | val: 1.72deg/1638mm | 17.8s
[ 1900/5000] loss=0.0092 (t=0.0019 r=0.0159 beta=0.46) | val: 1.79deg/1563mm | 18.4s
[ 2000/5000] loss=0.0093 (t=0.0021 r=0.0162 beta=0.44) | val: 1.81deg/1586mm | 18.9s
[ 2100/5000] loss=0.0087 (t=0.0020 r=0.0157 beta=0.43) | val: 1.85deg/1641mm | 19.4s
[ 2200/5000] loss=0.0087 (t=0.0020 r=0.0159 beta=0.42) | val: 1.80deg/1496mm | 20.0s
[ 2300/5000] loss=0.0086 (t=0.0019 r=0.0163 beta=0.41) | val: 1.77deg/1626mm | 20.5s
[ 2400/5000] loss=0.0083 (t=0.0020 r=0.0158 beta=0.40) | val: 1.78deg/1509mm | 21.1s
[ 2500/5000] loss=0.0079 (t=0.0018 r=0.0155 beta=0.39) | val: 1.75deg/1721mm | 21.6s
[ 2600/5000] loss=0.0074 (t=0.0017 r=0.0149 beta=0.38) | val: 1.88deg/1563mm | 22.2s
[ 2700/5000] loss=0.0075 (t=0.0018 r=0.0153 beta=0.37) | val: 1.92deg/1649mm | 22.7s
[ 2800/5000] loss=0.0071 (t=0.0017 r=0.0148 beta=0.36) | val: 1.92deg/1726mm | 23.2s
[ 2900/5000] loss=0.0069 (t=0.0017 r=0.0146 beta=0.36) | val: 1.93deg/1689mm | 23.8s
[ 3000/5000] loss=0.0070 (t=0.0017 r=0.0152 beta=0.35) | val: 2.02deg/1718mm | 24.3s
[ 3100/5000] loss=0.0069 (t=0.0017 r=0.0149 beta=0.35) | val: 1.89deg/1734mm | 24.9s
[ 3200/5000] loss=0.0068 (t=0.0017 r=0.0148 beta=0.34) | val: 1.88deg/1709mm | 25.4s
[ 3300/5000] loss=0.0065 (t=0.0016 r=0.0146 beta=0.34) | val: 1.98deg/1661mm | 25.9s
[ 3400/5000] loss=0.0063 (t=0.0015 r=0.0145 beta=0.33) | val: 1.92deg/1684mm | 26.5s
[ 3500/5000] loss=0.0064 (t=0.0016 r=0.0146 beta=0.33) | val: 1.83deg/1746mm | 27.1s
[ 3600/5000] loss=0.0063 (t=0.0016 r=0.0145 beta=0.32) | val: 1.91deg/1602mm | 27.6s
[ 3700/5000] loss=0.0062 (t=0.0015 r=0.0146 beta=0.32) | val: 2.04deg/1675mm | 28.1s
[ 3800/5000] loss=0.0060 (t=0.0015 r=0.0141 beta=0.32) | val: 2.02deg/1709mm | 28.7s
[ 3900/5000] loss=0.0061 (t=0.0015 r=0.0145 beta=0.32) | val: 1.87deg/1731mm | 29.2s
[ 4000/5000] loss=0.0061 (t=0.0015 r=0.0145 beta=0.31) | val: 1.86deg/1655mm | 29.8s
[ 4100/5000] loss=0.0058 (t=0.0014 r=0.0140 beta=0.31) | val: 1.94deg/1749mm | 30.4s
[ 4200/5000] loss=0.0060 (t=0.0015 r=0.0143 beta=0.31) | val: 2.00deg/1688mm | 31.0s
[ 4300/5000] loss=0.0059 (t=0.0016 r=0.0140 beta=0.31) | val: 1.99deg/1707mm | 31.5s
[ 4400/5000] loss=0.0058 (t=0.0015 r=0.0142 beta=0.31) | val: 2.01deg/1700mm | 32.1s
[ 4500/5000] loss=0.0059 (t=0.0015 r=0.0141 beta=0.31) | val: 1.90deg/1732mm | 32.7s
[ 4600/5000] loss=0.0058 (t=0.0015 r=0.0142 beta=0.31) | val: 1.89deg/1683mm | 33.2s
[ 4700/5000] loss=0.0059 (t=0.0016 r=0.0141 beta=0.31) | val: 1.94deg/1745mm | 33.8s
[ 4800/5000] loss=0.0058 (t=0.0016 r=0.0138 beta=0.31) | val: 1.90deg/1713mm | 34.3s
[ 4900/5000] loss=0.0059 (t=0.0014 r=0.0145 beta=0.31) | val: 1.92deg/1686mm | 34.9s
[ 5000/5000] loss=0.0056 (t=0.0014 r=0.0138 beta=0.31) | val: 1.94deg/1692mm | 35.4s

Training done. Best epoch: 940, score: 1.5392

Loaded best model from epoch 940

======================================================================
EVALUATION RESULTS (Direct Regression)
======================================================================
Rotation  (median): 1.61deg
Translation (median): 1383mm

  R@5deg_1m: 35.2%  (rot_pass=91.8%, trans_pass=36.3%)
  R@10deg_2m: 68.7%  (rot_pass=99.5%, trans_pass=68.7%)
  R@15deg_5m: 93.4%  (rot_pass=100.0%, trans_pass=93.4%)
  R@25deg_5m: 93.4%  (rot_pass=100.0%, trans_pass=93.4%)

======================================================================
EVALUATION RESULTS (Retrieval Mode)
======================================================================
Retrieval median: 11.39deg / 2338mm
  R@5deg_1m: 2.2%  (rot=4.9%, trans=19.8%)
  R@10deg_2m: 20.9%  (rot=44.5%, trans=44.5%)
  R@15deg_5m: 59.3%  (rot=71.4%, trans=87.4%)
  R@25deg_5m: 83.0%  (rot=95.1%, trans=87.4%)
======================================================================

Done!
--- exp20_128d_seed42 done ---

=== exp20_128d_seed43 ===
======================================================================
Experiment: exp20_128d_seed43
Pool: spp, Features: both+sum
======================================================================
Random seed: 43
Using device: cuda:5

Loading data (fine=True, coarse=True, summary=True)...
  Loaded fine_geo: torch.Size([895, 128, 68, 120])
  Loaded coarse_sem: torch.Size([895, 128, 68, 120])
  Loaded summary: torch.Size([895, 2560])
  [train] 895 samples loaded
  Loaded fine_geo: torch.Size([182, 128, 68, 120])
  Loaded coarse_sem: torch.Size([182, 128, 68, 120])
  Loaded summary: torch.Size([182, 2560])
  [test] 182 samples loaded
Translation norm: mean=[13.19548    -0.64731836 23.103329  ], std=[10.827089    0.94348246  9.766839  ]
  Feature dim after pooling: 7936
Model parameters: 18,905,610

Pre-computing pooled features (OOM-safe mode)...
  Pre-computed pooled features: torch.Size([895, 7936]) (28.4 MB)
  Pre-computed pooled features: torch.Size([182, 7936]) (5.8 MB)
  GPU memory freed. Training with pre-pooled features (7936d)
Model parameters: 18,905,610
[    1/5000] loss=2.7841 (t=0.5522 r=2.2319 beta=1.00) | val: 57.64deg/12619mm | 0.3s
[  100/5000] loss=0.0656 (t=0.0224 r=0.0466 beta=0.93) | val: 2.59deg/1909mm | 4.6s
[  200/5000] loss=0.0405 (t=0.0116 r=0.0326 beta=0.88) | val: 1.75deg/1407mm | 6.7s
[  300/5000] loss=0.0309 (t=0.0075 r=0.0276 beta=0.85) | val: 2.05deg/1633mm | 7.7s
[  400/5000] loss=0.0261 (t=0.0057 r=0.0252 beta=0.81) | val: 1.72deg/1557mm | 8.6s
[  500/5000] loss=0.0221 (t=0.0045 r=0.0226 beta=0.78) | val: 1.89deg/1545mm | 9.5s
[  600/5000] loss=0.0200 (t=0.0039 r=0.0216 beta=0.75) | val: 1.56deg/1367mm | 10.1s
[  700/5000] loss=0.0183 (t=0.0038 r=0.0202 beta=0.72) | val: 1.84deg/1413mm | 10.6s
[  800/5000] loss=0.0175 (t=0.0032 r=0.0207 beta=0.69) | val: 1.86deg/1555mm | 11.2s
[  900/5000] loss=0.0157 (t=0.0031 r=0.0190 beta=0.66) | val: 1.74deg/1380mm | 11.7s
[ 1000/5000] loss=0.0146 (t=0.0029 r=0.0183 beta=0.64) | val: 1.82deg/1535mm | 12.3s
[ 1100/5000] loss=0.0144 (t=0.0030 r=0.0186 beta=0.61) | val: 1.58deg/1652mm | 12.8s
[ 1200/5000] loss=0.0131 (t=0.0027 r=0.0177 beta=0.59) | val: 1.79deg/1513mm | 13.3s
[ 1300/5000] loss=0.0124 (t=0.0025 r=0.0173 beta=0.57) | val: 1.82deg/1385mm | 13.9s
[ 1400/5000] loss=0.0121 (t=0.0024 r=0.0176 beta=0.55) | val: 1.83deg/1613mm | 14.4s
[ 1500/5000] loss=0.0120 (t=0.0024 r=0.0180 beta=0.53) | val: 1.80deg/1608mm | 15.0s
[ 1600/5000] loss=0.0107 (t=0.0021 r=0.0167 beta=0.51) | val: 1.84deg/1502mm | 15.5s
[ 1700/5000] loss=0.0101 (t=0.0021 r=0.0162 beta=0.50) | val: 1.92deg/1651mm | 16.1s
[ 1800/5000] loss=0.0100 (t=0.0021 r=0.0164 beta=0.48) | val: 1.77deg/1498mm | 16.6s
[ 1900/5000] loss=0.0099 (t=0.0022 r=0.0164 beta=0.47) | val: 1.82deg/1525mm | 17.2s
[ 2000/5000] loss=0.0098 (t=0.0023 r=0.0166 beta=0.45) | val: 1.80deg/1671mm | 17.7s
[ 2100/5000] loss=0.0092 (t=0.0021 r=0.0161 beta=0.44) | val: 1.92deg/1653mm | 18.3s
[ 2200/5000] loss=0.0088 (t=0.0020 r=0.0157 beta=0.43) | val: 1.86deg/1658mm | 18.8s
[ 2300/5000] loss=0.0085 (t=0.0019 r=0.0160 beta=0.42) | val: 1.80deg/1714mm | 19.3s
[ 2400/5000] loss=0.0082 (t=0.0019 r=0.0154 beta=0.41) | val: 1.91deg/1644mm | 19.9s
[ 2500/5000] loss=0.0080 (t=0.0019 r=0.0152 beta=0.40) | val: 1.83deg/1757mm | 20.4s
[ 2600/5000] loss=0.0080 (t=0.0019 r=0.0156 beta=0.39) | val: 2.03deg/1706mm | 21.0s
[ 2700/5000] loss=0.0076 (t=0.0019 r=0.0150 beta=0.38) | val: 1.83deg/1553mm | 21.6s
[ 2800/5000] loss=0.0074 (t=0.0018 r=0.0150 beta=0.37) | val: 1.88deg/1656mm | 22.1s
[ 2900/5000] loss=0.0071 (t=0.0017 r=0.0147 beta=0.37) | val: 1.82deg/1654mm | 22.7s
[ 3000/5000] loss=0.0072 (t=0.0018 r=0.0150 beta=0.36) | val: 1.88deg/1748mm | 23.2s
[ 3100/5000] loss=0.0069 (t=0.0017 r=0.0148 beta=0.35) | val: 1.90deg/1675mm | 23.7s
[ 3200/5000] loss=0.0067 (t=0.0016 r=0.0146 beta=0.35) | val: 1.97deg/1714mm | 24.3s
[ 3300/5000] loss=0.0065 (t=0.0017 r=0.0141 beta=0.34) | val: 1.92deg/1737mm | 24.8s
[ 3400/5000] loss=0.0065 (t=0.0017 r=0.0143 beta=0.34) | val: 2.00deg/1767mm | 25.4s
[ 3500/5000] loss=0.0064 (t=0.0016 r=0.0144 beta=0.34) | val: 1.94deg/1718mm | 26.0s
[ 3600/5000] loss=0.0066 (t=0.0018 r=0.0146 beta=0.33) | val: 1.93deg/1799mm | 26.5s
[ 3700/5000] loss=0.0062 (t=0.0015 r=0.0143 beta=0.33) | val: 1.94deg/1783mm | 27.1s
[ 3800/5000] loss=0.0064 (t=0.0017 r=0.0143 beta=0.33) | val: 1.93deg/1844mm | 27.6s
[ 3900/5000] loss=0.0061 (t=0.0016 r=0.0140 beta=0.32) | val: 1.91deg/1774mm | 28.2s
[ 4000/5000] loss=0.0062 (t=0.0017 r=0.0143 beta=0.32) | val: 1.93deg/1774mm | 28.7s
[ 4100/5000] loss=0.0062 (t=0.0016 r=0.0143 beta=0.32) | val: 1.95deg/1791mm | 29.3s
[ 4200/5000] loss=0.0063 (t=0.0017 r=0.0144 beta=0.32) | val: 1.98deg/1729mm | 29.9s
[ 4300/5000] loss=0.0060 (t=0.0015 r=0.0142 beta=0.32) | val: 1.94deg/1739mm | 30.4s
[ 4400/5000] loss=0.0059 (t=0.0015 r=0.0138 beta=0.32) | val: 1.93deg/1791mm | 31.0s
[ 4500/5000] loss=0.0060 (t=0.0016 r=0.0139 beta=0.32) | val: 1.94deg/1763mm | 31.5s
[ 4600/5000] loss=0.0058 (t=0.0015 r=0.0137 beta=0.32) | val: 1.95deg/1805mm | 32.1s
[ 4700/5000] loss=0.0059 (t=0.0016 r=0.0138 beta=0.32) | val: 1.92deg/1782mm | 32.6s
[ 4800/5000] loss=0.0059 (t=0.0015 r=0.0141 beta=0.31) | val: 1.93deg/1780mm | 33.2s
[ 4900/5000] loss=0.0059 (t=0.0016 r=0.0139 beta=0.31) | val: 1.94deg/1767mm | 33.7s
[ 5000/5000] loss=0.0058 (t=0.0015 r=0.0136 beta=0.31) | val: 1.93deg/1771mm | 34.3s

Training done. Best epoch: 420, score: 1.5133

Loaded best model from epoch 420

======================================================================
EVALUATION RESULTS (Direct Regression)
======================================================================
Rotation  (median): 1.69deg
Translation (median): 1358mm

  R@5deg_1m: 36.8%  (rot_pass=94.5%, trans_pass=37.9%)
  R@10deg_2m: 70.3%  (rot_pass=99.5%, trans_pass=70.3%)
  R@15deg_5m: 91.2%  (rot_pass=100.0%, trans_pass=91.2%)
  R@25deg_5m: 91.2%  (rot_pass=100.0%, trans_pass=91.2%)

======================================================================
EVALUATION RESULTS (Retrieval Mode)
======================================================================
Retrieval median: 10.47deg / 2338mm
  R@5deg_1m: 2.2%  (rot=5.5%, trans=20.9%)
  R@10deg_2m: 21.4%  (rot=47.3%, trans=45.6%)
  R@15deg_5m: 56.6%  (rot=70.9%, trans=84.6%)
  R@25deg_5m: 82.4%  (rot=97.8%, trans=84.6%)
======================================================================

Done!
--- exp20_128d_seed43 done ---

=== exp20_128d_seed44 ===
======================================================================
Experiment: exp20_128d_seed44
Pool: spp, Features: both+sum
======================================================================
Random seed: 44
Using device: cuda:5

Loading data (fine=True, coarse=True, summary=True)...
  Loaded fine_geo: torch.Size([895, 128, 68, 120])
  Loaded coarse_sem: torch.Size([895, 128, 68, 120])
  Loaded summary: torch.Size([895, 2560])
  [train] 895 samples loaded
  Loaded fine_geo: torch.Size([182, 128, 68, 120])
  Loaded coarse_sem: torch.Size([182, 128, 68, 120])
  Loaded summary: torch.Size([182, 2560])
  [test] 182 samples loaded
Translation norm: mean=[13.19548    -0.64731836 23.103329  ], std=[10.827089    0.94348246  9.766839  ]
  Feature dim after pooling: 7936
Model parameters: 18,905,610

Pre-computing pooled features (OOM-safe mode)...
  Pre-computed pooled features: torch.Size([895, 7936]) (28.4 MB)
  Pre-computed pooled features: torch.Size([182, 7936]) (5.8 MB)
  GPU memory freed. Training with pre-pooled features (7936d)
Model parameters: 18,905,610
[    1/5000] loss=3.2674 (t=0.5732 r=2.6941 beta=1.00) | val: 47.55deg/18102mm | 0.7s
[  100/5000] loss=0.0629 (t=0.0214 r=0.0447 beta=0.93) | val: 2.47deg/1680mm | 5.2s
[  200/5000] loss=0.0382 (t=0.0109 r=0.0307 beta=0.89) | val: 1.96deg/1527mm | 7.2s
[  300/5000] loss=0.0290 (t=0.0067 r=0.0263 beta=0.85) | val: 1.92deg/1657mm | 8.3s
[  400/5000] loss=0.0252 (t=0.0057 r=0.0240 beta=0.81) | val: 1.86deg/1684mm | 9.9s
[  500/5000] loss=0.0222 (t=0.0043 r=0.0231 beta=0.78) | val: 1.79deg/1519mm | 11.3s
[  600/5000] loss=0.0201 (t=0.0039 r=0.0217 beta=0.75) | val: 1.78deg/1630mm | 11.8s
[  700/5000] loss=0.0188 (t=0.0036 r=0.0212 beta=0.72) | val: 1.70deg/1607mm | 12.4s
[  800/5000] loss=0.0167 (t=0.0032 r=0.0196 beta=0.69) | val: 1.63deg/1502mm | 12.9s
[  900/5000] loss=0.0159 (t=0.0033 r=0.0191 beta=0.66) | val: 1.58deg/1501mm | 13.4s
[ 1000/5000] loss=0.0151 (t=0.0029 r=0.0191 beta=0.63) | val: 1.66deg/1403mm | 14.0s
[ 1100/5000] loss=0.0144 (t=0.0027 r=0.0192 beta=0.61) | val: 1.73deg/1524mm | 14.6s
[ 1200/5000] loss=0.0131 (t=0.0027 r=0.0178 beta=0.59) | val: 1.70deg/1403mm | 15.1s
[ 1300/5000] loss=0.0124 (t=0.0026 r=0.0174 beta=0.57) | val: 1.87deg/1496mm | 15.7s
[ 1400/5000] loss=0.0117 (t=0.0024 r=0.0171 beta=0.55) | val: 1.77deg/1518mm | 16.2s
[ 1500/5000] loss=0.0116 (t=0.0026 r=0.0171 beta=0.53) | val: 1.68deg/1574mm | 17.1s
[ 1600/5000] loss=0.0109 (t=0.0023 r=0.0168 beta=0.51) | val: 1.70deg/1563mm | 17.7s
[ 1700/5000] loss=0.0103 (t=0.0021 r=0.0166 beta=0.49) | val: 1.84deg/1752mm | 18.2s
[ 1800/5000] loss=0.0096 (t=0.0021 r=0.0159 beta=0.48) | val: 1.76deg/1718mm | 18.8s
[ 1900/5000] loss=0.0096 (t=0.0021 r=0.0162 beta=0.46) | val: 1.72deg/1629mm | 19.3s
[ 2000/5000] loss=0.0094 (t=0.0021 r=0.0162 beta=0.45) | val: 1.75deg/1628mm | 19.9s
[ 2100/5000] loss=0.0093 (t=0.0021 r=0.0163 beta=0.44) | val: 1.78deg/1754mm | 20.5s
[ 2200/5000] loss=0.0087 (t=0.0020 r=0.0157 beta=0.42) | val: 1.72deg/1744mm | 21.0s
[ 2300/5000] loss=0.0085 (t=0.0020 r=0.0157 beta=0.41) | val: 1.77deg/1675mm | 21.6s
[ 2400/5000] loss=0.0083 (t=0.0018 r=0.0160 beta=0.40) | val: 1.79deg/1699mm | 22.1s
[ 2500/5000] loss=0.0081 (t=0.0019 r=0.0157 beta=0.39) | val: 1.87deg/1596mm | 22.7s
[ 2600/5000] loss=0.0075 (t=0.0018 r=0.0149 beta=0.38) | val: 1.71deg/1712mm | 23.2s
[ 2700/5000] loss=0.0074 (t=0.0017 r=0.0151 beta=0.38) | val: 1.89deg/1815mm | 23.8s
[ 2800/5000] loss=0.0071 (t=0.0017 r=0.0147 beta=0.37) | val: 1.84deg/1742mm | 24.3s
[ 2900/5000] loss=0.0072 (t=0.0018 r=0.0151 beta=0.36) | val: 2.07deg/1815mm | 24.9s
[ 3000/5000] loss=0.0070 (t=0.0017 r=0.0148 beta=0.36) | val: 1.96deg/1737mm | 25.5s
[ 3100/5000] loss=0.0068 (t=0.0017 r=0.0146 beta=0.35) | val: 1.85deg/1702mm | 26.0s
[ 3200/5000] loss=0.0069 (t=0.0018 r=0.0149 beta=0.34) | val: 1.87deg/1818mm | 26.6s
[ 3300/5000] loss=0.0065 (t=0.0016 r=0.0145 beta=0.34) | val: 1.95deg/1756mm | 27.2s
[ 3400/5000] loss=0.0065 (t=0.0017 r=0.0145 beta=0.34) | val: 1.90deg/1736mm | 27.7s
[ 3500/5000] loss=0.0064 (t=0.0017 r=0.0143 beta=0.33) | val: 1.85deg/1852mm | 28.2s
[ 3600/5000] loss=0.0063 (t=0.0016 r=0.0143 beta=0.33) | val: 1.88deg/1810mm | 28.8s
[ 3700/5000] loss=0.0062 (t=0.0016 r=0.0144 beta=0.32) | val: 1.91deg/1779mm | 29.3s
[ 3800/5000] loss=0.0062 (t=0.0016 r=0.0142 beta=0.32) | val: 1.89deg/1797mm | 29.9s
[ 3900/5000] loss=0.0062 (t=0.0016 r=0.0143 beta=0.32) | val: 1.95deg/1794mm | 30.5s
[ 4000/5000] loss=0.0061 (t=0.0016 r=0.0143 beta=0.32) | val: 1.94deg/1837mm | 31.1s
[ 4100/5000] loss=0.0059 (t=0.0016 r=0.0136 beta=0.32) | val: 1.93deg/1829mm | 31.6s
[ 4200/5000] loss=0.0060 (t=0.0015 r=0.0143 beta=0.31) | val: 1.98deg/1792mm | 32.2s
[ 4300/5000] loss=0.0061 (t=0.0016 r=0.0145 beta=0.31) | val: 1.90deg/1832mm | 32.7s
[ 4400/5000] loss=0.0059 (t=0.0015 r=0.0141 beta=0.31) | val: 1.92deg/1794mm | 33.3s
[ 4500/5000] loss=0.0060 (t=0.0016 r=0.0140 beta=0.31) | val: 1.95deg/1789mm | 33.8s
[ 4600/5000] loss=0.0059 (t=0.0015 r=0.0141 beta=0.31) | val: 1.89deg/1830mm | 34.3s
[ 4700/5000] loss=0.0059 (t=0.0015 r=0.0143 beta=0.31) | val: 1.91deg/1806mm | 34.9s
[ 4800/5000] loss=0.0058 (t=0.0014 r=0.0141 beta=0.31) | val: 1.95deg/1800mm | 35.4s
[ 4900/5000] loss=0.0059 (t=0.0015 r=0.0142 beta=0.31) | val: 1.88deg/1788mm | 36.0s
[ 5000/5000] loss=0.0059 (t=0.0015 r=0.0139 beta=0.31) | val: 1.88deg/1791mm | 36.5s

Training done. Best epoch: 1490, score: 1.4601

Loaded best model from epoch 1490

======================================================================
EVALUATION RESULTS (Direct Regression)
======================================================================
Rotation  (median): 1.67deg
Translation (median): 1295mm

  R@5deg_1m: 36.8%  (rot_pass=92.3%, trans_pass=37.9%)
  R@10deg_2m: 65.4%  (rot_pass=99.5%, trans_pass=65.9%)
  R@15deg_5m: 91.8%  (rot_pass=100.0%, trans_pass=91.8%)
  R@25deg_5m: 91.8%  (rot_pass=100.0%, trans_pass=91.8%)

======================================================================
EVALUATION RESULTS (Retrieval Mode)
======================================================================
Retrieval median: 11.39deg / 2447mm
  R@5deg_1m: 2.7%  (rot=5.5%, trans=19.2%)
  R@10deg_2m: 18.7%  (rot=42.3%, trans=42.9%)
  R@15deg_5m: 57.7%  (rot=70.9%, trans=86.3%)
  R@25deg_5m: 82.4%  (rot=96.2%, trans=86.3%)
======================================================================

Done!
--- exp20_128d_seed44 done ---

=== exp20_128d_seed45 ===
======================================================================
Experiment: exp20_128d_seed45
Pool: spp, Features: both+sum
======================================================================
Random seed: 45
Using device: cuda:5

Loading data (fine=True, coarse=True, summary=True)...
  Loaded fine_geo: torch.Size([895, 128, 68, 120])
  Loaded coarse_sem: torch.Size([895, 128, 68, 120])
  Loaded summary: torch.Size([895, 2560])
  [train] 895 samples loaded
  Loaded fine_geo: torch.Size([182, 128, 68, 120])
  Loaded coarse_sem: torch.Size([182, 128, 68, 120])
  Loaded summary: torch.Size([182, 2560])
  [test] 182 samples loaded
Translation norm: mean=[13.19548    -0.64731836 23.103329  ], std=[10.827089    0.94348246  9.766839  ]
  Feature dim after pooling: 7936
Model parameters: 18,905,610

Pre-computing pooled features (OOM-safe mode)...
  Pre-computed pooled features: torch.Size([895, 7936]) (28.4 MB)
  Pre-computed pooled features: torch.Size([182, 7936]) (5.8 MB)
  GPU memory freed. Training with pre-pooled features (7936d)
Model parameters: 18,905,610
[    1/5000] loss=2.5581 (t=0.7061 r=1.8520 beta=1.00) | val: 36.06deg/15705mm | 0.3s
[  100/5000] loss=0.0643 (t=0.0221 r=0.0457 beta=0.92) | val: 2.57deg/1871mm | 4.7s
[  200/5000] loss=0.0416 (t=0.0117 r=0.0339 beta=0.88) | val: 2.20deg/1781mm | 6.3s
[  300/5000] loss=0.0322 (t=0.0076 r=0.0293 beta=0.84) | val: 1.95deg/1679mm | 6.9s
[  400/5000] loss=0.0258 (t=0.0058 r=0.0249 beta=0.81) | val: 1.91deg/1599mm | 7.8s
[  500/5000] loss=0.0221 (t=0.0045 r=0.0228 beta=0.77) | val: 1.74deg/1648mm | 9.4s
[  600/5000] loss=0.0200 (t=0.0040 r=0.0216 beta=0.74) | val: 1.86deg/1628mm | 9.9s
[  700/5000] loss=0.0182 (t=0.0037 r=0.0204 beta=0.71) | val: 1.75deg/1404mm | 10.8s
[  800/5000] loss=0.0168 (t=0.0034 r=0.0197 beta=0.68) | val: 1.75deg/1430mm | 11.3s
[  900/5000] loss=0.0152 (t=0.0030 r=0.0187 beta=0.65) | val: 1.86deg/1538mm | 11.9s
[ 1000/5000] loss=0.0151 (t=0.0032 r=0.0190 beta=0.63) | val: 1.83deg/1519mm | 12.4s
[ 1100/5000] loss=0.0140 (t=0.0028 r=0.0186 beta=0.61) | val: 1.74deg/1503mm | 13.0s
[ 1200/5000] loss=0.0131 (t=0.0026 r=0.0180 beta=0.58) | val: 1.68deg/1641mm | 13.5s
[ 1300/5000] loss=0.0124 (t=0.0025 r=0.0176 beta=0.56) | val: 1.63deg/1615mm | 14.1s
[ 1400/5000] loss=0.0121 (t=0.0025 r=0.0177 beta=0.54) | val: 1.68deg/1554mm | 14.6s
[ 1500/5000] loss=0.0111 (t=0.0023 r=0.0169 beta=0.52) | val: 1.75deg/1594mm | 15.1s
[ 1600/5000] loss=0.0106 (t=0.0023 r=0.0165 beta=0.51) | val: 1.78deg/1645mm | 15.7s
[ 1700/5000] loss=0.0103 (t=0.0023 r=0.0163 beta=0.49) | val: 1.73deg/1596mm | 16.2s
[ 1800/5000] loss=0.0100 (t=0.0021 r=0.0168 beta=0.47) | val: 1.79deg/1547mm | 16.8s
[ 1900/5000] loss=0.0093 (t=0.0021 r=0.0158 beta=0.46) | val: 1.72deg/1573mm | 17.3s
[ 2000/5000] loss=0.0093 (t=0.0020 r=0.0163 beta=0.45) | val: 1.77deg/1580mm | 17.9s
[ 2100/5000] loss=0.0089 (t=0.0019 r=0.0161 beta=0.43) | val: 1.91deg/1583mm | 18.4s
[ 2200/5000] loss=0.0088 (t=0.0019 r=0.0164 beta=0.42) | val: 1.74deg/1612mm | 19.0s
[ 2300/5000] loss=0.0082 (t=0.0018 r=0.0153 beta=0.41) | val: 1.82deg/1618mm | 19.5s
[ 2400/5000] loss=0.0078 (t=0.0018 r=0.0150 beta=0.40) | val: 1.89deg/1654mm | 20.0s
[ 2500/5000] loss=0.0078 (t=0.0018 r=0.0153 beta=0.39) | val: 1.88deg/1659mm | 20.6s
[ 2600/5000] loss=0.0077 (t=0.0019 r=0.0153 beta=0.38) | val: 1.76deg/1679mm | 21.1s
[ 2700/5000] loss=0.0076 (t=0.0017 r=0.0156 beta=0.37) | val: 1.78deg/1711mm | 21.7s
[ 2800/5000] loss=0.0071 (t=0.0016 r=0.0148 beta=0.37) | val: 1.84deg/1730mm | 22.3s
[ 2900/5000] loss=0.0071 (t=0.0018 r=0.0149 beta=0.36) | val: 1.85deg/1676mm | 22.9s
[ 3000/5000] loss=0.0068 (t=0.0016 r=0.0148 beta=0.35) | val: 1.89deg/1700mm | 23.6s
[ 3100/5000] loss=0.0067 (t=0.0016 r=0.0147 beta=0.35) | val: 1.88deg/1817mm | 24.1s
[ 3200/5000] loss=0.0068 (t=0.0017 r=0.0150 beta=0.34) | val: 1.90deg/1723mm | 24.7s
[ 3300/5000] loss=0.0067 (t=0.0017 r=0.0149 beta=0.34) | val: 1.87deg/1731mm | 25.3s
[ 3400/5000] loss=0.0064 (t=0.0016 r=0.0144 beta=0.33) | val: 1.86deg/1775mm | 25.8s
[ 3500/5000] loss=0.0063 (t=0.0016 r=0.0142 beta=0.33) | val: 1.86deg/1779mm | 26.4s
[ 3600/5000] loss=0.0064 (t=0.0017 r=0.0143 beta=0.33) | val: 1.83deg/1700mm | 27.0s
[ 3700/5000] loss=0.0063 (t=0.0016 r=0.0144 beta=0.32) | val: 1.89deg/1773mm | 27.5s
[ 3800/5000] loss=0.0062 (t=0.0015 r=0.0145 beta=0.32) | val: 1.93deg/1775mm | 28.1s
[ 3900/5000] loss=0.0061 (t=0.0015 r=0.0145 beta=0.32) | val: 1.89deg/1768mm | 28.6s
[ 4000/5000] loss=0.0059 (t=0.0015 r=0.0141 beta=0.32) | val: 1.87deg/1802mm | 29.2s
[ 4100/5000] loss=0.0061 (t=0.0016 r=0.0143 beta=0.31) | val: 1.91deg/1764mm | 29.7s
[ 4200/5000] loss=0.0059 (t=0.0016 r=0.0138 beta=0.31) | val: 1.89deg/1808mm | 30.2s
[ 4300/5000] loss=0.0060 (t=0.0016 r=0.0140 beta=0.31) | val: 1.90deg/1762mm | 30.8s
[ 4400/5000] loss=0.0057 (t=0.0015 r=0.0137 beta=0.31) | val: 1.89deg/1815mm | 31.3s
[ 4500/5000] loss=0.0059 (t=0.0016 r=0.0139 beta=0.31) | val: 1.91deg/1816mm | 31.9s
[ 4600/5000] loss=0.0059 (t=0.0016 r=0.0141 beta=0.31) | val: 1.92deg/1790mm | 32.5s
[ 4700/5000] loss=0.0058 (t=0.0015 r=0.0139 beta=0.31) | val: 1.89deg/1812mm | 33.0s
[ 4800/5000] loss=0.0058 (t=0.0015 r=0.0138 beta=0.31) | val: 1.91deg/1799mm | 33.6s
[ 4900/5000] loss=0.0059 (t=0.0015 r=0.0141 beta=0.31) | val: 1.92deg/1801mm | 34.1s
[ 5000/5000] loss=0.0060 (t=0.0016 r=0.0141 beta=0.31) | val: 1.93deg/1802mm | 34.7s

Training done. Best epoch: 690, score: 1.4792

Loaded best model from epoch 690

======================================================================
EVALUATION RESULTS (Direct Regression)
======================================================================
Rotation  (median): 1.51deg
Translation (median): 1346mm

  R@5deg_1m: 33.0%  (rot_pass=92.9%, trans_pass=34.1%)
  R@10deg_2m: 65.4%  (rot_pass=99.5%, trans_pass=65.4%)
  R@15deg_5m: 92.3%  (rot_pass=100.0%, trans_pass=92.3%)
  R@25deg_5m: 92.3%  (rot_pass=100.0%, trans_pass=92.3%)

======================================================================
EVALUATION RESULTS (Retrieval Mode)
======================================================================
Retrieval median: 11.21deg / 2384mm
  R@5deg_1m: 2.2%  (rot=6.6%, trans=20.9%)
  R@10deg_2m: 20.3%  (rot=44.5%, trans=44.0%)
  R@15deg_5m: 57.7%  (rot=70.9%, trans=86.3%)
  R@25deg_5m: 83.5%  (rot=97.3%, trans=86.3%)
======================================================================

Done!
--- exp20_128d_seed45 done ---

=== exp20_128d_seed46 ===
======================================================================
Experiment: exp20_128d_seed46
Pool: spp, Features: both+sum
======================================================================
Random seed: 46
Using device: cuda:5

Loading data (fine=True, coarse=True, summary=True)...
  Loaded fine_geo: torch.Size([895, 128, 68, 120])
  Loaded coarse_sem: torch.Size([895, 128, 68, 120])
  Loaded summary: torch.Size([895, 2560])
  [train] 895 samples loaded
  Loaded fine_geo: torch.Size([182, 128, 68, 120])
  Loaded coarse_sem: torch.Size([182, 128, 68, 120])
  Loaded summary: torch.Size([182, 2560])
  [test] 182 samples loaded
Translation norm: mean=[13.19548    -0.64731836 23.103329  ], std=[10.827089    0.94348246  9.766839  ]
  Feature dim after pooling: 7936
Model parameters: 18,905,610

Pre-computing pooled features (OOM-safe mode)...
  Pre-computed pooled features: torch.Size([895, 7936]) (28.4 MB)
  Pre-computed pooled features: torch.Size([182, 7936]) (5.8 MB)
  GPU memory freed. Training with pre-pooled features (7936d)
Model parameters: 18,905,610
[    1/5000] loss=3.2294 (t=0.6785 r=2.5510 beta=1.00) | val: 27.43deg/21175mm | 0.2s
[  100/5000] loss=0.0642 (t=0.0216 r=0.0458 beta=0.93) | val: 2.18deg/1631mm | 4.1s
[  200/5000] loss=0.0407 (t=0.0110 r=0.0336 beta=0.88) | val: 2.14deg/1778mm | 6.2s
[  300/5000] loss=0.0307 (t=0.0071 r=0.0279 beta=0.85) | val: 1.70deg/1544mm | 7.1s
[  400/5000] loss=0.0252 (t=0.0051 r=0.0247 beta=0.81) | val: 1.76deg/1672mm | 8.0s
[  500/5000] loss=0.0228 (t=0.0046 r=0.0233 beta=0.78) | val: 1.76deg/1381mm | 8.9s
[  600/5000] loss=0.0193 (t=0.0040 r=0.0205 beta=0.75) | val: 1.92deg/1506mm | 9.4s
[  700/5000] loss=0.0182 (t=0.0033 r=0.0208 beta=0.72) | val: 1.75deg/1417mm | 10.4s
[  800/5000] loss=0.0165 (t=0.0032 r=0.0194 beta=0.69) | val: 1.86deg/1434mm | 10.9s
[  900/5000] loss=0.0155 (t=0.0030 r=0.0190 beta=0.66) | val: 1.89deg/1431mm | 11.5s
[ 1000/5000] loss=0.0148 (t=0.0027 r=0.0190 beta=0.63) | val: 1.81deg/1543mm | 12.0s
[ 1100/5000] loss=0.0143 (t=0.0028 r=0.0188 beta=0.61) | val: 1.63deg/1382mm | 12.6s
[ 1200/5000] loss=0.0129 (t=0.0025 r=0.0178 beta=0.59) | val: 1.79deg/1481mm | 13.1s
[ 1300/5000] loss=0.0125 (t=0.0024 r=0.0178 beta=0.57) | val: 1.68deg/1317mm | 13.7s
[ 1400/5000] loss=0.0120 (t=0.0024 r=0.0176 beta=0.55) | val: 1.83deg/1666mm | 14.2s
[ 1500/5000] loss=0.0112 (t=0.0024 r=0.0167 beta=0.53) | val: 1.81deg/1597mm | 14.7s
[ 1600/5000] loss=0.0105 (t=0.0023 r=0.0161 beta=0.51) | val: 1.81deg/1469mm | 15.3s
[ 1700/5000] loss=0.0105 (t=0.0022 r=0.0167 beta=0.49) | val: 1.75deg/1724mm | 15.8s
[ 1800/5000] loss=0.0104 (t=0.0023 r=0.0169 beta=0.48) | val: 1.76deg/1504mm | 16.4s
[ 1900/5000] loss=0.0096 (t=0.0022 r=0.0159 beta=0.46) | val: 1.85deg/1656mm | 16.9s
[ 2000/5000] loss=0.0093 (t=0.0021 r=0.0160 beta=0.45) | val: 1.81deg/1601mm | 17.4s
[ 2100/5000] loss=0.0089 (t=0.0019 r=0.0161 beta=0.44) | val: 1.99deg/1485mm | 18.0s
[ 2200/5000] loss=0.0085 (t=0.0019 r=0.0156 beta=0.43) | val: 1.86deg/1592mm | 18.5s
[ 2300/5000] loss=0.0083 (t=0.0019 r=0.0155 beta=0.41) | val: 1.90deg/1594mm | 19.1s
[ 2400/5000] loss=0.0082 (t=0.0019 r=0.0156 beta=0.40) | val: 1.81deg/1479mm | 19.6s
[ 2500/5000] loss=0.0080 (t=0.0019 r=0.0154 beta=0.40) | val: 1.86deg/1664mm | 20.2s
[ 2600/5000] loss=0.0078 (t=0.0020 r=0.0152 beta=0.39) | val: 1.84deg/1567mm | 20.7s
[ 2700/5000] loss=0.0075 (t=0.0018 r=0.0150 beta=0.38) | val: 1.90deg/1599mm | 21.2s
[ 2800/5000] loss=0.0074 (t=0.0018 r=0.0149 beta=0.37) | val: 1.86deg/1766mm | 21.8s
[ 2900/5000] loss=0.0071 (t=0.0017 r=0.0148 beta=0.36) | val: 1.89deg/1676mm | 22.3s
[ 3000/5000] loss=0.0070 (t=0.0017 r=0.0147 beta=0.36) | val: 1.96deg/1640mm | 22.9s
[ 3100/5000] loss=0.0069 (t=0.0016 r=0.0149 beta=0.35) | val: 1.88deg/1646mm | 23.4s
[ 3200/5000] loss=0.0068 (t=0.0017 r=0.0146 beta=0.35) | val: 1.85deg/1631mm | 23.9s
[ 3300/5000] loss=0.0067 (t=0.0017 r=0.0148 beta=0.34) | val: 1.87deg/1688mm | 24.5s
[ 3400/5000] loss=0.0066 (t=0.0017 r=0.0145 beta=0.34) | val: 1.84deg/1736mm | 25.0s
[ 3500/5000] loss=0.0065 (t=0.0016 r=0.0149 beta=0.33) | val: 1.89deg/1703mm | 25.6s
[ 3600/5000] loss=0.0064 (t=0.0016 r=0.0145 beta=0.33) | val: 1.88deg/1746mm | 26.1s
[ 3700/5000] loss=0.0062 (t=0.0017 r=0.0138 beta=0.33) | val: 1.97deg/1739mm | 26.7s
[ 3800/5000] loss=0.0059 (t=0.0016 r=0.0135 beta=0.32) | val: 1.89deg/1648mm | 27.2s
[ 3900/5000] loss=0.0061 (t=0.0015 r=0.0144 beta=0.32) | val: 1.92deg/1649mm | 27.7s
[ 4000/5000] loss=0.0060 (t=0.0015 r=0.0141 beta=0.32) | val: 1.90deg/1701mm | 28.3s
[ 4100/5000] loss=0.0060 (t=0.0015 r=0.0143 beta=0.32) | val: 1.87deg/1699mm | 28.8s
[ 4200/5000] loss=0.0060 (t=0.0016 r=0.0141 beta=0.31) | val: 1.96deg/1752mm | 29.4s
[ 4300/5000] loss=0.0058 (t=0.0015 r=0.0138 beta=0.31) | val: 1.92deg/1791mm | 29.9s
[ 4400/5000] loss=0.0058 (t=0.0015 r=0.0138 beta=0.31) | val: 1.88deg/1773mm | 30.4s
[ 4500/5000] loss=0.0060 (t=0.0015 r=0.0143 beta=0.31) | val: 1.91deg/1703mm | 31.0s
[ 4600/5000] loss=0.0059 (t=0.0015 r=0.0141 beta=0.31) | val: 1.98deg/1748mm | 31.5s
[ 4700/5000] loss=0.0059 (t=0.0015 r=0.0142 beta=0.31) | val: 1.96deg/1741mm | 32.1s
[ 4800/5000] loss=0.0058 (t=0.0015 r=0.0138 beta=0.31) | val: 1.91deg/1727mm | 32.6s
[ 4900/5000] loss=0.0057 (t=0.0015 r=0.0136 beta=0.31) | val: 1.94deg/1741mm | 33.2s
[ 5000/5000] loss=0.0057 (t=0.0015 r=0.0136 beta=0.31) | val: 1.93deg/1750mm | 33.7s

Training done. Best epoch: 610, score: 1.4816

Loaded best model from epoch 610

======================================================================
EVALUATION RESULTS (Direct Regression)
======================================================================
Rotation  (median): 1.74deg
Translation (median): 1318mm

  R@5deg_1m: 31.9%  (rot_pass=95.1%, trans_pass=33.0%)
  R@10deg_2m: 68.1%  (rot_pass=99.5%, trans_pass=68.7%)
  R@15deg_5m: 93.4%  (rot_pass=100.0%, trans_pass=93.4%)
  R@25deg_5m: 93.4%  (rot_pass=100.0%, trans_pass=93.4%)

======================================================================
EVALUATION RESULTS (Retrieval Mode)
======================================================================
Retrieval median: 11.39deg / 2260mm
  R@5deg_1m: 2.2%  (rot=5.5%, trans=20.3%)
  R@10deg_2m: 19.2%  (rot=44.0%, trans=45.1%)
  R@15deg_5m: 59.3%  (rot=71.4%, trans=87.4%)
  R@25deg_5m: 84.1%  (rot=96.7%, trans=87.4%)
======================================================================

Done!
--- exp20_128d_seed46 done ---

=== exp20_128d_seed47 ===
======================================================================
Experiment: exp20_128d_seed47
Pool: spp, Features: both+sum
======================================================================
Random seed: 47
Using device: cuda:5

Loading data (fine=True, coarse=True, summary=True)...
  Loaded fine_geo: torch.Size([895, 128, 68, 120])
  Loaded coarse_sem: torch.Size([895, 128, 68, 120])
  Loaded summary: torch.Size([895, 2560])
  [train] 895 samples loaded
  Loaded fine_geo: torch.Size([182, 128, 68, 120])
  Loaded coarse_sem: torch.Size([182, 128, 68, 120])
  Loaded summary: torch.Size([182, 2560])
  [test] 182 samples loaded
Translation norm: mean=[13.19548    -0.64731836 23.103329  ], std=[10.827089    0.94348246  9.766839  ]
  Feature dim after pooling: 7936
Model parameters: 18,905,610

Pre-computing pooled features (OOM-safe mode)...
  Pre-computed pooled features: torch.Size([895, 7936]) (28.4 MB)
  Pre-computed pooled features: torch.Size([182, 7936]) (5.8 MB)
  GPU memory freed. Training with pre-pooled features (7936d)
Model parameters: 18,905,610
[    1/5000] loss=2.8430 (t=0.5333 r=2.3098 beta=1.00) | val: 48.19deg/16822mm | 0.2s
[  100/5000] loss=0.0660 (t=0.0224 r=0.0474 beta=0.92) | val: 2.25deg/1525mm | 4.4s
[  200/5000] loss=0.0388 (t=0.0117 r=0.0311 beta=0.87) | val: 1.96deg/1622mm | 6.0s
[  300/5000] loss=0.0290 (t=0.0067 r=0.0269 beta=0.83) | val: 1.81deg/1500mm | 6.9s
[  400/5000] loss=0.0256 (t=0.0060 r=0.0247 beta=0.79) | val: 1.73deg/1488mm | 7.5s
[  500/5000] loss=0.0219 (t=0.0044 r=0.0231 beta=0.76) | val: 1.94deg/1590mm | 8.4s
[  600/5000] loss=0.0195 (t=0.0039 r=0.0216 beta=0.72) | val: 1.57deg/1767mm | 8.9s
[  700/5000] loss=0.0175 (t=0.0031 r=0.0208 beta=0.69) | val: 1.64deg/1356mm | 9.5s
[  800/5000] loss=0.0165 (t=0.0033 r=0.0200 beta=0.66) | val: 1.61deg/1434mm | 10.0s
[  900/5000] loss=0.0148 (t=0.0030 r=0.0187 beta=0.63) | val: 1.65deg/1402mm | 10.9s
[ 1000/5000] loss=0.0150 (t=0.0029 r=0.0198 beta=0.61) | val: 1.69deg/1406mm | 11.4s
[ 1100/5000] loss=0.0136 (t=0.0027 r=0.0187 beta=0.58) | val: 1.71deg/1455mm | 12.0s
[ 1200/5000] loss=0.0126 (t=0.0026 r=0.0179 beta=0.56) | val: 1.64deg/1538mm | 12.5s
[ 1300/5000] loss=0.0118 (t=0.0025 r=0.0171 beta=0.54) | val: 1.74deg/1523mm | 13.1s
[ 1400/5000] loss=0.0112 (t=0.0023 r=0.0172 beta=0.52) | val: 1.67deg/1490mm | 13.6s
[ 1500/5000] loss=0.0110 (t=0.0024 r=0.0171 beta=0.50) | val: 1.67deg/1634mm | 14.2s
[ 1600/5000] loss=0.0100 (t=0.0022 r=0.0161 beta=0.48) | val: 1.74deg/1390mm | 14.7s
[ 1700/5000] loss=0.0099 (t=0.0023 r=0.0164 beta=0.47) | val: 1.80deg/1498mm | 15.3s
[ 1800/5000] loss=0.0094 (t=0.0021 r=0.0162 beta=0.45) | val: 1.72deg/1578mm | 15.8s
[ 1900/5000] loss=0.0092 (t=0.0021 r=0.0162 beta=0.44) | val: 1.79deg/1442mm | 16.4s
[ 2000/5000] loss=0.0092 (t=0.0021 r=0.0168 beta=0.42) | val: 1.82deg/1466mm | 16.9s
[ 2100/5000] loss=0.0087 (t=0.0020 r=0.0162 beta=0.41) | val: 1.80deg/1589mm | 17.4s
[ 2200/5000] loss=0.0081 (t=0.0018 r=0.0157 beta=0.40) | val: 1.75deg/1621mm | 18.0s
[ 2300/5000] loss=0.0080 (t=0.0019 r=0.0156 beta=0.39) | val: 1.79deg/1642mm | 18.5s
[ 2400/5000] loss=0.0079 (t=0.0020 r=0.0156 beta=0.38) | val: 1.82deg/1734mm | 19.1s
[ 2500/5000] loss=0.0077 (t=0.0018 r=0.0159 beta=0.37) | val: 1.82deg/1622mm | 19.6s
[ 2600/5000] loss=0.0075 (t=0.0020 r=0.0153 beta=0.36) | val: 1.83deg/1701mm | 20.2s
[ 2700/5000] loss=0.0071 (t=0.0018 r=0.0151 beta=0.35) | val: 1.78deg/1749mm | 20.7s
[ 2800/5000] loss=0.0072 (t=0.0018 r=0.0155 beta=0.35) | val: 1.83deg/1627mm | 21.3s
[ 2900/5000] loss=0.0067 (t=0.0017 r=0.0148 beta=0.34) | val: 1.89deg/1730mm | 21.8s
[ 3000/5000] loss=0.0065 (t=0.0016 r=0.0148 beta=0.33) | val: 1.90deg/1678mm | 22.4s
[ 3100/5000] loss=0.0065 (t=0.0017 r=0.0146 beta=0.33) | val: 1.90deg/1726mm | 22.9s
[ 3200/5000] loss=0.0065 (t=0.0016 r=0.0151 beta=0.32) | val: 1.86deg/1732mm | 23.5s
[ 3300/5000] loss=0.0062 (t=0.0016 r=0.0145 beta=0.32) | val: 1.89deg/1682mm | 24.1s
[ 3400/5000] loss=0.0062 (t=0.0016 r=0.0146 beta=0.31) | val: 1.89deg/1654mm | 24.7s
[ 3500/5000] loss=0.0060 (t=0.0015 r=0.0144 beta=0.31) | val: 1.92deg/1685mm | 25.2s
[ 3600/5000] loss=0.0060 (t=0.0015 r=0.0146 beta=0.31) | val: 1.83deg/1671mm | 25.8s
[ 3700/5000] loss=0.0059 (t=0.0015 r=0.0145 beta=0.30) | val: 1.90deg/1730mm | 26.3s
[ 3800/5000] loss=0.0060 (t=0.0016 r=0.0145 beta=0.30) | val: 1.85deg/1693mm | 26.9s
[ 3900/5000] loss=0.0058 (t=0.0015 r=0.0144 beta=0.30) | val: 1.83deg/1691mm | 27.6s
[ 4000/5000] loss=0.0057 (t=0.0015 r=0.0142 beta=0.30) | val: 1.88deg/1820mm | 28.2s
[ 4100/5000] loss=0.0056 (t=0.0015 r=0.0141 beta=0.30) | val: 1.84deg/1692mm | 28.8s
[ 4200/5000] loss=0.0057 (t=0.0015 r=0.0142 beta=0.29) | val: 1.88deg/1741mm | 29.4s
[ 4300/5000] loss=0.0057 (t=0.0015 r=0.0141 beta=0.29) | val: 1.89deg/1746mm | 30.0s
[ 4400/5000] loss=0.0056 (t=0.0015 r=0.0141 beta=0.29) | val: 1.83deg/1750mm | 30.5s
[ 4500/5000] loss=0.0056 (t=0.0015 r=0.0140 beta=0.29) | val: 1.84deg/1741mm | 31.1s
[ 4600/5000] loss=0.0056 (t=0.0015 r=0.0142 beta=0.29) | val: 1.85deg/1763mm | 31.6s
[ 4700/5000] loss=0.0056 (t=0.0014 r=0.0144 beta=0.29) | val: 1.89deg/1771mm | 32.1s
[ 4800/5000] loss=0.0056 (t=0.0014 r=0.0142 beta=0.29) | val: 1.84deg/1735mm | 32.7s
[ 4900/5000] loss=0.0055 (t=0.0015 r=0.0139 beta=0.29) | val: 1.86deg/1748mm | 33.2s
[ 5000/5000] loss=0.0056 (t=0.0015 r=0.0141 beta=0.29) | val: 1.86deg/1769mm | 33.8s

Training done. Best epoch: 820, score: 1.4647

Loaded best model from epoch 820

======================================================================
EVALUATION RESULTS (Direct Regression)
======================================================================
Rotation  (median): 1.64deg
Translation (median): 1305mm

  R@5deg_1m: 35.7%  (rot_pass=92.3%, trans_pass=36.8%)
  R@10deg_2m: 66.5%  (rot_pass=98.9%, trans_pass=67.6%)
  R@15deg_5m: 94.0%  (rot_pass=100.0%, trans_pass=94.0%)
  R@25deg_5m: 94.0%  (rot_pass=100.0%, trans_pass=94.0%)

======================================================================
EVALUATION RESULTS (Retrieval Mode)
======================================================================
Retrieval median: 11.30deg / 2354mm
  R@5deg_1m: 2.7%  (rot=6.0%, trans=22.0%)
  R@10deg_2m: 20.3%  (rot=43.4%, trans=44.5%)
  R@15deg_5m: 60.4%  (rot=72.5%, trans=87.4%)
  R@25deg_5m: 84.6%  (rot=97.3%, trans=87.4%)
======================================================================

Done!
--- exp20_128d_seed47 done ---

=== exp20_128d_seed48 ===
======================================================================
Experiment: exp20_128d_seed48
Pool: spp, Features: both+sum
======================================================================
Random seed: 48
Using device: cuda:5

Loading data (fine=True, coarse=True, summary=True)...
  Loaded fine_geo: torch.Size([895, 128, 68, 120])
  Loaded coarse_sem: torch.Size([895, 128, 68, 120])
  Loaded summary: torch.Size([895, 2560])
  [train] 895 samples loaded
  Loaded fine_geo: torch.Size([182, 128, 68, 120])
  Loaded coarse_sem: torch.Size([182, 128, 68, 120])
  Loaded summary: torch.Size([182, 2560])
  [test] 182 samples loaded
Translation norm: mean=[13.19548    -0.64731836 23.103329  ], std=[10.827089    0.94348246  9.766839  ]
  Feature dim after pooling: 7936
Model parameters: 18,905,610

Pre-computing pooled features (OOM-safe mode)...
  Pre-computed pooled features: torch.Size([895, 7936]) (28.4 MB)
  Pre-computed pooled features: torch.Size([182, 7936]) (5.8 MB)
  GPU memory freed. Training with pre-pooled features (7936d)
Model parameters: 18,905,610
[    1/5000] loss=2.2512 (t=0.5329 r=1.7183 beta=1.00) | val: 26.17deg/18684mm | 0.3s
[  100/5000] loss=0.0641 (t=0.0218 r=0.0459 beta=0.92) | val: 2.34deg/1745mm | 4.3s
[  200/5000] loss=0.0409 (t=0.0114 r=0.0335 beta=0.88) | val: 2.14deg/1686mm | 5.6s
[  300/5000] loss=0.0307 (t=0.0077 r=0.0275 beta=0.84) | val: 2.03deg/1613mm | 6.1s
[  400/5000] loss=0.0263 (t=0.0055 r=0.0261 beta=0.80) | val: 1.83deg/1605mm | 7.7s
[  500/5000] loss=0.0225 (t=0.0046 r=0.0234 beta=0.77) | val: 1.89deg/1611mm | 8.6s
[  600/5000] loss=0.0204 (t=0.0044 r=0.0219 beta=0.73) | val: 1.80deg/1527mm | 9.5s
[  700/5000] loss=0.0184 (t=0.0036 r=0.0209 beta=0.70) | val: 1.83deg/1528mm | 10.1s
[  800/5000] loss=0.0164 (t=0.0034 r=0.0193 beta=0.67) | val: 1.80deg/1500mm | 10.6s
[  900/5000] loss=0.0150 (t=0.0029 r=0.0188 beta=0.65) | val: 1.79deg/1450mm | 11.5s
[ 1000/5000] loss=0.0147 (t=0.0029 r=0.0190 beta=0.62) | val: 1.67deg/1450mm | 12.1s
[ 1100/5000] loss=0.0133 (t=0.0026 r=0.0179 beta=0.60) | val: 1.62deg/1376mm | 12.6s
[ 1200/5000] loss=0.0125 (t=0.0026 r=0.0172 beta=0.58) | val: 1.70deg/1433mm | 13.2s
[ 1300/5000] loss=0.0123 (t=0.0026 r=0.0175 beta=0.55) | val: 1.63deg/1471mm | 13.7s
[ 1400/5000] loss=0.0117 (t=0.0025 r=0.0172 beta=0.54) | val: 1.90deg/1429mm | 14.2s
[ 1500/5000] loss=0.0111 (t=0.0024 r=0.0170 beta=0.52) | val: 1.64deg/1340mm | 14.8s
[ 1600/5000] loss=0.0101 (t=0.0021 r=0.0162 beta=0.50) | val: 1.76deg/1455mm | 15.3s
[ 1700/5000] loss=0.0101 (t=0.0021 r=0.0167 beta=0.48) | val: 1.69deg/1511mm | 15.9s
[ 1800/5000] loss=0.0101 (t=0.0021 r=0.0171 beta=0.47) | val: 1.70deg/1667mm | 16.4s
[ 1900/5000] loss=0.0094 (t=0.0020 r=0.0163 beta=0.45) | val: 1.82deg/1562mm | 17.0s
[ 2000/5000] loss=0.0090 (t=0.0020 r=0.0158 beta=0.44) | val: 1.77deg/1491mm | 17.5s
[ 2100/5000] loss=0.0087 (t=0.0020 r=0.0156 beta=0.43) | val: 1.75deg/1472mm | 18.1s
[ 2200/5000] loss=0.0086 (t=0.0019 r=0.0162 beta=0.42) | val: 1.92deg/1553mm | 18.6s
[ 2300/5000] loss=0.0085 (t=0.0019 r=0.0161 beta=0.40) | val: 1.81deg/1611mm | 19.2s
[ 2400/5000] loss=0.0081 (t=0.0020 r=0.0155 beta=0.39) | val: 1.83deg/1583mm | 19.7s
[ 2500/5000] loss=0.0077 (t=0.0018 r=0.0154 beta=0.38) | val: 1.78deg/1511mm | 20.3s
[ 2600/5000] loss=0.0075 (t=0.0018 r=0.0153 beta=0.38) | val: 1.78deg/1656mm | 20.9s
[ 2700/5000] loss=0.0075 (t=0.0019 r=0.0152 beta=0.37) | val: 1.80deg/1509mm | 21.4s
[ 2800/5000] loss=0.0074 (t=0.0018 r=0.0156 beta=0.36) | val: 1.91deg/1649mm | 22.0s
[ 2900/5000] loss=0.0069 (t=0.0018 r=0.0145 beta=0.35) | val: 1.92deg/1745mm | 22.6s
[ 3000/5000] loss=0.0069 (t=0.0017 r=0.0152 beta=0.35) | val: 1.88deg/1577mm | 23.2s
[ 3100/5000] loss=0.0069 (t=0.0018 r=0.0149 beta=0.34) | val: 1.85deg/1587mm | 23.9s
[ 3200/5000] loss=0.0066 (t=0.0017 r=0.0145 beta=0.34) | val: 2.13deg/1665mm | 24.5s
[ 3300/5000] loss=0.0063 (t=0.0016 r=0.0143 beta=0.33) | val: 1.95deg/1727mm | 25.1s
[ 3400/5000] loss=0.0066 (t=0.0018 r=0.0148 beta=0.33) | val: 1.96deg/1695mm | 25.7s
[ 3500/5000] loss=0.0063 (t=0.0016 r=0.0145 beta=0.32) | val: 1.96deg/1663mm | 26.2s
[ 3600/5000] loss=0.0061 (t=0.0016 r=0.0142 beta=0.32) | val: 1.97deg/1699mm | 26.8s
[ 3700/5000] loss=0.0063 (t=0.0017 r=0.0145 beta=0.32) | val: 1.99deg/1762mm | 27.4s
[ 3800/5000] loss=0.0062 (t=0.0016 r=0.0147 beta=0.31) | val: 2.00deg/1711mm | 28.0s
[ 3900/5000] loss=0.0059 (t=0.0016 r=0.0138 beta=0.31) | val: 2.02deg/1728mm | 28.7s
[ 4000/5000] loss=0.0058 (t=0.0015 r=0.0139 beta=0.31) | val: 2.01deg/1630mm | 29.2s
[ 4100/5000] loss=0.0059 (t=0.0016 r=0.0142 beta=0.31) | val: 1.99deg/1677mm | 29.8s
[ 4200/5000] loss=0.0060 (t=0.0015 r=0.0146 beta=0.31) | val: 2.03deg/1728mm | 30.3s
[ 4300/5000] loss=0.0058 (t=0.0015 r=0.0139 beta=0.31) | val: 1.98deg/1691mm | 30.9s
[ 4400/5000] loss=0.0059 (t=0.0016 r=0.0143 beta=0.30) | val: 2.04deg/1709mm | 31.4s
[ 4500/5000] loss=0.0058 (t=0.0015 r=0.0142 beta=0.30) | val: 2.04deg/1745mm | 32.0s
[ 4600/5000] loss=0.0057 (t=0.0015 r=0.0137 beta=0.30) | val: 2.02deg/1726mm | 32.5s
[ 4700/5000] loss=0.0059 (t=0.0016 r=0.0142 beta=0.30) | val: 2.02deg/1713mm | 33.1s
[ 4800/5000] loss=0.0058 (t=0.0015 r=0.0140 beta=0.30) | val: 2.07deg/1715mm | 33.7s
[ 4900/5000] loss=0.0059 (t=0.0015 r=0.0144 beta=0.30) | val: 2.06deg/1712mm | 34.3s
[ 5000/5000] loss=0.0057 (t=0.0015 r=0.0138 beta=0.30) | val: 2.06deg/1710mm | 34.8s

Training done. Best epoch: 860, score: 1.4595

Loaded best model from epoch 860

======================================================================
EVALUATION RESULTS (Direct Regression)
======================================================================
Rotation  (median): 1.72deg
Translation (median): 1300mm

  R@5deg_1m: 33.0%  (rot_pass=93.4%, trans_pass=34.6%)
  R@10deg_2m: 67.6%  (rot_pass=99.5%, trans_pass=68.1%)
  R@15deg_5m: 94.0%  (rot_pass=100.0%, trans_pass=94.0%)
  R@25deg_5m: 94.0%  (rot_pass=100.0%, trans_pass=94.0%)

======================================================================
EVALUATION RESULTS (Retrieval Mode)
======================================================================
Retrieval median: 11.16deg / 2275mm
  R@5deg_1m: 2.2%  (rot=6.0%, trans=22.0%)
  R@10deg_2m: 19.8%  (rot=44.5%, trans=45.6%)
  R@15deg_5m: 55.5%  (rot=71.4%, trans=83.5%)
  R@25deg_5m: 80.2%  (rot=96.7%, trans=83.5%)
======================================================================

Done!
--- exp20_128d_seed48 done ---

=== exp20_128d_seed49 ===
======================================================================
Experiment: exp20_128d_seed49
Pool: spp, Features: both+sum
======================================================================
Random seed: 49
Using device: cuda:5

Loading data (fine=True, coarse=True, summary=True)...
  Loaded fine_geo: torch.Size([895, 128, 68, 120])
  Loaded coarse_sem: torch.Size([895, 128, 68, 120])
  Loaded summary: torch.Size([895, 2560])
  [train] 895 samples loaded
  Loaded fine_geo: torch.Size([182, 128, 68, 120])
  Loaded coarse_sem: torch.Size([182, 128, 68, 120])
  Loaded summary: torch.Size([182, 2560])
  [test] 182 samples loaded
Translation norm: mean=[13.19548    -0.64731836 23.103329  ], std=[10.827089    0.94348246  9.766839  ]
  Feature dim after pooling: 7936
Model parameters: 18,905,610

Pre-computing pooled features (OOM-safe mode)...
  Pre-computed pooled features: torch.Size([895, 7936]) (28.4 MB)
  Pre-computed pooled features: torch.Size([182, 7936]) (5.8 MB)
  GPU memory freed. Training with pre-pooled features (7936d)
Model parameters: 18,905,610
[    1/5000] loss=2.8443 (t=0.5754 r=2.2689 beta=1.00) | val: 23.71deg/14025mm | 0.7s
[  100/5000] loss=0.0648 (t=0.0223 r=0.0462 beta=0.92) | val: 2.63deg/1881mm | 4.5s
[  200/5000] loss=0.0410 (t=0.0120 r=0.0332 beta=0.87) | val: 2.02deg/1686mm | 6.4s
[  300/5000] loss=0.0306 (t=0.0071 r=0.0282 beta=0.83) | val: 1.77deg/1526mm | 7.0s
[  400/5000] loss=0.0261 (t=0.0053 r=0.0261 beta=0.80) | val: 1.76deg/1475mm | 7.8s
[  500/5000] loss=0.0222 (t=0.0046 r=0.0230 beta=0.76) | val: 1.72deg/1357mm | 9.8s
[  600/5000] loss=0.0191 (t=0.0036 r=0.0213 beta=0.73) | val: 1.82deg/1554mm | 10.7s
[  700/5000] loss=0.0186 (t=0.0037 r=0.0212 beta=0.70) | val: 1.66deg/1570mm | 11.6s
[  800/5000] loss=0.0171 (t=0.0031 r=0.0208 beta=0.67) | val: 1.63deg/1419mm | 12.2s
[  900/5000] loss=0.0150 (t=0.0027 r=0.0191 beta=0.64) | val: 1.74deg/1485mm | 12.8s
[ 1000/5000] loss=0.0140 (t=0.0026 r=0.0184 beta=0.62) | val: 1.88deg/1568mm | 13.3s
[ 1100/5000] loss=0.0139 (t=0.0027 r=0.0188 beta=0.60) | val: 1.88deg/1568mm | 13.9s
[ 1200/5000] loss=0.0125 (t=0.0025 r=0.0174 beta=0.57) | val: 1.81deg/1605mm | 14.4s
[ 1300/5000] loss=0.0118 (t=0.0023 r=0.0173 beta=0.55) | val: 1.84deg/1582mm | 14.9s
[ 1400/5000] loss=0.0120 (t=0.0027 r=0.0176 beta=0.53) | val: 1.78deg/1505mm | 15.5s
[ 1500/5000] loss=0.0109 (t=0.0021 r=0.0172 beta=0.51) | val: 1.82deg/1550mm | 16.1s
[ 1600/5000] loss=0.0105 (t=0.0021 r=0.0169 beta=0.50) | val: 1.90deg/1536mm | 16.7s
[ 1700/5000] loss=0.0103 (t=0.0022 r=0.0170 beta=0.48) | val: 1.77deg/1574mm | 17.2s
[ 1800/5000] loss=0.0098 (t=0.0021 r=0.0165 beta=0.46) | val: 1.76deg/1705mm | 17.8s
[ 1900/5000] loss=0.0095 (t=0.0021 r=0.0165 beta=0.45) | val: 1.82deg/1732mm | 18.3s
[ 2000/5000] loss=0.0088 (t=0.0019 r=0.0159 beta=0.44) | val: 1.91deg/1672mm | 18.9s
[ 2100/5000] loss=0.0087 (t=0.0019 r=0.0160 beta=0.42) | val: 1.80deg/1747mm | 19.5s
[ 2200/5000] loss=0.0085 (t=0.0020 r=0.0159 beta=0.41) | val: 1.83deg/1834mm | 20.0s
[ 2300/5000] loss=0.0084 (t=0.0019 r=0.0162 beta=0.40) | val: 1.85deg/1778mm | 20.6s
[ 2400/5000] loss=0.0079 (t=0.0019 r=0.0154 beta=0.39) | val: 1.92deg/1952mm | 21.2s
[ 2500/5000] loss=0.0077 (t=0.0018 r=0.0155 beta=0.38) | val: 1.83deg/1800mm | 21.8s
[ 2600/5000] loss=0.0075 (t=0.0017 r=0.0155 beta=0.37) | val: 2.00deg/1838mm | 22.3s
[ 2700/5000] loss=0.0071 (t=0.0017 r=0.0149 beta=0.37) | val: 1.96deg/1771mm | 22.9s
[ 2800/5000] loss=0.0071 (t=0.0017 r=0.0151 beta=0.36) | val: 1.92deg/1929mm | 23.4s
[ 2900/5000] loss=0.0069 (t=0.0016 r=0.0151 beta=0.35) | val: 1.91deg/1912mm | 24.0s
[ 3000/5000] loss=0.0071 (t=0.0018 r=0.0154 beta=0.35) | val: 1.96deg/1861mm | 24.7s
[ 3100/5000] loss=0.0067 (t=0.0017 r=0.0149 beta=0.34) | val: 1.91deg/1795mm | 25.2s
[ 3200/5000] loss=0.0067 (t=0.0017 r=0.0152 beta=0.33) | val: 1.92deg/1744mm | 25.8s
[ 3300/5000] loss=0.0064 (t=0.0016 r=0.0148 beta=0.33) | val: 1.90deg/1871mm | 26.4s
[ 3400/5000] loss=0.0064 (t=0.0016 r=0.0147 beta=0.33) | val: 1.85deg/1885mm | 27.0s
[ 3500/5000] loss=0.0062 (t=0.0016 r=0.0144 beta=0.32) | val: 1.98deg/1975mm | 27.6s
[ 3600/5000] loss=0.0063 (t=0.0017 r=0.0146 beta=0.32) | val: 1.90deg/1879mm | 28.1s
[ 3700/5000] loss=0.0062 (t=0.0016 r=0.0147 beta=0.31) | val: 1.90deg/1933mm | 28.7s
[ 3800/5000] loss=0.0062 (t=0.0017 r=0.0145 beta=0.31) | val: 1.86deg/1965mm | 29.2s
[ 3900/5000] loss=0.0059 (t=0.0015 r=0.0142 beta=0.31) | val: 1.89deg/1896mm | 29.8s
[ 4000/5000] loss=0.0058 (t=0.0015 r=0.0141 beta=0.31) | val: 1.97deg/1915mm | 30.3s
[ 4100/5000] loss=0.0060 (t=0.0016 r=0.0146 beta=0.31) | val: 1.91deg/1894mm | 30.9s
[ 4200/5000] loss=0.0060 (t=0.0016 r=0.0144 beta=0.30) | val: 1.87deg/1950mm | 31.5s
[ 4300/5000] loss=0.0058 (t=0.0015 r=0.0142 beta=0.30) | val: 1.93deg/2018mm | 32.1s
[ 4400/5000] loss=0.0059 (t=0.0016 r=0.0143 beta=0.30) | val: 1.93deg/1942mm | 32.6s
[ 4500/5000] loss=0.0057 (t=0.0014 r=0.0142 beta=0.30) | val: 1.91deg/1979mm | 33.2s
[ 4600/5000] loss=0.0058 (t=0.0015 r=0.0141 beta=0.30) | val: 1.93deg/1994mm | 33.8s
[ 4700/5000] loss=0.0056 (t=0.0015 r=0.0136 beta=0.30) | val: 1.90deg/1986mm | 34.3s
[ 4800/5000] loss=0.0058 (t=0.0015 r=0.0142 beta=0.30) | val: 1.90deg/2027mm | 34.9s
[ 4900/5000] loss=0.0057 (t=0.0014 r=0.0143 beta=0.30) | val: 1.90deg/2008mm | 35.4s
[ 5000/5000] loss=0.0059 (t=0.0016 r=0.0143 beta=0.30) | val: 1.86deg/2003mm | 36.0s

Training done. Best epoch: 620, score: 1.5157

Loaded best model from epoch 620

======================================================================
EVALUATION RESULTS (Direct Regression)
======================================================================
Rotation  (median): 1.59deg
Translation (median): 1360mm

  R@5deg_1m: 30.8%  (rot_pass=94.5%, trans_pass=31.9%)
  R@10deg_2m: 67.6%  (rot_pass=99.5%, trans_pass=68.1%)
  R@15deg_5m: 93.4%  (rot_pass=100.0%, trans_pass=93.4%)
  R@25deg_5m: 93.4%  (rot_pass=100.0%, trans_pass=93.4%)

======================================================================
EVALUATION RESULTS (Retrieval Mode)
======================================================================
Retrieval median: 11.77deg / 2275mm
  R@5deg_1m: 2.7%  (rot=6.0%, trans=22.5%)
  R@10deg_2m: 19.8%  (rot=44.0%, trans=45.1%)
  R@15deg_5m: 57.1%  (rot=69.2%, trans=87.4%)
  R@25deg_5m: 84.6%  (rot=97.3%, trans=87.4%)
======================================================================

Done!
--- exp20_128d_seed49 done ---

=== exp20_128d_seed50 ===
======================================================================
Experiment: exp20_128d_seed50
Pool: spp, Features: both+sum
======================================================================
Random seed: 50
Using device: cuda:5

Loading data (fine=True, coarse=True, summary=True)...
  Loaded fine_geo: torch.Size([895, 128, 68, 120])
  Loaded coarse_sem: torch.Size([895, 128, 68, 120])
  Loaded summary: torch.Size([895, 2560])
  [train] 895 samples loaded
  Loaded fine_geo: torch.Size([182, 128, 68, 120])
  Loaded coarse_sem: torch.Size([182, 128, 68, 120])
  Loaded summary: torch.Size([182, 2560])
  [test] 182 samples loaded
Translation norm: mean=[13.19548    -0.64731836 23.103329  ], std=[10.827089    0.94348246  9.766839  ]
  Feature dim after pooling: 7936
Model parameters: 18,905,610

Pre-computing pooled features (OOM-safe mode)...
  Pre-computed pooled features: torch.Size([895, 7936]) (28.4 MB)
  Pre-computed pooled features: torch.Size([182, 7936]) (5.8 MB)
  GPU memory freed. Training with pre-pooled features (7936d)
Model parameters: 18,905,610
[    1/5000] loss=3.1526 (t=0.7204 r=2.4322 beta=1.00) | val: 27.27deg/26795mm | 0.2s
[  100/5000] loss=0.0647 (t=0.0224 r=0.0459 beta=0.92) | val: 2.34deg/1811mm | 4.6s
[  200/5000] loss=0.0409 (t=0.0109 r=0.0343 beta=0.87) | val: 1.94deg/1683mm | 6.6s
[  300/5000] loss=0.0322 (t=0.0074 r=0.0298 beta=0.83) | val: 2.01deg/1580mm | 7.2s
[  400/5000] loss=0.0254 (t=0.0053 r=0.0253 beta=0.79) | val: 1.90deg/1751mm | 8.4s
[  500/5000] loss=0.0205 (t=0.0041 r=0.0217 beta=0.76) | val: 1.68deg/1476mm | 9.0s
[  600/5000] loss=0.0197 (t=0.0038 r=0.0219 beta=0.73) | val: 1.62deg/1596mm | 9.5s
[  700/5000] loss=0.0177 (t=0.0035 r=0.0204 beta=0.70) | val: 1.62deg/1584mm | 10.4s
[  800/5000] loss=0.0167 (t=0.0031 r=0.0204 beta=0.67) | val: 1.62deg/1642mm | 11.7s
[  900/5000] loss=0.0156 (t=0.0030 r=0.0196 beta=0.64) | val: 1.72deg/1509mm | 12.2s
[ 1000/5000] loss=0.0141 (t=0.0027 r=0.0186 beta=0.62) | val: 1.70deg/1520mm | 12.8s
[ 1100/5000] loss=0.0130 (t=0.0025 r=0.0177 beta=0.59) | val: 1.67deg/1403mm | 13.3s
[ 1200/5000] loss=0.0128 (t=0.0025 r=0.0180 beta=0.57) | val: 1.66deg/1489mm | 14.2s
[ 1300/5000] loss=0.0124 (t=0.0026 r=0.0180 beta=0.55) | val: 1.59deg/1477mm | 14.7s
[ 1400/5000] loss=0.0114 (t=0.0022 r=0.0174 beta=0.53) | val: 1.64deg/1581mm | 15.3s
[ 1500/5000] loss=0.0110 (t=0.0021 r=0.0175 beta=0.51) | val: 1.70deg/1376mm | 15.9s
[ 1600/5000] loss=0.0106 (t=0.0022 r=0.0170 beta=0.49) | val: 1.71deg/1735mm | 16.8s
[ 1700/5000] loss=0.0097 (t=0.0020 r=0.0162 beta=0.48) | val: 1.58deg/1568mm | 17.3s
[ 1800/5000] loss=0.0097 (t=0.0021 r=0.0164 beta=0.46) | val: 1.73deg/1540mm | 17.9s
[ 1900/5000] loss=0.0093 (t=0.0021 r=0.0160 beta=0.45) | val: 1.72deg/1782mm | 18.4s
[ 2000/5000] loss=0.0089 (t=0.0019 r=0.0162 beta=0.43) | val: 1.71deg/1535mm | 18.9s
[ 2100/5000] loss=0.0084 (t=0.0019 r=0.0156 beta=0.42) | val: 1.74deg/1608mm | 19.5s
[ 2200/5000] loss=0.0086 (t=0.0020 r=0.0162 beta=0.41) | val: 1.70deg/1669mm | 20.0s
[ 2300/5000] loss=0.0086 (t=0.0020 r=0.0166 beta=0.40) | val: 1.68deg/1630mm | 20.6s
[ 2400/5000] loss=0.0080 (t=0.0018 r=0.0160 beta=0.39) | val: 1.73deg/1667mm | 21.1s
[ 2500/5000] loss=0.0076 (t=0.0018 r=0.0153 beta=0.38) | val: 1.74deg/1544mm | 21.7s
[ 2600/5000] loss=0.0073 (t=0.0017 r=0.0152 beta=0.37) | val: 1.72deg/1526mm | 22.2s
[ 2700/5000] loss=0.0072 (t=0.0017 r=0.0152 beta=0.36) | val: 1.70deg/1629mm | 22.7s
[ 2800/5000] loss=0.0070 (t=0.0017 r=0.0150 beta=0.36) | val: 1.73deg/1579mm | 23.3s
[ 2900/5000] loss=0.0069 (t=0.0016 r=0.0151 beta=0.35) | val: 1.77deg/1535mm | 24.0s
[ 3000/5000] loss=0.0069 (t=0.0017 r=0.0150 beta=0.34) | val: 1.77deg/1615mm | 24.6s
[ 3100/5000] loss=0.0066 (t=0.0017 r=0.0146 beta=0.34) | val: 1.82deg/1592mm | 25.1s
[ 3200/5000] loss=0.0068 (t=0.0018 r=0.0150 beta=0.33) | val: 1.79deg/1684mm | 25.7s
[ 3300/5000] loss=0.0065 (t=0.0016 r=0.0148 beta=0.33) | val: 1.82deg/1635mm | 26.2s
[ 3400/5000] loss=0.0062 (t=0.0015 r=0.0144 beta=0.32) | val: 1.75deg/1707mm | 26.8s
[ 3500/5000] loss=0.0062 (t=0.0016 r=0.0144 beta=0.32) | val: 1.72deg/1577mm | 27.4s
[ 3600/5000] loss=0.0061 (t=0.0016 r=0.0141 beta=0.31) | val: 1.83deg/1678mm | 27.9s
[ 3700/5000] loss=0.0061 (t=0.0016 r=0.0143 beta=0.31) | val: 1.81deg/1587mm | 28.5s
[ 3800/5000] loss=0.0060 (t=0.0016 r=0.0144 beta=0.31) | val: 1.93deg/1628mm | 29.0s
[ 3900/5000] loss=0.0059 (t=0.0014 r=0.0147 beta=0.31) | val: 1.82deg/1525mm | 29.6s
[ 4000/5000] loss=0.0060 (t=0.0015 r=0.0146 beta=0.30) | val: 1.84deg/1615mm | 30.1s
[ 4100/5000] loss=0.0057 (t=0.0015 r=0.0140 beta=0.30) | val: 1.88deg/1693mm | 30.7s
[ 4200/5000] loss=0.0057 (t=0.0015 r=0.0140 beta=0.30) | val: 1.84deg/1659mm | 31.2s
[ 4300/5000] loss=0.0057 (t=0.0015 r=0.0141 beta=0.30) | val: 1.86deg/1614mm | 31.8s
[ 4400/5000] loss=0.0057 (t=0.0014 r=0.0142 beta=0.30) | val: 1.83deg/1689mm | 32.4s
[ 4500/5000] loss=0.0059 (t=0.0015 r=0.0146 beta=0.30) | val: 1.83deg/1619mm | 32.9s
[ 4600/5000] loss=0.0058 (t=0.0015 r=0.0144 beta=0.30) | val: 1.79deg/1645mm | 33.5s
[ 4700/5000] loss=0.0056 (t=0.0014 r=0.0139 beta=0.30) | val: 1.84deg/1628mm | 34.1s
[ 4800/5000] loss=0.0057 (t=0.0014 r=0.0145 beta=0.30) | val: 1.84deg/1689mm | 34.7s
[ 4900/5000] loss=0.0055 (t=0.0014 r=0.0138 beta=0.30) | val: 1.84deg/1673mm | 35.2s
[ 5000/5000] loss=0.0057 (t=0.0014 r=0.0143 beta=0.30) | val: 1.84deg/1665mm | 35.8s

Training done. Best epoch: 1500, score: 1.5454

Loaded best model from epoch 1500

======================================================================
EVALUATION RESULTS (Direct Regression)
======================================================================
Rotation  (median): 1.70deg
Translation (median): 1379mm

  R@5deg_1m: 31.9%  (rot_pass=93.4%, trans_pass=32.4%)
  R@10deg_2m: 65.4%  (rot_pass=99.5%, trans_pass=65.9%)
  R@15deg_5m: 91.2%  (rot_pass=100.0%, trans_pass=91.2%)
  R@25deg_5m: 91.2%  (rot_pass=100.0%, trans_pass=91.2%)

======================================================================
EVALUATION RESULTS (Retrieval Mode)
======================================================================
Retrieval median: 11.33deg / 2495mm
  R@5deg_1m: 2.2%  (rot=6.0%, trans=19.8%)
  R@10deg_2m: 18.7%  (rot=42.3%, trans=42.9%)
  R@15deg_5m: 57.7%  (rot=72.5%, trans=84.1%)
  R@25deg_5m: 80.8%  (rot=96.2%, trans=84.1%)
======================================================================

Done!
--- exp20_128d_seed50 done ---

=== exp20_128d_seed51 ===
======================================================================
Experiment: exp20_128d_seed51
Pool: spp, Features: both+sum
======================================================================
Random seed: 51
Using device: cuda:5

Loading data (fine=True, coarse=True, summary=True)...
  Loaded fine_geo: torch.Size([895, 128, 68, 120])
  Loaded coarse_sem: torch.Size([895, 128, 68, 120])
  Loaded summary: torch.Size([895, 2560])
  [train] 895 samples loaded
  Loaded fine_geo: torch.Size([182, 128, 68, 120])
  Loaded coarse_sem: torch.Size([182, 128, 68, 120])
  Loaded summary: torch.Size([182, 2560])
  [test] 182 samples loaded
Translation norm: mean=[13.19548    -0.64731836 23.103329  ], std=[10.827089    0.94348246  9.766839  ]
  Feature dim after pooling: 7936
Model parameters: 18,905,610

Pre-computing pooled features (OOM-safe mode)...
  Pre-computed pooled features: torch.Size([895, 7936]) (28.4 MB)
  Pre-computed pooled features: torch.Size([182, 7936]) (5.8 MB)
  GPU memory freed. Training with pre-pooled features (7936d)
Model parameters: 18,905,610
[    1/5000] loss=3.1635 (t=0.6224 r=2.5410 beta=1.00) | val: 39.17deg/23471mm | 0.2s
[  100/5000] loss=0.0618 (t=0.0214 r=0.0438 beta=0.92) | val: 2.03deg/2115mm | 4.6s
[  200/5000] loss=0.0396 (t=0.0112 r=0.0323 beta=0.88) | val: 2.12deg/1798mm | 6.2s
[  300/5000] loss=0.0313 (t=0.0083 r=0.0275 beta=0.84) | val: 1.92deg/1782mm | 7.6s
[  400/5000] loss=0.0249 (t=0.0050 r=0.0248 beta=0.80) | val: 1.75deg/1561mm | 8.2s
[  500/5000] loss=0.0216 (t=0.0044 r=0.0226 beta=0.77) | val: 1.70deg/1610mm | 9.2s
[  600/5000] loss=0.0201 (t=0.0040 r=0.0219 beta=0.73) | val: 1.60deg/1485mm | 9.7s
[  700/5000] loss=0.0174 (t=0.0035 r=0.0199 beta=0.70) | val: 1.72deg/1448mm | 11.0s
[  800/5000] loss=0.0163 (t=0.0029 r=0.0199 beta=0.67) | val: 1.87deg/1521mm | 11.9s
[  900/5000] loss=0.0156 (t=0.0029 r=0.0196 beta=0.65) | val: 1.74deg/1526mm | 12.5s
[ 1000/5000] loss=0.0153 (t=0.0029 r=0.0199 beta=0.62) | val: 1.74deg/1438mm | 13.0s
[ 1100/5000] loss=0.0138 (t=0.0028 r=0.0184 beta=0.60) | val: 1.75deg/1401mm | 13.6s
[ 1200/5000] loss=0.0131 (t=0.0026 r=0.0184 beta=0.57) | val: 1.87deg/1510mm | 14.6s
[ 1300/5000] loss=0.0124 (t=0.0027 r=0.0176 beta=0.55) | val: 1.91deg/1634mm | 15.1s
[ 1400/5000] loss=0.0119 (t=0.0025 r=0.0177 beta=0.53) | val: 1.75deg/1566mm | 15.7s
[ 1500/5000] loss=0.0111 (t=0.0024 r=0.0170 beta=0.51) | val: 1.75deg/1509mm | 16.2s
[ 1600/5000] loss=0.0108 (t=0.0022 r=0.0173 beta=0.50) | val: 1.73deg/1631mm | 16.8s
[ 1700/5000] loss=0.0100 (t=0.0021 r=0.0165 beta=0.48) | val: 1.62deg/1455mm | 17.3s
[ 1800/5000] loss=0.0097 (t=0.0022 r=0.0162 beta=0.46) | val: 1.69deg/1665mm | 17.8s
[ 1900/5000] loss=0.0096 (t=0.0021 r=0.0167 beta=0.45) | val: 1.82deg/1679mm | 18.4s
[ 2000/5000] loss=0.0091 (t=0.0021 r=0.0162 beta=0.44) | val: 1.91deg/1504mm | 18.9s
[ 2100/5000] loss=0.0087 (t=0.0019 r=0.0160 beta=0.42) | val: 1.82deg/1602mm | 19.5s
[ 2200/5000] loss=0.0084 (t=0.0019 r=0.0157 beta=0.41) | val: 1.81deg/1467mm | 20.0s
[ 2300/5000] loss=0.0083 (t=0.0020 r=0.0158 beta=0.40) | val: 1.75deg/1678mm | 20.6s
[ 2400/5000] loss=0.0083 (t=0.0019 r=0.0163 beta=0.39) | val: 1.76deg/1569mm | 21.1s
[ 2500/5000] loss=0.0078 (t=0.0018 r=0.0158 beta=0.38) | val: 1.79deg/1550mm | 21.7s
[ 2600/5000] loss=0.0074 (t=0.0017 r=0.0153 beta=0.37) | val: 1.84deg/1698mm | 22.2s
[ 2700/5000] loss=0.0072 (t=0.0018 r=0.0148 beta=0.36) | val: 1.94deg/1722mm | 22.8s
[ 2800/5000] loss=0.0071 (t=0.0017 r=0.0152 beta=0.36) | val: 1.84deg/1703mm | 23.3s
[ 2900/5000] loss=0.0068 (t=0.0017 r=0.0147 beta=0.35) | val: 1.82deg/1665mm | 23.8s
[ 3000/5000] loss=0.0069 (t=0.0017 r=0.0151 beta=0.34) | val: 1.90deg/1706mm | 24.4s
[ 3100/5000] loss=0.0066 (t=0.0016 r=0.0147 beta=0.34) | val: 1.93deg/1608mm | 24.9s
[ 3200/5000] loss=0.0067 (t=0.0017 r=0.0151 beta=0.33) | val: 1.88deg/1657mm | 25.5s
[ 3300/5000] loss=0.0064 (t=0.0016 r=0.0146 beta=0.33) | val: 1.86deg/1661mm | 26.0s
[ 3400/5000] loss=0.0064 (t=0.0016 r=0.0147 beta=0.32) | val: 1.90deg/1706mm | 26.6s
[ 3500/5000] loss=0.0063 (t=0.0016 r=0.0146 beta=0.32) | val: 1.90deg/1676mm | 27.2s
[ 3600/5000] loss=0.0061 (t=0.0015 r=0.0146 beta=0.32) | val: 1.80deg/1669mm | 27.8s
[ 3700/5000] loss=0.0061 (t=0.0016 r=0.0145 beta=0.31) | val: 1.89deg/1695mm | 28.4s
[ 3800/5000] loss=0.0060 (t=0.0015 r=0.0146 beta=0.31) | val: 1.88deg/1718mm | 28.9s
[ 3900/5000] loss=0.0059 (t=0.0015 r=0.0144 beta=0.31) | val: 1.94deg/1645mm | 29.5s
[ 4000/5000] loss=0.0059 (t=0.0014 r=0.0145 beta=0.31) | val: 1.92deg/1726mm | 30.0s
[ 4100/5000] loss=0.0061 (t=0.0016 r=0.0147 beta=0.30) | val: 1.95deg/1712mm | 30.6s
[ 4200/5000] loss=0.0058 (t=0.0015 r=0.0141 beta=0.30) | val: 1.92deg/1724mm | 31.2s
[ 4300/5000] loss=0.0057 (t=0.0015 r=0.0141 beta=0.30) | val: 1.92deg/1728mm | 31.8s
[ 4400/5000] loss=0.0058 (t=0.0015 r=0.0143 beta=0.30) | val: 1.89deg/1718mm | 32.3s
[ 4500/5000] loss=0.0057 (t=0.0015 r=0.0140 beta=0.30) | val: 1.97deg/1727mm | 32.9s
[ 4600/5000] loss=0.0059 (t=0.0015 r=0.0146 beta=0.30) | val: 1.95deg/1696mm | 33.5s
[ 4700/5000] loss=0.0057 (t=0.0015 r=0.0140 beta=0.30) | val: 1.95deg/1703mm | 34.0s
[ 4800/5000] loss=0.0056 (t=0.0015 r=0.0136 beta=0.30) | val: 1.93deg/1706mm | 34.6s
[ 4900/5000] loss=0.0057 (t=0.0015 r=0.0141 beta=0.30) | val: 1.95deg/1703mm | 35.2s
[ 5000/5000] loss=0.0056 (t=0.0014 r=0.0139 beta=0.30) | val: 1.93deg/1707mm | 35.7s

Training done. Best epoch: 1120, score: 1.5120

Loaded best model from epoch 1120

======================================================================
EVALUATION RESULTS (Direct Regression)
======================================================================
Rotation  (median): 1.69deg
Translation (median): 1363mm

  R@5deg_1m: 36.8%  (rot_pass=92.9%, trans_pass=37.4%)
  R@10deg_2m: 65.4%  (rot_pass=99.5%, trans_pass=65.9%)
  R@15deg_5m: 91.2%  (rot_pass=100.0%, trans_pass=91.2%)
  R@25deg_5m: 91.2%  (rot_pass=100.0%, trans_pass=91.2%)

======================================================================
EVALUATION RESULTS (Retrieval Mode)
======================================================================
Retrieval median: 11.31deg / 2363mm
  R@5deg_1m: 2.7%  (rot=4.9%, trans=21.4%)
  R@10deg_2m: 19.8%  (rot=44.0%, trans=44.5%)
  R@15deg_5m: 57.7%  (rot=71.4%, trans=85.7%)
  R@25deg_5m: 83.0%  (rot=97.3%, trans=85.7%)
======================================================================

Done!
--- exp20_128d_seed51 done ---

=== exp20_128d_seed52 ===
======================================================================
Experiment: exp20_128d_seed52
Pool: spp, Features: both+sum
======================================================================
Random seed: 52
Using device: cuda:5

Loading data (fine=True, coarse=True, summary=True)...
  Loaded fine_geo: torch.Size([895, 128, 68, 120])
  Loaded coarse_sem: torch.Size([895, 128, 68, 120])
  Loaded summary: torch.Size([895, 2560])
  [train] 895 samples loaded
  Loaded fine_geo: torch.Size([182, 128, 68, 120])
  Loaded coarse_sem: torch.Size([182, 128, 68, 120])
  Loaded summary: torch.Size([182, 2560])
  [test] 182 samples loaded
Translation norm: mean=[13.19548    -0.64731836 23.103329  ], std=[10.827089    0.94348246  9.766839  ]
  Feature dim after pooling: 7936
Model parameters: 18,905,610

Pre-computing pooled features (OOM-safe mode)...
  Pre-computed pooled features: torch.Size([895, 7936]) (28.4 MB)
  Pre-computed pooled features: torch.Size([182, 7936]) (5.8 MB)
  GPU memory freed. Training with pre-pooled features (7936d)
Model parameters: 18,905,610
[    1/5000] loss=2.5092 (t=0.5608 r=1.9484 beta=1.00) | val: 31.30deg/25063mm | 0.2s
[  100/5000] loss=0.0617 (t=0.0216 r=0.0431 beta=0.93) | val: 2.17deg/1605mm | 4.5s
[  200/5000] loss=0.0408 (t=0.0113 r=0.0332 beta=0.89) | val: 2.20deg/1872mm | 5.8s
[  300/5000] loss=0.0322 (t=0.0080 r=0.0285 beta=0.85) | val: 1.80deg/1669mm | 6.4s
[  400/5000] loss=0.0272 (t=0.0062 r=0.0259 beta=0.81) | val: 1.94deg/1518mm | 7.3s
[  500/5000] loss=0.0226 (t=0.0047 r=0.0230 beta=0.78) | val: 1.70deg/1497mm | 8.2s
[  600/5000] loss=0.0196 (t=0.0039 r=0.0211 beta=0.75) | val: 1.90deg/1753mm | 8.7s
[  700/5000] loss=0.0185 (t=0.0035 r=0.0210 beta=0.72) | val: 1.59deg/1373mm | 9.6s
[  800/5000] loss=0.0171 (t=0.0033 r=0.0201 beta=0.69) | val: 1.68deg/1602mm | 10.5s
[  900/5000] loss=0.0163 (t=0.0033 r=0.0198 beta=0.66) | val: 1.86deg/1372mm | 11.0s
[ 1000/5000] loss=0.0152 (t=0.0029 r=0.0195 beta=0.64) | val: 1.73deg/1544mm | 11.6s
[ 1100/5000] loss=0.0140 (t=0.0028 r=0.0183 beta=0.61) | val: 1.77deg/1421mm | 12.1s
[ 1200/5000] loss=0.0133 (t=0.0027 r=0.0179 beta=0.59) | val: 1.76deg/1539mm | 12.7s
[ 1300/5000] loss=0.0124 (t=0.0025 r=0.0175 beta=0.57) | val: 1.83deg/1513mm | 13.2s
[ 1400/5000] loss=0.0120 (t=0.0023 r=0.0176 beta=0.55) | val: 1.89deg/1574mm | 13.7s
[ 1500/5000] loss=0.0116 (t=0.0024 r=0.0174 beta=0.53) | val: 1.73deg/1623mm | 14.3s
[ 1600/5000] loss=0.0111 (t=0.0022 r=0.0174 beta=0.51) | val: 1.73deg/1643mm | 14.8s
[ 1700/5000] loss=0.0103 (t=0.0022 r=0.0162 beta=0.50) | val: 1.78deg/1470mm | 15.3s
[ 1800/5000] loss=0.0098 (t=0.0021 r=0.0160 beta=0.48) | val: 1.81deg/1564mm | 15.9s
[ 1900/5000] loss=0.0098 (t=0.0021 r=0.0166 beta=0.47) | val: 1.81deg/1563mm | 16.4s
[ 2000/5000] loss=0.0094 (t=0.0020 r=0.0163 beta=0.45) | val: 1.71deg/1617mm | 17.0s
[ 2100/5000] loss=0.0090 (t=0.0021 r=0.0158 beta=0.44) | val: 1.86deg/1611mm | 17.5s
[ 2200/5000] loss=0.0087 (t=0.0019 r=0.0160 beta=0.43) | val: 1.86deg/1613mm | 18.1s
[ 2300/5000] loss=0.0086 (t=0.0019 r=0.0162 beta=0.42) | val: 1.75deg/1520mm | 18.6s
[ 2400/5000] loss=0.0082 (t=0.0020 r=0.0154 beta=0.41) | val: 1.85deg/1671mm | 19.1s
[ 2500/5000] loss=0.0081 (t=0.0018 r=0.0158 beta=0.40) | val: 2.09deg/1591mm | 19.7s
[ 2600/5000] loss=0.0079 (t=0.0020 r=0.0153 beta=0.39) | val: 1.84deg/1628mm | 20.2s
[ 2700/5000] loss=0.0076 (t=0.0019 r=0.0152 beta=0.38) | val: 1.89deg/1649mm | 20.8s
[ 2800/5000] loss=0.0072 (t=0.0017 r=0.0146 beta=0.37) | val: 1.89deg/1630mm | 21.3s
[ 2900/5000] loss=0.0072 (t=0.0018 r=0.0149 beta=0.36) | val: 2.03deg/1639mm | 21.8s
[ 3000/5000] loss=0.0071 (t=0.0017 r=0.0151 beta=0.36) | val: 1.90deg/1647mm | 22.4s
[ 3100/5000] loss=0.0071 (t=0.0017 r=0.0152 beta=0.35) | val: 1.93deg/1706mm | 22.9s
[ 3200/5000] loss=0.0068 (t=0.0017 r=0.0148 beta=0.35) | val: 2.07deg/1620mm | 23.5s
[ 3300/5000] loss=0.0067 (t=0.0017 r=0.0145 beta=0.34) | val: 1.95deg/1619mm | 24.0s
[ 3400/5000] loss=0.0065 (t=0.0016 r=0.0145 beta=0.34) | val: 2.00deg/1765mm | 24.5s
[ 3500/5000] loss=0.0064 (t=0.0017 r=0.0143 beta=0.33) | val: 2.03deg/1622mm | 25.1s
[ 3600/5000] loss=0.0064 (t=0.0016 r=0.0145 beta=0.33) | val: 2.03deg/1635mm | 25.6s
[ 3700/5000] loss=0.0063 (t=0.0016 r=0.0145 beta=0.33) | val: 2.07deg/1684mm | 26.1s
[ 3800/5000] loss=0.0062 (t=0.0016 r=0.0143 beta=0.32) | val: 2.04deg/1729mm | 26.7s
[ 3900/5000] loss=0.0059 (t=0.0015 r=0.0138 beta=0.32) | val: 2.10deg/1740mm | 27.2s
[ 4000/5000] loss=0.0061 (t=0.0016 r=0.0141 beta=0.32) | val: 2.11deg/1736mm | 27.9s
[ 4100/5000] loss=0.0057 (t=0.0015 r=0.0133 beta=0.32) | val: 2.05deg/1746mm | 28.4s
[ 4200/5000] loss=0.0060 (t=0.0015 r=0.0141 beta=0.32) | val: 2.02deg/1641mm | 29.0s
[ 4300/5000] loss=0.0059 (t=0.0015 r=0.0140 beta=0.32) | val: 2.11deg/1678mm | 29.5s
[ 4400/5000] loss=0.0059 (t=0.0016 r=0.0138 beta=0.31) | val: 2.09deg/1767mm | 30.1s
[ 4500/5000] loss=0.0061 (t=0.0016 r=0.0144 beta=0.31) | val: 2.05deg/1669mm | 30.7s
[ 4600/5000] loss=0.0061 (t=0.0016 r=0.0143 beta=0.31) | val: 2.07deg/1702mm | 31.2s
[ 4700/5000] loss=0.0058 (t=0.0015 r=0.0140 beta=0.31) | val: 2.08deg/1694mm | 31.8s
[ 4800/5000] loss=0.0060 (t=0.0015 r=0.0145 beta=0.31) | val: 2.04deg/1677mm | 32.3s
[ 4900/5000] loss=0.0057 (t=0.0015 r=0.0135 beta=0.31) | val: 2.06deg/1695mm | 32.9s
[ 5000/5000] loss=0.0058 (t=0.0015 r=0.0138 beta=0.31) | val: 2.08deg/1701mm | 33.4s

Training done. Best epoch: 760, score: 1.4581

Loaded best model from epoch 760

======================================================================
EVALUATION RESULTS (Direct Regression)
======================================================================
Rotation  (median): 1.78deg
Translation (median): 1283mm

  R@5deg_1m: 34.1%  (rot_pass=93.4%, trans_pass=34.6%)
  R@10deg_2m: 65.9%  (rot_pass=99.5%, trans_pass=65.9%)
  R@15deg_5m: 91.2%  (rot_pass=100.0%, trans_pass=91.2%)
  R@25deg_5m: 91.2%  (rot_pass=100.0%, trans_pass=91.2%)

======================================================================
EVALUATION RESULTS (Retrieval Mode)
======================================================================
Retrieval median: 11.16deg / 2284mm
  R@5deg_1m: 2.7%  (rot=7.1%, trans=23.6%)
  R@10deg_2m: 18.7%  (rot=44.5%, trans=44.0%)
  R@15deg_5m: 56.0%  (rot=70.3%, trans=84.6%)
  R@25deg_5m: 81.3%  (rot=96.7%, trans=84.6%)
======================================================================

Done!
--- exp20_128d_seed52 done ---

=== exp20_128d_seed53 ===
======================================================================
Experiment: exp20_128d_seed53
Pool: spp, Features: both+sum
======================================================================
Random seed: 53
Using device: cuda:5

Loading data (fine=True, coarse=True, summary=True)...
  Loaded fine_geo: torch.Size([895, 128, 68, 120])
  Loaded coarse_sem: torch.Size([895, 128, 68, 120])
  Loaded summary: torch.Size([895, 2560])
  [train] 895 samples loaded
  Loaded fine_geo: torch.Size([182, 128, 68, 120])
  Loaded coarse_sem: torch.Size([182, 128, 68, 120])
  Loaded summary: torch.Size([182, 2560])
  [test] 182 samples loaded
Translation norm: mean=[13.19548    -0.64731836 23.103329  ], std=[10.827089    0.94348246  9.766839  ]
  Feature dim after pooling: 7936
Model parameters: 18,905,610

Pre-computing pooled features (OOM-safe mode)...
  Pre-computed pooled features: torch.Size([895, 7936]) (28.4 MB)
  Pre-computed pooled features: torch.Size([182, 7936]) (5.8 MB)
  GPU memory freed. Training with pre-pooled features (7936d)
Model parameters: 18,905,610
[    1/5000] loss=2.4643 (t=0.5344 r=1.9299 beta=1.00) | val: 24.81deg/15555mm | 0.2s
[  100/5000] loss=0.0631 (t=0.0224 r=0.0439 beta=0.93) | val: 2.44deg/1751mm | 3.6s
[  200/5000] loss=0.0394 (t=0.0121 r=0.0307 beta=0.89) | val: 2.09deg/1550mm | 5.7s
[  300/5000] loss=0.0316 (t=0.0073 r=0.0285 beta=0.85) | val: 1.73deg/1691mm | 6.9s
[  400/5000] loss=0.0263 (t=0.0061 r=0.0246 beta=0.82) | val: 1.80deg/1487mm | 7.5s
[  500/5000] loss=0.0219 (t=0.0046 r=0.0220 beta=0.79) | val: 1.72deg/1735mm | 8.4s
[  600/5000] loss=0.0207 (t=0.0042 r=0.0217 beta=0.76) | val: 1.65deg/1468mm | 8.9s
[  700/5000] loss=0.0189 (t=0.0040 r=0.0205 beta=0.73) | val: 1.74deg/1511mm | 9.5s
[  800/5000] loss=0.0171 (t=0.0035 r=0.0196 beta=0.70) | val: 1.72deg/1524mm | 10.0s
[  900/5000] loss=0.0161 (t=0.0029 r=0.0195 beta=0.67) | val: 1.76deg/1665mm | 10.6s
[ 1000/5000] loss=0.0158 (t=0.0030 r=0.0198 beta=0.65) | val: 1.94deg/1565mm | 11.1s
[ 1100/5000] loss=0.0145 (t=0.0027 r=0.0189 beta=0.63) | val: 1.80deg/1631mm | 11.6s
[ 1200/5000] loss=0.0136 (t=0.0024 r=0.0187 beta=0.60) | val: 1.74deg/1551mm | 12.2s
[ 1300/5000] loss=0.0131 (t=0.0025 r=0.0181 beta=0.58) | val: 1.83deg/1548mm | 12.8s
[ 1400/5000] loss=0.0121 (t=0.0024 r=0.0172 beta=0.56) | val: 1.77deg/1509mm | 13.4s
[ 1500/5000] loss=0.0115 (t=0.0022 r=0.0172 beta=0.54) | val: 1.79deg/1758mm | 14.0s
[ 1600/5000] loss=0.0114 (t=0.0024 r=0.0171 beta=0.53) | val: 1.73deg/1665mm | 14.5s
[ 1700/5000] loss=0.0105 (t=0.0021 r=0.0166 beta=0.51) | val: 1.75deg/1589mm | 15.1s
[ 1800/5000] loss=0.0103 (t=0.0021 r=0.0166 beta=0.49) | val: 1.78deg/1624mm | 15.6s
[ 1900/5000] loss=0.0100 (t=0.0022 r=0.0163 beta=0.48) | val: 1.94deg/1711mm | 16.2s
[ 2000/5000] loss=0.0096 (t=0.0022 r=0.0159 beta=0.47) | val: 1.83deg/1505mm | 16.7s
[ 2100/5000] loss=0.0090 (t=0.0020 r=0.0155 beta=0.45) | val: 1.89deg/1681mm | 17.3s
[ 2200/5000] loss=0.0091 (t=0.0020 r=0.0162 beta=0.44) | val: 1.83deg/1703mm | 17.8s
[ 2300/5000] loss=0.0089 (t=0.0020 r=0.0161 beta=0.43) | val: 1.75deg/1745mm | 18.4s
[ 2400/5000] loss=0.0083 (t=0.0018 r=0.0155 beta=0.42) | val: 1.83deg/1587mm | 18.9s
[ 2500/5000] loss=0.0079 (t=0.0018 r=0.0151 beta=0.41) | val: 1.98deg/1764mm | 19.5s
[ 2600/5000] loss=0.0082 (t=0.0020 r=0.0155 beta=0.40) | val: 1.84deg/1713mm | 20.1s
[ 2700/5000] loss=0.0080 (t=0.0019 r=0.0155 beta=0.39) | val: 1.87deg/1759mm | 20.6s
[ 2800/5000] loss=0.0077 (t=0.0018 r=0.0154 beta=0.38) | val: 1.88deg/1749mm | 21.1s
[ 2900/5000] loss=0.0074 (t=0.0018 r=0.0148 beta=0.38) | val: 1.85deg/1769mm | 21.7s
[ 3000/5000] loss=0.0074 (t=0.0018 r=0.0151 beta=0.37) | val: 1.83deg/1744mm | 22.2s
[ 3100/5000] loss=0.0071 (t=0.0017 r=0.0148 beta=0.36) | val: 1.91deg/1729mm | 22.8s
[ 3200/5000] loss=0.0070 (t=0.0017 r=0.0148 beta=0.36) | val: 1.83deg/1762mm | 23.3s
[ 3300/5000] loss=0.0068 (t=0.0017 r=0.0145 beta=0.35) | val: 1.85deg/1723mm | 23.9s
[ 3400/5000] loss=0.0067 (t=0.0015 r=0.0146 beta=0.35) | val: 1.92deg/1757mm | 24.4s
[ 3500/5000] loss=0.0068 (t=0.0016 r=0.0150 beta=0.34) | val: 1.88deg/1830mm | 25.0s
[ 3600/5000] loss=0.0064 (t=0.0015 r=0.0144 beta=0.34) | val: 1.85deg/1817mm | 25.5s
[ 3700/5000] loss=0.0065 (t=0.0015 r=0.0148 beta=0.34) | val: 1.79deg/1826mm | 26.0s
[ 3800/5000] loss=0.0065 (t=0.0016 r=0.0147 beta=0.34) | val: 1.79deg/1750mm | 26.6s
[ 3900/5000] loss=0.0062 (t=0.0015 r=0.0141 beta=0.33) | val: 1.81deg/1802mm | 27.1s
[ 4000/5000] loss=0.0063 (t=0.0015 r=0.0144 beta=0.33) | val: 1.86deg/1789mm | 27.7s
[ 4100/5000] loss=0.0062 (t=0.0015 r=0.0142 beta=0.33) | val: 1.82deg/1778mm | 28.2s
[ 4200/5000] loss=0.0062 (t=0.0016 r=0.0141 beta=0.33) | val: 1.85deg/1832mm | 28.8s
[ 4300/5000] loss=0.0062 (t=0.0015 r=0.0142 beta=0.33) | val: 1.85deg/1853mm | 29.3s
[ 4400/5000] loss=0.0061 (t=0.0015 r=0.0141 beta=0.33) | val: 1.88deg/1843mm | 29.9s
[ 4500/5000] loss=0.0060 (t=0.0015 r=0.0140 beta=0.32) | val: 1.91deg/1859mm | 30.4s
[ 4600/5000] loss=0.0060 (t=0.0015 r=0.0140 beta=0.32) | val: 1.85deg/1805mm | 31.0s
[ 4700/5000] loss=0.0060 (t=0.0015 r=0.0139 beta=0.32) | val: 1.90deg/1837mm | 31.6s
[ 4800/5000] loss=0.0062 (t=0.0016 r=0.0143 beta=0.32) | val: 1.84deg/1822mm | 32.1s
[ 4900/5000] loss=0.0062 (t=0.0016 r=0.0143 beta=0.32) | val: 1.85deg/1821mm | 32.7s
[ 5000/5000] loss=0.0060 (t=0.0015 r=0.0138 beta=0.32) | val: 1.85deg/1807mm | 33.2s

Training done. Best epoch: 410, score: 1.5120

Loaded best model from epoch 410

======================================================================
EVALUATION RESULTS (Direct Regression)
======================================================================
Rotation  (median): 1.62deg
Translation (median): 1353mm

  R@5deg_1m: 29.1%  (rot_pass=95.1%, trans_pass=30.2%)
  R@10deg_2m: 68.1%  (rot_pass=99.5%, trans_pass=68.7%)
  R@15deg_5m: 92.9%  (rot_pass=100.0%, trans_pass=92.9%)
  R@25deg_5m: 92.9%  (rot_pass=100.0%, trans_pass=92.9%)

======================================================================
EVALUATION RESULTS (Retrieval Mode)
======================================================================
Retrieval median: 11.16deg / 2443mm
  R@5deg_1m: 2.7%  (rot=4.4%, trans=23.1%)
  R@10deg_2m: 20.9%  (rot=42.3%, trans=44.0%)
  R@15deg_5m: 59.3%  (rot=72.5%, trans=86.8%)
  R@25deg_5m: 84.1%  (rot=97.3%, trans=86.8%)
======================================================================

Done!
--- exp20_128d_seed53 done ---

=== exp20_128d_seed54 ===
======================================================================
Experiment: exp20_128d_seed54
Pool: spp, Features: both+sum
======================================================================
Random seed: 54
Using device: cuda:5

Loading data (fine=True, coarse=True, summary=True)...
  Loaded fine_geo: torch.Size([895, 128, 68, 120])
  Loaded coarse_sem: torch.Size([895, 128, 68, 120])
  Loaded summary: torch.Size([895, 2560])
  [train] 895 samples loaded
  Loaded fine_geo: torch.Size([182, 128, 68, 120])
  Loaded coarse_sem: torch.Size([182, 128, 68, 120])
  Loaded summary: torch.Size([182, 2560])
  [test] 182 samples loaded
Translation norm: mean=[13.19548    -0.64731836 23.103329  ], std=[10.827089    0.94348246  9.766839  ]
  Feature dim after pooling: 7936
Model parameters: 18,905,610

Pre-computing pooled features (OOM-safe mode)...
  Pre-computed pooled features: torch.Size([895, 7936]) (28.4 MB)
  Pre-computed pooled features: torch.Size([182, 7936]) (5.8 MB)
  GPU memory freed. Training with pre-pooled features (7936d)
Model parameters: 18,905,610
[    1/5000] loss=3.0336 (t=0.5233 r=2.5103 beta=1.00) | val: 32.04deg/19005mm | 0.2s
[  100/5000] loss=0.0619 (t=0.0221 r=0.0432 beta=0.92) | val: 2.17deg/1625mm | 4.3s
[  200/5000] loss=0.0400 (t=0.0120 r=0.0319 beta=0.88) | val: 2.37deg/1920mm | 5.5s
[  300/5000] loss=0.0304 (t=0.0084 r=0.0261 beta=0.84) | val: 2.04deg/1658mm | 6.5s
[  400/5000] loss=0.0250 (t=0.0053 r=0.0245 beta=0.80) | val: 1.93deg/1598mm | 7.7s
[  500/5000] loss=0.0221 (t=0.0045 r=0.0229 beta=0.77) | val: 1.71deg/1417mm | 8.6s
[  600/5000] loss=0.0200 (t=0.0040 r=0.0217 beta=0.74) | val: 1.74deg/1467mm | 9.2s
[  700/5000] loss=0.0193 (t=0.0038 r=0.0220 beta=0.71) | val: 1.71deg/1516mm | 9.7s
[  800/5000] loss=0.0173 (t=0.0032 r=0.0207 beta=0.68) | val: 1.71deg/1506mm | 10.3s
[  900/5000] loss=0.0160 (t=0.0033 r=0.0194 beta=0.65) | val: 1.64deg/1638mm | 10.8s
[ 1000/5000] loss=0.0143 (t=0.0028 r=0.0183 beta=0.63) | val: 1.71deg/1548mm | 11.4s
[ 1100/5000] loss=0.0141 (t=0.0028 r=0.0188 beta=0.60) | val: 1.62deg/1540mm | 11.9s
[ 1200/5000] loss=0.0128 (t=0.0027 r=0.0175 beta=0.58) | val: 1.83deg/1601mm | 12.5s
[ 1300/5000] loss=0.0125 (t=0.0025 r=0.0178 beta=0.56) | val: 1.63deg/1667mm | 13.0s
[ 1400/5000] loss=0.0113 (t=0.0022 r=0.0169 beta=0.54) | val: 1.68deg/1331mm | 13.6s
[ 1500/5000] loss=0.0113 (t=0.0023 r=0.0173 beta=0.52) | val: 1.66deg/1646mm | 14.1s
[ 1600/5000] loss=0.0111 (t=0.0022 r=0.0178 beta=0.50) | val: 1.82deg/1645mm | 14.7s
[ 1700/5000] loss=0.0103 (t=0.0021 r=0.0167 beta=0.49) | val: 1.67deg/1431mm | 15.2s
[ 1800/5000] loss=0.0100 (t=0.0022 r=0.0166 beta=0.47) | val: 1.84deg/1710mm | 15.7s
[ 1900/5000] loss=0.0095 (t=0.0020 r=0.0164 beta=0.46) | val: 1.70deg/1586mm | 16.3s
[ 2000/5000] loss=0.0091 (t=0.0020 r=0.0161 beta=0.44) | val: 1.82deg/1739mm | 16.8s
[ 2100/5000] loss=0.0086 (t=0.0018 r=0.0157 beta=0.43) | val: 1.80deg/1651mm | 17.4s
[ 2200/5000] loss=0.0084 (t=0.0020 r=0.0154 beta=0.42) | val: 1.70deg/1614mm | 17.9s
[ 2300/5000] loss=0.0083 (t=0.0019 r=0.0157 beta=0.41) | val: 1.94deg/1682mm | 18.5s
[ 2400/5000] loss=0.0081 (t=0.0019 r=0.0155 beta=0.40) | val: 1.78deg/1727mm | 19.0s
[ 2500/5000] loss=0.0079 (t=0.0018 r=0.0158 beta=0.39) | val: 1.86deg/1669mm | 19.6s
[ 2600/5000] loss=0.0078 (t=0.0020 r=0.0153 beta=0.38) | val: 1.82deg/1725mm | 20.1s
[ 2700/5000] loss=0.0075 (t=0.0018 r=0.0151 beta=0.37) | val: 1.87deg/1582mm | 20.7s
[ 2800/5000] loss=0.0071 (t=0.0017 r=0.0148 beta=0.36) | val: 1.81deg/1613mm | 21.2s
[ 2900/5000] loss=0.0072 (t=0.0018 r=0.0150 beta=0.36) | val: 1.89deg/1805mm | 21.8s
[ 3000/5000] loss=0.0070 (t=0.0017 r=0.0149 beta=0.35) | val: 1.94deg/1725mm | 22.3s
[ 3100/5000] loss=0.0070 (t=0.0017 r=0.0153 beta=0.35) | val: 1.90deg/1708mm | 22.9s
[ 3200/5000] loss=0.0066 (t=0.0017 r=0.0146 beta=0.34) | val: 1.84deg/1706mm | 23.4s
[ 3300/5000] loss=0.0068 (t=0.0017 r=0.0150 beta=0.34) | val: 1.90deg/1836mm | 24.0s
[ 3400/5000] loss=0.0062 (t=0.0016 r=0.0141 beta=0.33) | val: 1.90deg/1728mm | 24.5s
[ 3500/5000] loss=0.0064 (t=0.0016 r=0.0146 beta=0.33) | val: 1.93deg/1713mm | 25.1s
[ 3600/5000] loss=0.0062 (t=0.0016 r=0.0144 beta=0.32) | val: 1.89deg/1717mm | 25.6s
[ 3700/5000] loss=0.0062 (t=0.0017 r=0.0141 beta=0.32) | val: 1.82deg/1829mm | 26.2s
[ 3800/5000] loss=0.0059 (t=0.0015 r=0.0140 beta=0.32) | val: 1.99deg/1802mm | 26.7s
[ 3900/5000] loss=0.0061 (t=0.0015 r=0.0145 beta=0.32) | val: 1.81deg/1739mm | 27.2s
[ 4000/5000] loss=0.0060 (t=0.0015 r=0.0141 beta=0.31) | val: 1.94deg/1741mm | 27.8s
[ 4100/5000] loss=0.0059 (t=0.0015 r=0.0143 beta=0.31) | val: 1.90deg/1766mm | 28.3s
[ 4200/5000] loss=0.0060 (t=0.0016 r=0.0141 beta=0.31) | val: 1.87deg/1784mm | 28.9s
[ 4300/5000] loss=0.0060 (t=0.0015 r=0.0145 beta=0.31) | val: 1.90deg/1788mm | 29.4s
[ 4400/5000] loss=0.0056 (t=0.0015 r=0.0135 beta=0.31) | val: 1.81deg/1728mm | 29.9s
[ 4500/5000] loss=0.0058 (t=0.0015 r=0.0140 beta=0.31) | val: 1.84deg/1737mm | 30.5s
[ 4600/5000] loss=0.0057 (t=0.0014 r=0.0139 beta=0.31) | val: 1.87deg/1736mm | 31.1s
[ 4700/5000] loss=0.0058 (t=0.0015 r=0.0140 beta=0.31) | val: 1.86deg/1756mm | 31.6s
[ 4800/5000] loss=0.0057 (t=0.0014 r=0.0139 beta=0.31) | val: 1.84deg/1775mm | 32.2s
[ 4900/5000] loss=0.0058 (t=0.0015 r=0.0139 beta=0.31) | val: 1.83deg/1753mm | 32.7s
[ 5000/5000] loss=0.0058 (t=0.0016 r=0.0138 beta=0.31) | val: 1.84deg/1751mm | 33.3s

Training done. Best epoch: 480, score: 1.4951

Loaded best model from epoch 480

======================================================================
EVALUATION RESULTS (Direct Regression)
======================================================================
Rotation  (median): 1.79deg
Translation (median): 1335mm

  R@5deg_1m: 34.6%  (rot_pass=94.0%, trans_pass=34.6%)
  R@10deg_2m: 67.0%  (rot_pass=99.5%, trans_pass=67.6%)
  R@15deg_5m: 92.3%  (rot_pass=100.0%, trans_pass=92.3%)
  R@25deg_5m: 92.3%  (rot_pass=100.0%, trans_pass=92.3%)

======================================================================
EVALUATION RESULTS (Retrieval Mode)
======================================================================
Retrieval median: 11.57deg / 2408mm
  R@5deg_1m: 2.2%  (rot=5.5%, trans=19.2%)
  R@10deg_2m: 20.3%  (rot=41.2%, trans=44.0%)
  R@15deg_5m: 56.6%  (rot=69.2%, trans=87.4%)
  R@25deg_5m: 84.6%  (rot=97.3%, trans=87.4%)
======================================================================

Done!
--- exp20_128d_seed54 done ---

=== exp20_128d_seed55 ===
======================================================================
Experiment: exp20_128d_seed55
Pool: spp, Features: both+sum
======================================================================
Random seed: 55
Using device: cuda:5

Loading data (fine=True, coarse=True, summary=True)...
  Loaded fine_geo: torch.Size([895, 128, 68, 120])
  Loaded coarse_sem: torch.Size([895, 128, 68, 120])
  Loaded summary: torch.Size([895, 2560])
  [train] 895 samples loaded
  Loaded fine_geo: torch.Size([182, 128, 68, 120])
  Loaded coarse_sem: torch.Size([182, 128, 68, 120])
  Loaded summary: torch.Size([182, 2560])
  [test] 182 samples loaded
Translation norm: mean=[13.19548    -0.64731836 23.103329  ], std=[10.827089    0.94348246  9.766839  ]
  Feature dim after pooling: 7936
Model parameters: 18,905,610

Pre-computing pooled features (OOM-safe mode)...
  Pre-computed pooled features: torch.Size([895, 7936]) (28.4 MB)
  Pre-computed pooled features: torch.Size([182, 7936]) (5.8 MB)
  GPU memory freed. Training with pre-pooled features (7936d)
Model parameters: 18,905,610
[    1/5000] loss=2.4852 (t=0.6190 r=1.8662 beta=1.00) | val: 34.84deg/14802mm | 0.8s
[  100/5000] loss=0.0630 (t=0.0214 r=0.0449 beta=0.93) | val: 2.28deg/1772mm | 4.9s
[  200/5000] loss=0.0395 (t=0.0115 r=0.0318 beta=0.88) | val: 1.88deg/1608mm | 5.9s
[  300/5000] loss=0.0291 (t=0.0067 r=0.0265 beta=0.84) | val: 1.90deg/1692mm | 6.4s
[  400/5000] loss=0.0258 (t=0.0056 r=0.0250 beta=0.81) | val: 1.77deg/1560mm | 7.3s
[  500/5000] loss=0.0226 (t=0.0044 r=0.0235 beta=0.77) | val: 1.98deg/1621mm | 8.3s
[  600/5000] loss=0.0210 (t=0.0045 r=0.0222 beta=0.74) | val: 1.85deg/1587mm | 9.2s
[  700/5000] loss=0.0180 (t=0.0037 r=0.0201 beta=0.71) | val: 1.79deg/1419mm | 10.4s
[  800/5000] loss=0.0158 (t=0.0031 r=0.0187 beta=0.68) | val: 1.59deg/1328mm | 11.0s
[  900/5000] loss=0.0160 (t=0.0031 r=0.0196 beta=0.66) | val: 1.72deg/1658mm | 11.9s
[ 1000/5000] loss=0.0146 (t=0.0029 r=0.0187 beta=0.63) | val: 1.76deg/1537mm | 12.4s
[ 1100/5000] loss=0.0140 (t=0.0028 r=0.0185 beta=0.61) | val: 1.75deg/1596mm | 13.0s
[ 1200/5000] loss=0.0128 (t=0.0026 r=0.0175 beta=0.59) | val: 1.71deg/1659mm | 13.5s
[ 1300/5000] loss=0.0121 (t=0.0024 r=0.0171 beta=0.56) | val: 1.63deg/1385mm | 14.1s
[ 1400/5000] loss=0.0114 (t=0.0025 r=0.0164 beta=0.54) | val: 1.98deg/2022mm | 14.6s
[ 1500/5000] loss=0.0106 (t=0.0021 r=0.0161 beta=0.53) | val: 1.69deg/1759mm | 15.2s
[ 1600/5000] loss=0.0105 (t=0.0022 r=0.0164 beta=0.51) | val: 1.84deg/1710mm | 15.7s
[ 1700/5000] loss=0.0104 (t=0.0022 r=0.0166 beta=0.49) | val: 1.66deg/1607mm | 16.2s
[ 1800/5000] loss=0.0098 (t=0.0021 r=0.0162 beta=0.48) | val: 1.81deg/1782mm | 16.8s
[ 1900/5000] loss=0.0093 (t=0.0021 r=0.0155 beta=0.46) | val: 1.78deg/1696mm | 17.3s
[ 2000/5000] loss=0.0091 (t=0.0021 r=0.0158 beta=0.45) | val: 1.78deg/1756mm | 17.9s
[ 2100/5000] loss=0.0085 (t=0.0018 r=0.0155 beta=0.44) | val: 1.89deg/1713mm | 18.4s
[ 2200/5000] loss=0.0085 (t=0.0019 r=0.0156 beta=0.42) | val: 1.81deg/1737mm | 19.0s
[ 2300/5000] loss=0.0084 (t=0.0019 r=0.0156 beta=0.41) | val: 1.93deg/1815mm | 19.5s
[ 2400/5000] loss=0.0081 (t=0.0018 r=0.0155 beta=0.40) | val: 1.84deg/1862mm | 20.0s
[ 2500/5000] loss=0.0080 (t=0.0019 r=0.0156 beta=0.39) | val: 1.81deg/1804mm | 20.6s
[ 2600/5000] loss=0.0077 (t=0.0018 r=0.0152 beta=0.38) | val: 1.81deg/1721mm | 21.1s
[ 2700/5000] loss=0.0073 (t=0.0018 r=0.0146 beta=0.38) | val: 1.84deg/1609mm | 21.7s
[ 2800/5000] loss=0.0073 (t=0.0018 r=0.0149 beta=0.37) | val: 1.92deg/1722mm | 22.2s
[ 2900/5000] loss=0.0071 (t=0.0017 r=0.0148 beta=0.36) | val: 1.90deg/1806mm | 22.8s
[ 3000/5000] loss=0.0070 (t=0.0018 r=0.0146 beta=0.36) | val: 1.79deg/1730mm | 23.3s
[ 3100/5000] loss=0.0067 (t=0.0017 r=0.0143 beta=0.35) | val: 1.83deg/1670mm | 23.9s
[ 3200/5000] loss=0.0066 (t=0.0016 r=0.0145 beta=0.34) | val: 1.86deg/1777mm | 24.4s
[ 3300/5000] loss=0.0065 (t=0.0016 r=0.0143 beta=0.34) | val: 2.04deg/1805mm | 24.9s
[ 3400/5000] loss=0.0065 (t=0.0017 r=0.0145 beta=0.34) | val: 1.90deg/1840mm | 25.5s
[ 3500/5000] loss=0.0061 (t=0.0015 r=0.0138 beta=0.33) | val: 1.88deg/1812mm | 26.0s
[ 3600/5000] loss=0.0063 (t=0.0016 r=0.0143 beta=0.33) | val: 1.83deg/1881mm | 26.6s
[ 3700/5000] loss=0.0061 (t=0.0014 r=0.0144 beta=0.32) | val: 1.85deg/1842mm | 27.1s
[ 3800/5000] loss=0.0062 (t=0.0016 r=0.0143 beta=0.32) | val: 1.95deg/1803mm | 27.7s
[ 3900/5000] loss=0.0060 (t=0.0016 r=0.0137 beta=0.32) | val: 1.91deg/1760mm | 28.2s
[ 4000/5000] loss=0.0060 (t=0.0016 r=0.0139 beta=0.32) | val: 1.87deg/1739mm | 28.7s
[ 4100/5000] loss=0.0058 (t=0.0014 r=0.0139 beta=0.32) | val: 1.90deg/1814mm | 29.3s
[ 4200/5000] loss=0.0058 (t=0.0015 r=0.0137 beta=0.31) | val: 1.95deg/1814mm | 29.8s
[ 4300/5000] loss=0.0058 (t=0.0014 r=0.0138 beta=0.31) | val: 1.94deg/1816mm | 30.3s
[ 4400/5000] loss=0.0060 (t=0.0016 r=0.0141 beta=0.31) | val: 1.91deg/1850mm | 30.9s
[ 4500/5000] loss=0.0058 (t=0.0015 r=0.0137 beta=0.31) | val: 1.86deg/1821mm | 31.4s
[ 4600/5000] loss=0.0057 (t=0.0015 r=0.0133 beta=0.31) | val: 1.89deg/1816mm | 32.0s
[ 4700/5000] loss=0.0059 (t=0.0015 r=0.0140 beta=0.31) | val: 1.89deg/1775mm | 32.5s
[ 4800/5000] loss=0.0057 (t=0.0015 r=0.0137 beta=0.31) | val: 1.95deg/1809mm | 33.0s
[ 4900/5000] loss=0.0058 (t=0.0015 r=0.0138 beta=0.31) | val: 1.94deg/1812mm | 33.6s
[ 5000/5000] loss=0.0059 (t=0.0015 r=0.0140 beta=0.31) | val: 1.93deg/1811mm | 34.2s

Training done. Best epoch: 800, score: 1.4864

Loaded best model from epoch 800

======================================================================
EVALUATION RESULTS (Direct Regression)
======================================================================
Rotation  (median): 1.59deg
Translation (median): 1332mm

  R@5deg_1m: 33.5%  (rot_pass=92.9%, trans_pass=34.6%)
  R@10deg_2m: 67.6%  (rot_pass=99.5%, trans_pass=67.6%)
  R@15deg_5m: 91.8%  (rot_pass=100.0%, trans_pass=91.8%)
  R@25deg_5m: 91.8%  (rot_pass=100.0%, trans_pass=91.8%)

======================================================================
EVALUATION RESULTS (Retrieval Mode)
======================================================================
Retrieval median: 11.96deg / 2370mm
  R@5deg_1m: 2.2%  (rot=3.3%, trans=19.8%)
  R@10deg_2m: 18.1%  (rot=39.6%, trans=45.1%)
  R@15deg_5m: 53.8%  (rot=67.6%, trans=86.3%)
  R@25deg_5m: 83.0%  (rot=96.7%, trans=86.3%)
======================================================================

Done!
--- exp20_128d_seed55 done ---

=== exp20_128d_seed56 ===
======================================================================
Experiment: exp20_128d_seed56
Pool: spp, Features: both+sum
======================================================================
Random seed: 56
Using device: cuda:5

Loading data (fine=True, coarse=True, summary=True)...
  Loaded fine_geo: torch.Size([895, 128, 68, 120])
  Loaded coarse_sem: torch.Size([895, 128, 68, 120])
  Loaded summary: torch.Size([895, 2560])
  [train] 895 samples loaded
  Loaded fine_geo: torch.Size([182, 128, 68, 120])
  Loaded coarse_sem: torch.Size([182, 128, 68, 120])
  Loaded summary: torch.Size([182, 2560])
  [test] 182 samples loaded
Translation norm: mean=[13.19548    -0.64731836 23.103329  ], std=[10.827089    0.94348246  9.766839  ]
  Feature dim after pooling: 7936
Model parameters: 18,905,610

Pre-computing pooled features (OOM-safe mode)...
  Pre-computed pooled features: torch.Size([895, 7936]) (28.4 MB)
  Pre-computed pooled features: torch.Size([182, 7936]) (5.8 MB)
  GPU memory freed. Training with pre-pooled features (7936d)
Model parameters: 18,905,610
[    1/5000] loss=2.5787 (t=0.4867 r=2.0920 beta=1.00) | val: 53.09deg/12306mm | 0.6s
[  100/5000] loss=0.0629 (t=0.0224 r=0.0437 beta=0.93) | val: 2.32deg/1688mm | 5.1s
[  200/5000] loss=0.0414 (t=0.0130 r=0.0320 beta=0.89) | val: 2.38deg/1605mm | 7.2s
[  300/5000] loss=0.0306 (t=0.0077 r=0.0269 beta=0.85) | val: 1.79deg/1669mm | 7.7s
[  400/5000] loss=0.0253 (t=0.0055 r=0.0243 beta=0.81) | val: 1.68deg/1570mm | 8.6s
[  500/5000] loss=0.0227 (t=0.0048 r=0.0229 beta=0.78) | val: 1.90deg/1617mm | 10.8s
[  600/5000] loss=0.0198 (t=0.0037 r=0.0213 beta=0.75) | val: 1.83deg/1539mm | 11.4s
[  700/5000] loss=0.0185 (t=0.0036 r=0.0206 beta=0.72) | val: 1.77deg/1498mm | 12.3s
[  800/5000] loss=0.0167 (t=0.0031 r=0.0195 beta=0.69) | val: 1.81deg/1454mm | 12.8s
[  900/5000] loss=0.0158 (t=0.0030 r=0.0192 beta=0.67) | val: 1.58deg/1339mm | 13.4s
[ 1000/5000] loss=0.0146 (t=0.0028 r=0.0184 beta=0.64) | val: 1.65deg/1549mm | 14.3s
[ 1100/5000] loss=0.0145 (t=0.0028 r=0.0188 beta=0.62) | val: 1.71deg/1461mm | 14.8s
[ 1200/5000] loss=0.0131 (t=0.0024 r=0.0178 beta=0.60) | val: 1.52deg/1428mm | 15.4s
[ 1300/5000] loss=0.0127 (t=0.0024 r=0.0179 beta=0.58) | val: 1.76deg/1523mm | 15.9s
[ 1400/5000] loss=0.0124 (t=0.0025 r=0.0179 beta=0.56) | val: 1.74deg/1685mm | 16.4s
[ 1500/5000] loss=0.0113 (t=0.0021 r=0.0170 beta=0.54) | val: 1.76deg/1438mm | 17.0s
[ 1600/5000] loss=0.0111 (t=0.0023 r=0.0169 beta=0.52) | val: 1.83deg/1618mm | 17.5s
[ 1700/5000] loss=0.0105 (t=0.0021 r=0.0165 beta=0.50) | val: 1.73deg/1605mm | 18.1s
[ 1800/5000] loss=0.0103 (t=0.0022 r=0.0165 beta=0.49) | val: 1.75deg/1639mm | 18.6s
[ 1900/5000] loss=0.0097 (t=0.0020 r=0.0162 beta=0.47) | val: 1.90deg/1620mm | 19.1s
[ 2000/5000] loss=0.0094 (t=0.0021 r=0.0158 beta=0.46) | val: 1.92deg/1647mm | 19.7s
[ 2100/5000] loss=0.0091 (t=0.0020 r=0.0161 beta=0.45) | val: 1.77deg/1530mm | 20.2s
[ 2200/5000] loss=0.0087 (t=0.0020 r=0.0155 beta=0.44) | val: 1.74deg/1633mm | 20.8s
[ 2300/5000] loss=0.0088 (t=0.0020 r=0.0160 beta=0.42) | val: 1.81deg/1775mm | 21.3s
[ 2400/5000] loss=0.0080 (t=0.0019 r=0.0148 beta=0.41) | val: 1.75deg/1705mm | 21.9s
[ 2500/5000] loss=0.0082 (t=0.0019 r=0.0157 beta=0.40) | val: 1.86deg/1698mm | 22.4s
[ 2600/5000] loss=0.0077 (t=0.0018 r=0.0149 beta=0.40) | val: 1.76deg/1624mm | 23.0s
[ 2700/5000] loss=0.0075 (t=0.0017 r=0.0151 beta=0.39) | val: 1.81deg/1718mm | 23.5s
[ 2800/5000] loss=0.0076 (t=0.0018 r=0.0153 beta=0.38) | val: 1.96deg/1716mm | 24.1s
[ 2900/5000] loss=0.0071 (t=0.0016 r=0.0149 beta=0.37) | val: 1.85deg/1665mm | 24.6s
[ 3000/5000] loss=0.0071 (t=0.0017 r=0.0147 beta=0.37) | val: 1.89deg/1751mm | 25.2s
[ 3100/5000] loss=0.0070 (t=0.0016 r=0.0150 beta=0.36) | val: 1.94deg/1715mm | 25.7s
[ 3200/5000] loss=0.0070 (t=0.0017 r=0.0150 beta=0.35) | val: 1.88deg/1802mm | 26.2s
[ 3300/5000] loss=0.0068 (t=0.0017 r=0.0146 beta=0.35) | val: 1.92deg/1731mm | 26.8s
[ 3400/5000] loss=0.0068 (t=0.0017 r=0.0148 beta=0.34) | val: 1.91deg/1784mm | 27.3s
[ 3500/5000] loss=0.0065 (t=0.0016 r=0.0143 beta=0.34) | val: 1.90deg/1785mm | 27.9s
[ 3600/5000] loss=0.0064 (t=0.0016 r=0.0143 beta=0.34) | val: 1.88deg/1682mm | 28.4s
[ 3700/5000] loss=0.0063 (t=0.0016 r=0.0141 beta=0.33) | val: 1.88deg/1800mm | 29.0s
[ 3800/5000] loss=0.0062 (t=0.0016 r=0.0139 beta=0.33) | val: 1.86deg/1759mm | 29.6s
[ 3900/5000] loss=0.0064 (t=0.0017 r=0.0142 beta=0.33) | val: 1.85deg/1752mm | 30.1s
[ 4000/5000] loss=0.0061 (t=0.0015 r=0.0140 beta=0.33) | val: 1.88deg/1795mm | 30.6s
[ 4100/5000] loss=0.0061 (t=0.0015 r=0.0141 beta=0.32) | val: 1.85deg/1731mm | 31.2s
[ 4200/5000] loss=0.0061 (t=0.0016 r=0.0138 beta=0.32) | val: 1.91deg/1805mm | 31.7s
[ 4300/5000] loss=0.0061 (t=0.0015 r=0.0142 beta=0.32) | val: 1.93deg/1797mm | 32.3s
[ 4400/5000] loss=0.0061 (t=0.0016 r=0.0141 beta=0.32) | val: 1.90deg/1840mm | 32.8s
[ 4500/5000] loss=0.0061 (t=0.0015 r=0.0142 beta=0.32) | val: 1.96deg/1865mm | 33.4s
[ 4600/5000] loss=0.0058 (t=0.0013 r=0.0141 beta=0.32) | val: 1.92deg/1858mm | 34.0s
[ 4700/5000] loss=0.0059 (t=0.0015 r=0.0138 beta=0.32) | val: 1.88deg/1850mm | 34.5s
[ 4800/5000] loss=0.0060 (t=0.0015 r=0.0141 beta=0.32) | val: 1.92deg/1814mm | 35.1s
[ 4900/5000] loss=0.0060 (t=0.0015 r=0.0139 beta=0.32) | val: 1.90deg/1820mm | 35.7s
[ 5000/5000] loss=0.0060 (t=0.0015 r=0.0139 beta=0.32) | val: 1.91deg/1841mm | 36.3s

Training done. Best epoch: 900, score: 1.4970

Loaded best model from epoch 900

======================================================================
EVALUATION RESULTS (Direct Regression)
======================================================================
Rotation  (median): 1.58deg
Translation (median): 1358mm

  R@5deg_1m: 33.0%  (rot_pass=92.9%, trans_pass=33.5%)
  R@10deg_2m: 68.1%  (rot_pass=99.5%, trans_pass=68.1%)
  R@15deg_5m: 91.2%  (rot_pass=100.0%, trans_pass=91.2%)
  R@25deg_5m: 91.2%  (rot_pass=100.0%, trans_pass=91.2%)

======================================================================
EVALUATION RESULTS (Retrieval Mode)
======================================================================
Retrieval median: 11.39deg / 2338mm
  R@5deg_1m: 2.2%  (rot=4.4%, trans=18.1%)
  R@10deg_2m: 19.8%  (rot=43.4%, trans=44.0%)
  R@15deg_5m: 57.7%  (rot=71.4%, trans=85.7%)
  R@25deg_5m: 83.0%  (rot=96.7%, trans=85.7%)
======================================================================

Done!
--- exp20_128d_seed56 done ---

=== exp20_128d_seed57 ===
======================================================================
Experiment: exp20_128d_seed57
Pool: spp, Features: both+sum
======================================================================
Random seed: 57
Using device: cuda:5

Loading data (fine=True, coarse=True, summary=True)...
  Loaded fine_geo: torch.Size([895, 128, 68, 120])
  Loaded coarse_sem: torch.Size([895, 128, 68, 120])
  Loaded summary: torch.Size([895, 2560])
  [train] 895 samples loaded
  Loaded fine_geo: torch.Size([182, 128, 68, 120])
  Loaded coarse_sem: torch.Size([182, 128, 68, 120])
  Loaded summary: torch.Size([182, 2560])
  [test] 182 samples loaded
Translation norm: mean=[13.19548    -0.64731836 23.103329  ], std=[10.827089    0.94348246  9.766839  ]
  Feature dim after pooling: 7936
Model parameters: 18,905,610

Pre-computing pooled features (OOM-safe mode)...
  Pre-computed pooled features: torch.Size([895, 7936]) (28.4 MB)
  Pre-computed pooled features: torch.Size([182, 7936]) (5.8 MB)
  GPU memory freed. Training with pre-pooled features (7936d)
Model parameters: 18,905,610
[    1/5000] loss=2.4827 (t=0.5308 r=1.9519 beta=1.00) | val: 29.31deg/13948mm | 0.2s
[  100/5000] loss=0.0619 (t=0.0210 r=0.0442 beta=0.92) | val: 2.51deg/2066mm | 4.0s
[  200/5000] loss=0.0392 (t=0.0109 r=0.0322 beta=0.88) | val: 2.04deg/1801mm | 5.3s
[  300/5000] loss=0.0290 (t=0.0074 r=0.0258 beta=0.84) | val: 1.87deg/1758mm | 6.3s
[  400/5000] loss=0.0245 (t=0.0055 r=0.0238 beta=0.80) | val: 1.85deg/1581mm | 6.8s
[  500/5000] loss=0.0217 (t=0.0042 r=0.0229 beta=0.76) | val: 1.85deg/1530mm | 7.4s
[  600/5000] loss=0.0201 (t=0.0040 r=0.0220 beta=0.73) | val: 1.67deg/1365mm | 8.3s
[  700/5000] loss=0.0173 (t=0.0034 r=0.0199 beta=0.70) | val: 1.68deg/1519mm | 9.2s
[  800/5000] loss=0.0166 (t=0.0031 r=0.0202 beta=0.67) | val: 1.72deg/1448mm | 9.8s
[  900/5000] loss=0.0154 (t=0.0031 r=0.0192 beta=0.64) | val: 1.78deg/1529mm | 10.3s
[ 1000/5000] loss=0.0136 (t=0.0026 r=0.0178 beta=0.62) | val: 1.71deg/1536mm | 10.8s
[ 1100/5000] loss=0.0138 (t=0.0029 r=0.0183 beta=0.59) | val: 1.74deg/1488mm | 11.4s
[ 1200/5000] loss=0.0127 (t=0.0026 r=0.0177 beta=0.57) | val: 1.67deg/1531mm | 11.9s
[ 1300/5000] loss=0.0123 (t=0.0029 r=0.0172 beta=0.55) | val: 1.63deg/1448mm | 13.0s
[ 1400/5000] loss=0.0110 (t=0.0022 r=0.0165 beta=0.53) | val: 1.83deg/1542mm | 13.6s
[ 1500/5000] loss=0.0112 (t=0.0023 r=0.0174 beta=0.51) | val: 1.67deg/1579mm | 14.1s
[ 1600/5000] loss=0.0106 (t=0.0024 r=0.0168 beta=0.49) | val: 1.71deg/1480mm | 14.7s
[ 1700/5000] loss=0.0102 (t=0.0021 r=0.0169 beta=0.48) | val: 1.75deg/1618mm | 15.2s
[ 1800/5000] loss=0.0098 (t=0.0021 r=0.0166 beta=0.46) | val: 1.79deg/1624mm | 15.8s
[ 1900/5000] loss=0.0090 (t=0.0021 r=0.0154 beta=0.45) | val: 1.74deg/1659mm | 16.3s
[ 2000/5000] loss=0.0088 (t=0.0018 r=0.0162 beta=0.43) | val: 1.74deg/1605mm | 16.9s
[ 2100/5000] loss=0.0085 (t=0.0019 r=0.0156 beta=0.42) | val: 1.83deg/1587mm | 17.5s
[ 2200/5000] loss=0.0082 (t=0.0019 r=0.0153 beta=0.41) | val: 1.78deg/1676mm | 18.1s
[ 2300/5000] loss=0.0082 (t=0.0019 r=0.0158 beta=0.40) | val: 1.82deg/1563mm | 18.7s
[ 2400/5000] loss=0.0077 (t=0.0018 r=0.0154 beta=0.39) | val: 1.75deg/1566mm | 19.3s
[ 2500/5000] loss=0.0077 (t=0.0018 r=0.0154 beta=0.38) | val: 1.92deg/1632mm | 19.8s
[ 2600/5000] loss=0.0074 (t=0.0017 r=0.0152 beta=0.37) | val: 1.86deg/1633mm | 20.4s
[ 2700/5000] loss=0.0074 (t=0.0018 r=0.0157 beta=0.36) | val: 1.92deg/1672mm | 20.9s
[ 2800/5000] loss=0.0070 (t=0.0017 r=0.0149 beta=0.36) | val: 1.89deg/1669mm | 21.5s
[ 2900/5000] loss=0.0069 (t=0.0016 r=0.0151 beta=0.35) | val: 1.93deg/1734mm | 22.0s
[ 3000/5000] loss=0.0068 (t=0.0016 r=0.0152 beta=0.34) | val: 1.92deg/1793mm | 22.6s
[ 3100/5000] loss=0.0069 (t=0.0017 r=0.0154 beta=0.34) | val: 1.96deg/1642mm | 23.1s
[ 3200/5000] loss=0.0066 (t=0.0017 r=0.0148 beta=0.33) | val: 1.83deg/1720mm | 23.7s
[ 3300/5000] loss=0.0064 (t=0.0016 r=0.0145 beta=0.33) | val: 1.91deg/1766mm | 24.2s
[ 3400/5000] loss=0.0064 (t=0.0016 r=0.0147 beta=0.32) | val: 1.94deg/1748mm | 24.8s
[ 3500/5000] loss=0.0063 (t=0.0016 r=0.0146 beta=0.32) | val: 1.80deg/1660mm | 25.3s
[ 3600/5000] loss=0.0060 (t=0.0015 r=0.0144 beta=0.31) | val: 1.92deg/1768mm | 25.9s
[ 3700/5000] loss=0.0061 (t=0.0016 r=0.0144 beta=0.31) | val: 2.05deg/1619mm | 26.4s
[ 3800/5000] loss=0.0060 (t=0.0015 r=0.0145 beta=0.31) | val: 1.92deg/1775mm | 26.9s
[ 3900/5000] loss=0.0059 (t=0.0016 r=0.0139 beta=0.31) | val: 1.90deg/1767mm | 27.5s
[ 4000/5000] loss=0.0058 (t=0.0016 r=0.0138 beta=0.30) | val: 1.92deg/1699mm | 28.0s
[ 4100/5000] loss=0.0059 (t=0.0015 r=0.0142 beta=0.30) | val: 1.90deg/1731mm | 28.5s
[ 4200/5000] loss=0.0057 (t=0.0015 r=0.0140 beta=0.30) | val: 1.92deg/1766mm | 29.1s
[ 4300/5000] loss=0.0057 (t=0.0015 r=0.0138 beta=0.30) | val: 1.92deg/1817mm | 29.6s
[ 4400/5000] loss=0.0058 (t=0.0016 r=0.0141 beta=0.30) | val: 1.94deg/1794mm | 30.2s
[ 4500/5000] loss=0.0058 (t=0.0015 r=0.0141 beta=0.30) | val: 1.94deg/1781mm | 30.7s
[ 4600/5000] loss=0.0057 (t=0.0015 r=0.0141 beta=0.30) | val: 1.93deg/1779mm | 31.3s
[ 4700/5000] loss=0.0057 (t=0.0015 r=0.0140 beta=0.30) | val: 1.93deg/1766mm | 31.9s
[ 4800/5000] loss=0.0057 (t=0.0015 r=0.0141 beta=0.30) | val: 1.86deg/1815mm | 32.4s
[ 4900/5000] loss=0.0055 (t=0.0015 r=0.0135 beta=0.30) | val: 1.87deg/1779mm | 33.0s
[ 5000/5000] loss=0.0056 (t=0.0015 r=0.0139 beta=0.30) | val: 1.89deg/1782mm | 33.5s

Training done. Best epoch: 1260, score: 1.5153

Loaded best model from epoch 1260

======================================================================
EVALUATION RESULTS (Direct Regression)
======================================================================
Rotation  (median): 1.59deg
Translation (median): 1360mm

  R@5deg_1m: 30.8%  (rot_pass=92.9%, trans_pass=31.9%)
  R@10deg_2m: 65.9%  (rot_pass=99.5%, trans_pass=66.5%)
  R@15deg_5m: 93.4%  (rot_pass=100.0%, trans_pass=93.4%)
  R@25deg_5m: 93.4%  (rot_pass=100.0%, trans_pass=93.4%)

======================================================================
EVALUATION RESULTS (Retrieval Mode)
======================================================================
Retrieval median: 11.83deg / 2447mm
  R@5deg_1m: 1.6%  (rot=3.3%, trans=20.3%)
  R@10deg_2m: 19.8%  (rot=39.6%, trans=44.0%)
  R@15deg_5m: 57.1%  (rot=69.8%, trans=87.4%)
  R@25deg_5m: 81.9%  (rot=94.5%, trans=87.4%)
======================================================================

Done!
--- exp20_128d_seed57 done ---

=== exp20_128d_seed58 ===
======================================================================
Experiment: exp20_128d_seed58
Pool: spp, Features: both+sum
======================================================================
Random seed: 58
Using device: cuda:5

Loading data (fine=True, coarse=True, summary=True)...
  Loaded fine_geo: torch.Size([895, 128, 68, 120])
  Loaded coarse_sem: torch.Size([895, 128, 68, 120])
  Loaded summary: torch.Size([895, 2560])
  [train] 895 samples loaded
  Loaded fine_geo: torch.Size([182, 128, 68, 120])
  Loaded coarse_sem: torch.Size([182, 128, 68, 120])
  Loaded summary: torch.Size([182, 2560])
  [test] 182 samples loaded
Translation norm: mean=[13.19548    -0.64731836 23.103329  ], std=[10.827089    0.94348246  9.766839  ]
  Feature dim after pooling: 7936
Model parameters: 18,905,610

Pre-computing pooled features (OOM-safe mode)...
  Pre-computed pooled features: torch.Size([895, 7936]) (28.4 MB)
  Pre-computed pooled features: torch.Size([182, 7936]) (5.8 MB)
  GPU memory freed. Training with pre-pooled features (7936d)
Model parameters: 18,905,610
[    1/5000] loss=3.0925 (t=0.6149 r=2.4776 beta=1.00) | val: 65.90deg/20302mm | 0.3s
[  100/5000] loss=0.0668 (t=0.0244 r=0.0457 beta=0.93) | val: 2.76deg/1613mm | 4.7s
[  200/5000] loss=0.0402 (t=0.0120 r=0.0320 beta=0.88) | val: 2.21deg/1738mm | 6.8s
[  300/5000] loss=0.0305 (t=0.0069 r=0.0280 beta=0.84) | val: 1.90deg/1531mm | 8.1s
[  400/5000] loss=0.0262 (t=0.0055 r=0.0256 beta=0.81) | val: 1.74deg/1598mm | 9.1s
[  500/5000] loss=0.0220 (t=0.0048 r=0.0223 beta=0.77) | val: 1.78deg/1510mm | 9.6s
[  600/5000] loss=0.0200 (t=0.0039 r=0.0217 beta=0.74) | val: 1.80deg/1487mm | 10.2s
[  700/5000] loss=0.0186 (t=0.0038 r=0.0207 beta=0.71) | val: 1.75deg/1568mm | 11.1s
[  800/5000] loss=0.0167 (t=0.0031 r=0.0200 beta=0.68) | val: 1.70deg/1539mm | 11.6s
[  900/5000] loss=0.0155 (t=0.0031 r=0.0189 beta=0.66) | val: 1.71deg/1709mm | 12.2s
[ 1000/5000] loss=0.0146 (t=0.0028 r=0.0187 beta=0.63) | val: 1.77deg/1533mm | 12.8s
[ 1100/5000] loss=0.0138 (t=0.0025 r=0.0186 beta=0.61) | val: 1.74deg/1513mm | 13.3s
[ 1200/5000] loss=0.0130 (t=0.0026 r=0.0177 beta=0.59) | val: 1.72deg/1446mm | 13.9s
[ 1300/5000] loss=0.0126 (t=0.0026 r=0.0177 beta=0.56) | val: 1.76deg/1708mm | 14.5s
[ 1400/5000] loss=0.0120 (t=0.0024 r=0.0177 beta=0.54) | val: 1.78deg/1620mm | 15.1s
[ 1500/5000] loss=0.0116 (t=0.0023 r=0.0175 beta=0.53) | val: 1.80deg/1597mm | 15.6s
[ 1600/5000] loss=0.0110 (t=0.0023 r=0.0171 beta=0.51) | val: 1.92deg/1602mm | 16.2s
[ 1700/5000] loss=0.0108 (t=0.0022 r=0.0174 beta=0.49) | val: 1.70deg/1664mm | 16.7s
[ 1800/5000] loss=0.0100 (t=0.0022 r=0.0165 beta=0.48) | val: 1.91deg/1533mm | 17.2s
[ 1900/5000] loss=0.0096 (t=0.0021 r=0.0163 beta=0.46) | val: 1.71deg/1615mm | 17.8s
[ 2000/5000] loss=0.0097 (t=0.0021 r=0.0170 beta=0.45) | val: 1.78deg/1635mm | 18.3s
[ 2100/5000] loss=0.0088 (t=0.0019 r=0.0160 beta=0.44) | val: 1.74deg/1565mm | 18.9s
[ 2200/5000] loss=0.0085 (t=0.0019 r=0.0156 beta=0.42) | val: 1.81deg/1709mm | 19.5s
[ 2300/5000] loss=0.0086 (t=0.0019 r=0.0161 beta=0.41) | val: 1.95deg/1543mm | 20.0s
[ 2400/5000] loss=0.0084 (t=0.0020 r=0.0160 beta=0.40) | val: 1.85deg/1552mm | 20.6s
[ 2500/5000] loss=0.0079 (t=0.0020 r=0.0149 beta=0.39) | val: 1.90deg/1695mm | 21.1s
[ 2600/5000] loss=0.0078 (t=0.0019 r=0.0154 beta=0.39) | val: 1.86deg/1638mm | 21.7s
[ 2700/5000] loss=0.0076 (t=0.0018 r=0.0153 beta=0.38) | val: 1.85deg/1676mm | 22.2s
[ 2800/5000] loss=0.0075 (t=0.0019 r=0.0153 beta=0.37) | val: 1.79deg/1688mm | 22.9s
[ 2900/5000] loss=0.0072 (t=0.0018 r=0.0151 beta=0.36) | val: 1.85deg/1715mm | 23.5s
[ 3000/5000] loss=0.0071 (t=0.0017 r=0.0153 beta=0.36) | val: 1.96deg/1837mm | 24.1s
[ 3100/5000] loss=0.0070 (t=0.0017 r=0.0151 beta=0.35) | val: 1.84deg/1781mm | 24.7s
[ 3200/5000] loss=0.0067 (t=0.0016 r=0.0148 beta=0.34) | val: 1.97deg/1760mm | 25.2s
[ 3300/5000] loss=0.0067 (t=0.0017 r=0.0148 beta=0.34) | val: 1.99deg/1711mm | 25.8s
[ 3400/5000] loss=0.0065 (t=0.0016 r=0.0144 beta=0.34) | val: 1.86deg/1781mm | 26.3s
[ 3500/5000] loss=0.0064 (t=0.0015 r=0.0146 beta=0.33) | val: 1.86deg/1740mm | 26.9s
[ 3600/5000] loss=0.0063 (t=0.0016 r=0.0145 beta=0.33) | val: 1.87deg/1734mm | 27.4s
[ 3700/5000] loss=0.0063 (t=0.0016 r=0.0143 beta=0.32) | val: 1.95deg/1742mm | 28.0s
[ 3800/5000] loss=0.0061 (t=0.0015 r=0.0143 beta=0.32) | val: 1.94deg/1741mm | 28.5s
[ 3900/5000] loss=0.0061 (t=0.0015 r=0.0143 beta=0.32) | val: 1.91deg/1723mm | 29.0s
[ 4000/5000] loss=0.0061 (t=0.0015 r=0.0146 beta=0.32) | val: 1.92deg/1744mm | 29.6s
[ 4100/5000] loss=0.0062 (t=0.0016 r=0.0146 beta=0.32) | val: 1.91deg/1751mm | 30.2s
[ 4200/5000] loss=0.0059 (t=0.0014 r=0.0142 beta=0.31) | val: 1.97deg/1756mm | 30.8s
[ 4300/5000] loss=0.0059 (t=0.0015 r=0.0139 beta=0.31) | val: 1.97deg/1820mm | 31.3s
[ 4400/5000] loss=0.0061 (t=0.0016 r=0.0147 beta=0.31) | val: 1.86deg/1762mm | 31.9s
[ 4500/5000] loss=0.0059 (t=0.0015 r=0.0141 beta=0.31) | val: 1.93deg/1760mm | 32.5s
[ 4600/5000] loss=0.0059 (t=0.0016 r=0.0139 beta=0.31) | val: 1.87deg/1797mm | 33.0s
[ 4700/5000] loss=0.0060 (t=0.0016 r=0.0141 beta=0.31) | val: 1.89deg/1757mm | 33.6s
[ 4800/5000] loss=0.0058 (t=0.0015 r=0.0141 beta=0.31) | val: 1.89deg/1750mm | 34.2s
[ 4900/5000] loss=0.0059 (t=0.0015 r=0.0141 beta=0.31) | val: 1.92deg/1742mm | 34.7s
[ 5000/5000] loss=0.0059 (t=0.0015 r=0.0141 beta=0.31) | val: 1.92deg/1745mm | 35.3s

Training done. Best epoch: 670, score: 1.5018

Loaded best model from epoch 670

======================================================================
EVALUATION RESULTS (Direct Regression)
======================================================================
Rotation  (median): 1.88deg
Translation (median): 1331mm

  R@5deg_1m: 35.2%  (rot_pass=92.9%, trans_pass=36.3%)
  R@10deg_2m: 68.7%  (rot_pass=99.5%, trans_pass=68.7%)
  R@15deg_5m: 94.0%  (rot_pass=100.0%, trans_pass=94.0%)
  R@25deg_5m: 94.0%  (rot_pass=100.0%, trans_pass=94.0%)

======================================================================
EVALUATION RESULTS (Retrieval Mode)
======================================================================
Retrieval median: 11.38deg / 2275mm
  R@5deg_1m: 2.7%  (rot=4.9%, trans=20.9%)
  R@10deg_2m: 19.2%  (rot=38.5%, trans=45.1%)
  R@15deg_5m: 57.7%  (rot=69.8%, trans=87.4%)
  R@25deg_5m: 84.1%  (rot=96.7%, trans=87.4%)
======================================================================

Done!
--- exp20_128d_seed58 done ---

=== exp20_128d_seed59 ===
======================================================================
Experiment: exp20_128d_seed59
Pool: spp, Features: both+sum
======================================================================
Random seed: 59
Using device: cuda:5

Loading data (fine=True, coarse=True, summary=True)...
  Loaded fine_geo: torch.Size([895, 128, 68, 120])
  Loaded coarse_sem: torch.Size([895, 128, 68, 120])
  Loaded summary: torch.Size([895, 2560])
  [train] 895 samples loaded
  Loaded fine_geo: torch.Size([182, 128, 68, 120])
  Loaded coarse_sem: torch.Size([182, 128, 68, 120])
  Loaded summary: torch.Size([182, 2560])
  [test] 182 samples loaded
Translation norm: mean=[13.19548    -0.64731836 23.103329  ], std=[10.827089    0.94348246  9.766839  ]
  Feature dim after pooling: 7936
Model parameters: 18,905,610

Pre-computing pooled features (OOM-safe mode)...
  Pre-computed pooled features: torch.Size([895, 7936]) (28.4 MB)
  Pre-computed pooled features: torch.Size([182, 7936]) (5.8 MB)
  GPU memory freed. Training with pre-pooled features (7936d)
Model parameters: 18,905,610
[    1/5000] loss=2.6436 (t=0.5986 r=2.0450 beta=1.00) | val: 24.07deg/21235mm | 0.2s
[  100/5000] loss=0.0616 (t=0.0212 r=0.0437 beta=0.92) | val: 2.27deg/1992mm | 3.9s
[  200/5000] loss=0.0405 (t=0.0120 r=0.0324 beta=0.88) | val: 2.08deg/1714mm | 5.6s
[  300/5000] loss=0.0296 (t=0.0072 r=0.0267 beta=0.84) | val: 1.67deg/1639mm | 6.5s
[  400/5000] loss=0.0252 (t=0.0055 r=0.0245 beta=0.80) | val: 1.78deg/1589mm | 7.0s
[  500/5000] loss=0.0222 (t=0.0046 r=0.0228 beta=0.77) | val: 1.82deg/1587mm | 8.0s
[  600/5000] loss=0.0196 (t=0.0038 r=0.0215 beta=0.73) | val: 1.94deg/1673mm | 9.3s
[  700/5000] loss=0.0181 (t=0.0035 r=0.0207 beta=0.70) | val: 1.67deg/1546mm | 9.9s
[  800/5000] loss=0.0166 (t=0.0033 r=0.0197 beta=0.67) | val: 1.66deg/1593mm | 10.8s
[  900/5000] loss=0.0156 (t=0.0030 r=0.0194 beta=0.65) | val: 1.77deg/1456mm | 11.4s
[ 1000/5000] loss=0.0147 (t=0.0028 r=0.0192 beta=0.62) | val: 1.59deg/1328mm | 11.9s
[ 1100/5000] loss=0.0138 (t=0.0027 r=0.0185 beta=0.60) | val: 1.75deg/1604mm | 12.8s
[ 1200/5000] loss=0.0135 (t=0.0028 r=0.0185 beta=0.57) | val: 1.72deg/1583mm | 13.4s
[ 1300/5000] loss=0.0123 (t=0.0024 r=0.0178 beta=0.55) | val: 1.57deg/1475mm | 13.9s
[ 1400/5000] loss=0.0115 (t=0.0023 r=0.0173 beta=0.53) | val: 1.81deg/1675mm | 14.5s
[ 1500/5000] loss=0.0107 (t=0.0023 r=0.0164 beta=0.51) | val: 1.67deg/1597mm | 15.0s
[ 1600/5000] loss=0.0105 (t=0.0021 r=0.0168 beta=0.50) | val: 1.77deg/1617mm | 15.6s
[ 1700/5000] loss=0.0100 (t=0.0022 r=0.0161 beta=0.48) | val: 1.77deg/1668mm | 16.1s
[ 1800/5000] loss=0.0097 (t=0.0023 r=0.0160 beta=0.47) | val: 1.71deg/1591mm | 16.7s
[ 1900/5000] loss=0.0090 (t=0.0020 r=0.0155 beta=0.45) | val: 1.76deg/1658mm | 17.3s
[ 2000/5000] loss=0.0091 (t=0.0021 r=0.0161 beta=0.44) | val: 1.82deg/1610mm | 17.8s
[ 2100/5000] loss=0.0086 (t=0.0019 r=0.0157 beta=0.43) | val: 1.75deg/1662mm | 18.4s
[ 2200/5000] loss=0.0085 (t=0.0020 r=0.0157 beta=0.41) | val: 1.72deg/1726mm | 18.9s
[ 2300/5000] loss=0.0081 (t=0.0018 r=0.0155 beta=0.40) | val: 1.92deg/1760mm | 19.4s
[ 2400/5000] loss=0.0081 (t=0.0019 r=0.0157 beta=0.39) | val: 1.96deg/1716mm | 20.0s
[ 2500/5000] loss=0.0078 (t=0.0019 r=0.0154 beta=0.38) | val: 1.87deg/1815mm | 20.5s
[ 2600/5000] loss=0.0075 (t=0.0018 r=0.0153 beta=0.37) | val: 1.82deg/1708mm | 21.1s
[ 2700/5000] loss=0.0074 (t=0.0018 r=0.0154 beta=0.37) | val: 1.78deg/1830mm | 21.6s
[ 2800/5000] loss=0.0072 (t=0.0019 r=0.0149 beta=0.36) | val: 1.88deg/1873mm | 22.2s
[ 2900/5000] loss=0.0068 (t=0.0017 r=0.0146 beta=0.35) | val: 1.93deg/1700mm | 22.7s
[ 3000/5000] loss=0.0070 (t=0.0017 r=0.0152 beta=0.35) | val: 1.85deg/1788mm | 23.3s
[ 3100/5000] loss=0.0066 (t=0.0016 r=0.0149 beta=0.34) | val: 1.90deg/1850mm | 23.8s
[ 3200/5000] loss=0.0066 (t=0.0018 r=0.0145 beta=0.33) | val: 1.91deg/1885mm | 24.4s
[ 3300/5000] loss=0.0065 (t=0.0017 r=0.0145 beta=0.33) | val: 1.84deg/1801mm | 25.0s
[ 3400/5000] loss=0.0064 (t=0.0017 r=0.0144 beta=0.33) | val: 1.85deg/1848mm | 25.6s
[ 3500/5000] loss=0.0063 (t=0.0015 r=0.0147 beta=0.32) | val: 1.83deg/1827mm | 26.2s
[ 3600/5000] loss=0.0062 (t=0.0016 r=0.0145 beta=0.32) | val: 1.97deg/1856mm | 26.7s
[ 3700/5000] loss=0.0061 (t=0.0016 r=0.0142 beta=0.32) | val: 1.90deg/1863mm | 27.3s
[ 3800/5000] loss=0.0061 (t=0.0016 r=0.0142 beta=0.31) | val: 1.91deg/1864mm | 27.8s
[ 3900/5000] loss=0.0059 (t=0.0015 r=0.0141 beta=0.31) | val: 1.95deg/1861mm | 28.4s
[ 4000/5000] loss=0.0062 (t=0.0017 r=0.0147 beta=0.31) | val: 1.94deg/1883mm | 28.9s
[ 4100/5000] loss=0.0058 (t=0.0015 r=0.0139 beta=0.31) | val: 1.96deg/1875mm | 29.5s
[ 4200/5000] loss=0.0059 (t=0.0016 r=0.0143 beta=0.31) | val: 1.93deg/1845mm | 30.0s
[ 4300/5000] loss=0.0059 (t=0.0016 r=0.0142 beta=0.30) | val: 1.95deg/1884mm | 30.6s
[ 4400/5000] loss=0.0059 (t=0.0015 r=0.0143 beta=0.30) | val: 1.95deg/1874mm | 31.1s
[ 4500/5000] loss=0.0058 (t=0.0015 r=0.0141 beta=0.30) | val: 1.97deg/1909mm | 31.7s
[ 4600/5000] loss=0.0057 (t=0.0015 r=0.0140 beta=0.30) | val: 1.94deg/1899mm | 32.2s
[ 4700/5000] loss=0.0058 (t=0.0015 r=0.0143 beta=0.30) | val: 1.91deg/1893mm | 32.8s
[ 4800/5000] loss=0.0057 (t=0.0015 r=0.0137 beta=0.30) | val: 1.92deg/1880mm | 33.4s
[ 4900/5000] loss=0.0059 (t=0.0016 r=0.0141 beta=0.30) | val: 1.92deg/1875mm | 33.9s
[ 5000/5000] loss=0.0056 (t=0.0015 r=0.0136 beta=0.30) | val: 1.91deg/1870mm | 34.5s

Training done. Best epoch: 1000, score: 1.4869

Loaded best model from epoch 1000

======================================================================
EVALUATION RESULTS (Direct Regression)
======================================================================
Rotation  (median): 1.59deg
Translation (median): 1331mm

  R@5deg_1m: 35.7%  (rot_pass=94.0%, trans_pass=37.4%)
  R@10deg_2m: 67.6%  (rot_pass=99.5%, trans_pass=68.1%)
  R@15deg_5m: 92.3%  (rot_pass=100.0%, trans_pass=92.3%)
  R@25deg_5m: 92.3%  (rot_pass=100.0%, trans_pass=92.3%)

======================================================================
EVALUATION RESULTS (Retrieval Mode)
======================================================================
Retrieval median: 11.25deg / 2338mm
  R@5deg_1m: 2.7%  (rot=5.5%, trans=21.4%)
  R@10deg_2m: 20.9%  (rot=45.1%, trans=44.5%)
  R@15deg_5m: 57.7%  (rot=70.3%, trans=85.2%)
  R@25deg_5m: 81.9%  (rot=95.6%, trans=85.2%)
======================================================================

Done!
--- exp20_128d_seed59 done ---

=== exp20_128d_seed60 ===
======================================================================
Experiment: exp20_128d_seed60
Pool: spp, Features: both+sum
======================================================================
Random seed: 60
Using device: cuda:5

Loading data (fine=True, coarse=True, summary=True)...
  Loaded fine_geo: torch.Size([895, 128, 68, 120])
  Loaded coarse_sem: torch.Size([895, 128, 68, 120])
  Loaded summary: torch.Size([895, 2560])
  [train] 895 samples loaded
  Loaded fine_geo: torch.Size([182, 128, 68, 120])
  Loaded coarse_sem: torch.Size([182, 128, 68, 120])
  Loaded summary: torch.Size([182, 2560])
  [test] 182 samples loaded
Translation norm: mean=[13.19548    -0.64731836 23.103329  ], std=[10.827089    0.94348246  9.766839  ]
  Feature dim after pooling: 7936
Model parameters: 18,905,610

Pre-computing pooled features (OOM-safe mode)...
  Pre-computed pooled features: torch.Size([895, 7936]) (28.4 MB)
  Pre-computed pooled features: torch.Size([182, 7936]) (5.8 MB)
  GPU memory freed. Training with pre-pooled features (7936d)
Model parameters: 18,905,610
[    1/5000] loss=3.3994 (t=0.8076 r=2.5919 beta=1.00) | val: 36.46deg/33269mm | 0.2s
[  100/5000] loss=0.0627 (t=0.0222 r=0.0439 beta=0.92) | val: 2.61deg/1698mm | 4.4s
[  200/5000] loss=0.0380 (t=0.0109 r=0.0311 beta=0.87) | val: 1.99deg/1719mm | 5.3s
[  300/5000] loss=0.0302 (t=0.0075 r=0.0273 beta=0.83) | val: 1.79deg/1489mm | 5.8s
[  400/5000] loss=0.0253 (t=0.0055 r=0.0251 beta=0.79) | val: 1.86deg/1684mm | 7.1s
[  500/5000] loss=0.0219 (t=0.0044 r=0.0232 beta=0.75) | val: 1.79deg/1695mm | 7.6s
[  600/5000] loss=0.0205 (t=0.0045 r=0.0222 beta=0.72) | val: 1.54deg/1367mm | 8.5s
[  700/5000] loss=0.0183 (t=0.0037 r=0.0212 beta=0.69) | val: 1.63deg/1479mm | 9.1s
[  800/5000] loss=0.0164 (t=0.0033 r=0.0199 beta=0.66) | val: 1.83deg/1641mm | 9.6s
[  900/5000] loss=0.0150 (t=0.0029 r=0.0192 beta=0.63) | val: 1.74deg/1564mm | 10.2s
[ 1000/5000] loss=0.0144 (t=0.0031 r=0.0186 beta=0.61) | val: 1.76deg/1525mm | 10.7s
[ 1100/5000] loss=0.0137 (t=0.0028 r=0.0189 beta=0.58) | val: 1.70deg/1482mm | 11.2s
[ 1200/5000] loss=0.0122 (t=0.0026 r=0.0173 beta=0.56) | val: 2.03deg/1537mm | 11.8s
[ 1300/5000] loss=0.0116 (t=0.0023 r=0.0173 beta=0.54) | val: 1.86deg/1594mm | 12.4s
[ 1400/5000] loss=0.0111 (t=0.0024 r=0.0167 beta=0.52) | val: 1.81deg/1579mm | 12.9s
[ 1500/5000] loss=0.0107 (t=0.0022 r=0.0171 beta=0.50) | val: 1.72deg/1589mm | 13.4s
[ 1600/5000] loss=0.0106 (t=0.0022 r=0.0175 beta=0.48) | val: 1.84deg/1592mm | 14.0s
[ 1700/5000] loss=0.0101 (t=0.0024 r=0.0167 beta=0.46) | val: 1.69deg/1407mm | 14.5s
[ 1800/5000] loss=0.0092 (t=0.0021 r=0.0158 beta=0.45) | val: 1.91deg/1466mm | 15.1s
[ 1900/5000] loss=0.0091 (t=0.0020 r=0.0161 beta=0.44) | val: 1.95deg/1767mm | 15.6s
[ 2000/5000] loss=0.0085 (t=0.0019 r=0.0155 beta=0.42) | val: 1.92deg/1636mm | 16.2s
[ 2100/5000] loss=0.0084 (t=0.0019 r=0.0158 beta=0.41) | val: 1.93deg/1615mm | 16.7s
[ 2200/5000] loss=0.0083 (t=0.0021 r=0.0155 beta=0.40) | val: 1.85deg/1602mm | 17.3s
[ 2300/5000] loss=0.0080 (t=0.0018 r=0.0159 beta=0.39) | val: 1.95deg/1646mm | 17.8s
[ 2400/5000] loss=0.0078 (t=0.0019 r=0.0157 beta=0.38) | val: 1.84deg/1668mm | 18.3s
[ 2500/5000] loss=0.0075 (t=0.0019 r=0.0154 beta=0.37) | val: 1.74deg/1608mm | 18.9s
[ 2600/5000] loss=0.0074 (t=0.0017 r=0.0157 beta=0.36) | val: 1.92deg/1726mm | 19.4s
[ 2700/5000] loss=0.0069 (t=0.0017 r=0.0148 beta=0.35) | val: 1.94deg/1694mm | 20.0s
[ 2800/5000] loss=0.0069 (t=0.0018 r=0.0148 beta=0.35) | val: 1.93deg/1761mm | 20.6s
[ 2900/5000] loss=0.0066 (t=0.0017 r=0.0145 beta=0.34) | val: 2.06deg/1675mm | 21.1s
[ 3000/5000] loss=0.0066 (t=0.0017 r=0.0149 beta=0.33) | val: 2.01deg/1786mm | 21.7s
[ 3100/5000] loss=0.0068 (t=0.0017 r=0.0156 beta=0.33) | val: 2.00deg/1730mm | 22.3s
[ 3200/5000] loss=0.0064 (t=0.0017 r=0.0148 beta=0.32) | val: 1.94deg/1694mm | 22.8s
[ 3300/5000] loss=0.0064 (t=0.0016 r=0.0151 beta=0.32) | val: 1.87deg/1700mm | 23.4s
[ 3400/5000] loss=0.0062 (t=0.0017 r=0.0144 beta=0.31) | val: 1.99deg/1706mm | 23.9s
[ 3500/5000] loss=0.0061 (t=0.0016 r=0.0146 beta=0.31) | val: 2.02deg/1741mm | 24.5s
[ 3600/5000] loss=0.0062 (t=0.0016 r=0.0150 beta=0.31) | val: 1.97deg/1739mm | 25.0s
[ 3700/5000] loss=0.0059 (t=0.0015 r=0.0145 beta=0.30) | val: 2.04deg/1765mm | 25.6s
[ 3800/5000] loss=0.0058 (t=0.0015 r=0.0142 beta=0.30) | val: 2.05deg/1692mm | 26.1s
[ 3900/5000] loss=0.0061 (t=0.0017 r=0.0148 beta=0.30) | val: 2.09deg/1854mm | 26.6s
[ 4000/5000] loss=0.0057 (t=0.0015 r=0.0141 beta=0.30) | val: 1.98deg/1716mm | 27.2s
[ 4100/5000] loss=0.0057 (t=0.0016 r=0.0141 beta=0.29) | val: 2.07deg/1756mm | 27.7s
[ 4200/5000] loss=0.0058 (t=0.0015 r=0.0145 beta=0.29) | val: 1.97deg/1793mm | 28.3s
[ 4300/5000] loss=0.0057 (t=0.0016 r=0.0141 beta=0.29) | val: 2.00deg/1757mm | 28.8s
[ 4400/5000] loss=0.0056 (t=0.0015 r=0.0139 beta=0.29) | val: 2.06deg/1819mm | 29.4s
[ 4500/5000] loss=0.0055 (t=0.0014 r=0.0139 beta=0.29) | val: 2.03deg/1801mm | 29.9s
[ 4600/5000] loss=0.0056 (t=0.0016 r=0.0139 beta=0.29) | val: 2.04deg/1782mm | 30.5s
[ 4700/5000] loss=0.0056 (t=0.0015 r=0.0140 beta=0.29) | val: 2.03deg/1764mm | 31.0s
[ 4800/5000] loss=0.0054 (t=0.0014 r=0.0139 beta=0.29) | val: 2.09deg/1757mm | 31.6s
[ 4900/5000] loss=0.0056 (t=0.0016 r=0.0139 beta=0.29) | val: 2.05deg/1799mm | 32.1s
[ 5000/5000] loss=0.0056 (t=0.0015 r=0.0142 beta=0.29) | val: 2.06deg/1801mm | 32.7s

Training done. Best epoch: 570, score: 1.4878

Loaded best model from epoch 570

======================================================================
EVALUATION RESULTS (Direct Regression)
======================================================================
Rotation  (median): 1.64deg
Translation (median): 1327mm

  R@5deg_1m: 33.5%  (rot_pass=92.3%, trans_pass=35.2%)
  R@10deg_2m: 64.8%  (rot_pass=99.5%, trans_pass=65.4%)
  R@15deg_5m: 92.9%  (rot_pass=100.0%, trans_pass=92.9%)
  R@25deg_5m: 92.9%  (rot_pass=100.0%, trans_pass=92.9%)

======================================================================
EVALUATION RESULTS (Retrieval Mode)
======================================================================
Retrieval median: 11.30deg / 2363mm
  R@5deg_1m: 2.7%  (rot=4.9%, trans=20.3%)
  R@10deg_2m: 20.3%  (rot=42.3%, trans=44.0%)
  R@15deg_5m: 57.1%  (rot=72.0%, trans=84.1%)
  R@25deg_5m: 81.3%  (rot=97.3%, trans=84.1%)
======================================================================

Done!
--- exp20_128d_seed60 done ---

=== ALL GPU5 SEED SWEEP DONE ===
