============================================================
Fixed Whitening + Mass Seed Sweep (GPU 3)
============================================================
=== exp17a_128d_spp_whiten_seed314 ===
======================================================================
Experiment: exp17a_128d_spp_whiten_seed314
Pool: spp, Features: both+sum
======================================================================
Random seed: 314
Using device: cuda:3

Loading data (fine=True, coarse=True, summary=True)...
  Loaded fine_geo: torch.Size([895, 128, 68, 120])
  Loaded coarse_sem: torch.Size([895, 128, 68, 120])
  Loaded summary: torch.Size([895, 2560])
  [train] 895 samples loaded
  Loaded fine_geo: torch.Size([182, 128, 68, 120])
  Loaded coarse_sem: torch.Size([182, 128, 68, 120])
  Loaded summary: torch.Size([182, 2560])
  [test] 182 samples loaded
Translation norm: mean=[13.19548    -0.64731836 23.103329  ], std=[10.827089    0.94348246  9.766839  ]
  Feature dim after pooling: 7936
Model parameters: 18,905,610

Pre-computing pooled features (OOM-safe mode)...
  Pre-computed pooled features: torch.Size([895, 7936]) (28.4 MB)
  Pre-computed pooled features: torch.Size([182, 7936]) (5.8 MB)
  GPU memory freed. Training with pre-pooled features (7936d)

Applying PCA whitening to pooled features...
  Keeping 198/7936 components (threshold=0.4199)
  Effective rank: 33.1/198
  Top-10 eigenvalue ratio: 66.3%
  Whitened features: dim=198, mean=0.0000, std=0.9992
  Rebuilding model with input_dim=198 (was 7936)
  New model parameters: 3,042,710
Model parameters: 3,042,710
[    1/5000] loss=2.8372 (t=0.5598 r=2.2773 beta=1.00) | val: 28.03deg/17444mm | 0.1s
[  100/5000] loss=0.0939 (t=0.0254 r=0.0736 beta=0.93) | val: 5.51deg/3941mm | 0.9s
[  200/5000] loss=0.0567 (t=0.0134 r=0.0484 beta=0.89) | val: 4.55deg/3947mm | 1.6s
[  300/5000] loss=0.0432 (t=0.0093 r=0.0393 beta=0.86) | val: 3.74deg/4072mm | 2.2s
[  400/5000] loss=0.0350 (t=0.0073 r=0.0333 beta=0.83) | val: 4.22deg/3780mm | 2.6s
[  500/5000] loss=0.0304 (t=0.0061 r=0.0302 beta=0.81) | val: 4.29deg/3690mm | 3.1s
[  600/5000] loss=0.0284 (t=0.0058 r=0.0290 beta=0.78) | val: 4.13deg/3711mm | 3.7s
[  700/5000] loss=0.0259 (t=0.0050 r=0.0277 beta=0.75) | val: 3.78deg/3630mm | 4.2s
[  800/5000] loss=0.0225 (t=0.0046 r=0.0245 beta=0.73) | val: 4.15deg/3407mm | 4.7s
[  900/5000] loss=0.0223 (t=0.0046 r=0.0250 beta=0.71) | val: 4.38deg/3626mm | 5.1s
[ 1000/5000] loss=0.0209 (t=0.0041 r=0.0245 beta=0.69) | val: 4.41deg/3631mm | 5.5s
[ 1100/5000] loss=0.0196 (t=0.0038 r=0.0237 beta=0.67) | val: 4.35deg/3750mm | 6.0s
[ 1200/5000] loss=0.0183 (t=0.0041 r=0.0219 beta=0.65) | val: 4.33deg/3879mm | 6.5s
[ 1300/5000] loss=0.0172 (t=0.0034 r=0.0219 beta=0.63) | val: 4.46deg/3730mm | 6.9s
[ 1400/5000] loss=0.0162 (t=0.0033 r=0.0212 beta=0.61) | val: 4.56deg/3670mm | 7.4s
[ 1500/5000] loss=0.0156 (t=0.0033 r=0.0208 beta=0.59) | val: 4.56deg/3716mm | 7.8s
[ 1600/5000] loss=0.0154 (t=0.0033 r=0.0210 beta=0.58) | val: 4.69deg/3732mm | 8.3s
[ 1700/5000] loss=0.0143 (t=0.0031 r=0.0201 beta=0.56) | val: 4.70deg/3982mm | 8.7s
[ 1800/5000] loss=0.0143 (t=0.0031 r=0.0205 beta=0.55) | val: 4.50deg/3440mm | 9.1s
[ 1900/5000] loss=0.0129 (t=0.0030 r=0.0187 beta=0.53) | val: 4.80deg/3830mm | 9.6s
[ 2000/5000] loss=0.0128 (t=0.0026 r=0.0196 beta=0.52) | val: 4.57deg/3806mm | 10.1s
[ 2100/5000] loss=0.0124 (t=0.0029 r=0.0188 beta=0.51) | val: 4.50deg/3712mm | 10.5s
[ 2200/5000] loss=0.0117 (t=0.0027 r=0.0182 beta=0.50) | val: 4.69deg/3736mm | 10.9s
[ 2300/5000] loss=0.0116 (t=0.0026 r=0.0185 beta=0.49) | val: 4.75deg/3791mm | 11.4s
[ 2400/5000] loss=0.0112 (t=0.0026 r=0.0181 beta=0.48) | val: 4.54deg/3862mm | 11.8s
[ 2500/5000] loss=0.0109 (t=0.0025 r=0.0179 beta=0.47) | val: 4.70deg/3872mm | 12.3s
[ 2600/5000] loss=0.0106 (t=0.0025 r=0.0177 beta=0.46) | val: 4.79deg/3834mm | 12.7s
[ 2700/5000] loss=0.0104 (t=0.0025 r=0.0176 beta=0.45) | val: 4.72deg/4000mm | 13.1s
[ 2800/5000] loss=0.0104 (t=0.0027 r=0.0175 beta=0.44) | val: 4.82deg/3972mm | 13.6s
[ 2900/5000] loss=0.0097 (t=0.0024 r=0.0168 beta=0.43) | val: 4.83deg/3840mm | 14.1s
[ 3000/5000] loss=0.0099 (t=0.0025 r=0.0175 beta=0.43) | val: 4.82deg/3944mm | 14.5s
[ 3100/5000] loss=0.0097 (t=0.0025 r=0.0173 beta=0.42) | val: 4.85deg/3947mm | 15.0s
[ 3200/5000] loss=0.0093 (t=0.0023 r=0.0170 beta=0.41) | val: 4.88deg/3882mm | 15.4s
[ 3300/5000] loss=0.0095 (t=0.0024 r=0.0173 beta=0.41) | val: 4.79deg/3921mm | 15.8s
[ 3400/5000] loss=0.0091 (t=0.0023 r=0.0168 beta=0.40) | val: 4.84deg/3897mm | 16.3s
[ 3500/5000] loss=0.0091 (t=0.0023 r=0.0168 beta=0.40) | val: 4.83deg/3847mm | 16.7s
[ 3600/5000] loss=0.0088 (t=0.0024 r=0.0163 beta=0.40) | val: 5.00deg/3931mm | 17.2s
[ 3700/5000] loss=0.0085 (t=0.0022 r=0.0160 beta=0.39) | val: 4.96deg/3934mm | 17.7s
[ 3800/5000] loss=0.0087 (t=0.0022 r=0.0168 beta=0.39) | val: 4.90deg/3926mm | 18.2s
[ 3900/5000] loss=0.0087 (t=0.0023 r=0.0165 beta=0.39) | val: 4.81deg/3982mm | 18.7s
[ 4000/5000] loss=0.0086 (t=0.0022 r=0.0166 beta=0.39) | val: 4.85deg/3834mm | 19.1s
[ 4100/5000] loss=0.0081 (t=0.0020 r=0.0161 beta=0.38) | val: 4.89deg/3870mm | 19.7s
[ 4200/5000] loss=0.0083 (t=0.0021 r=0.0163 beta=0.38) | val: 4.87deg/3885mm | 20.1s
[ 4300/5000] loss=0.0084 (t=0.0022 r=0.0165 beta=0.38) | val: 4.89deg/3962mm | 20.6s
[ 4400/5000] loss=0.0084 (t=0.0022 r=0.0163 beta=0.38) | val: 4.94deg/3902mm | 21.0s
[ 4500/5000] loss=0.0081 (t=0.0019 r=0.0162 beta=0.38) | val: 4.86deg/3884mm | 21.5s
[ 4600/5000] loss=0.0080 (t=0.0021 r=0.0156 beta=0.38) | val: 4.89deg/3980mm | 22.0s
[ 4700/5000] loss=0.0081 (t=0.0020 r=0.0161 beta=0.38) | val: 4.90deg/3941mm | 22.4s
[ 4800/5000] loss=0.0082 (t=0.0022 r=0.0160 beta=0.38) | val: 4.88deg/3935mm | 22.8s
[ 4900/5000] loss=0.0085 (t=0.0021 r=0.0169 beta=0.38) | val: 4.90deg/3925mm | 23.3s
[ 5000/5000] loss=0.0080 (t=0.0020 r=0.0159 beta=0.38) | val: 4.88deg/3931mm | 23.7s

Training done. Best epoch: 710, score: 3.7608

Loaded best model from epoch 710

======================================================================
EVALUATION RESULTS (Direct Regression)
======================================================================
Rotation  (median): 4.20deg
Translation (median): 3382mm

  R@5deg_1m: 9.9%  (rot_pass=62.6%, trans_pass=10.4%)
  R@10deg_2m: 28.6%  (rot_pass=84.6%, trans_pass=28.6%)
  R@15deg_5m: 71.4%  (rot_pass=96.7%, trans_pass=71.4%)
  R@25deg_5m: 71.4%  (rot_pass=100.0%, trans_pass=71.4%)

======================================================================
EVALUATION RESULTS (Retrieval Mode)
======================================================================
Retrieval median: 11.84deg / 4208mm
  R@5deg_1m: 2.7%  (rot=9.9%, trans=11.5%)
  R@10deg_2m: 13.2%  (rot=39.6%, trans=23.1%)
  R@15deg_5m: 45.6%  (rot=64.8%, trans=63.2%)
  R@25deg_5m: 59.9%  (rot=92.9%, trans=63.2%)
======================================================================

Done!
--- exp17a_128d_spp_whiten_seed314 done ---

=== exp17a_128d_spp_whiten_seed123 ===
======================================================================
Experiment: exp17a_128d_spp_whiten_seed123
Pool: spp, Features: both+sum
======================================================================
Random seed: 123
Using device: cuda:3

Loading data (fine=True, coarse=True, summary=True)...
  Loaded fine_geo: torch.Size([895, 128, 68, 120])
  Loaded coarse_sem: torch.Size([895, 128, 68, 120])
  Loaded summary: torch.Size([895, 2560])
  [train] 895 samples loaded
  Loaded fine_geo: torch.Size([182, 128, 68, 120])
  Loaded coarse_sem: torch.Size([182, 128, 68, 120])
  Loaded summary: torch.Size([182, 2560])
  [test] 182 samples loaded
Translation norm: mean=[13.19548    -0.64731836 23.103329  ], std=[10.827089    0.94348246  9.766839  ]
  Feature dim after pooling: 7936
Model parameters: 18,905,610

Pre-computing pooled features (OOM-safe mode)...
  Pre-computed pooled features: torch.Size([895, 7936]) (28.4 MB)
  Pre-computed pooled features: torch.Size([182, 7936]) (5.8 MB)
  GPU memory freed. Training with pre-pooled features (7936d)

Applying PCA whitening to pooled features...
  Keeping 198/7936 components (threshold=0.4199)
  Effective rank: 33.1/198
  Top-10 eigenvalue ratio: 66.3%
  Whitened features: dim=198, mean=0.0000, std=0.9992
  Rebuilding model with input_dim=198 (was 7936)
  New model parameters: 3,042,710
Model parameters: 3,042,710
[    1/5000] loss=2.8121 (t=0.5949 r=2.2172 beta=1.00) | val: 27.12deg/34578mm | 0.1s
[  100/5000] loss=0.0936 (t=0.0259 r=0.0731 beta=0.93) | val: 4.68deg/3872mm | 1.0s
[  200/5000] loss=0.0578 (t=0.0145 r=0.0489 beta=0.89) | val: 4.20deg/3439mm | 1.5s
[  300/5000] loss=0.0431 (t=0.0099 r=0.0388 beta=0.85) | val: 4.25deg/3621mm | 2.2s
[  400/5000] loss=0.0350 (t=0.0078 r=0.0330 beta=0.82) | val: 4.39deg/3499mm | 2.6s
[  500/5000] loss=0.0305 (t=0.0063 r=0.0304 beta=0.79) | val: 4.29deg/3725mm | 3.1s
[  600/5000] loss=0.0283 (t=0.0059 r=0.0291 beta=0.77) | val: 4.27deg/3429mm | 3.6s
[  700/5000] loss=0.0244 (t=0.0048 r=0.0264 beta=0.74) | val: 4.25deg/3473mm | 4.0s
[  800/5000] loss=0.0223 (t=0.0045 r=0.0248 beta=0.72) | val: 4.28deg/3620mm | 4.5s
[  900/5000] loss=0.0208 (t=0.0043 r=0.0237 beta=0.69) | val: 4.21deg/3703mm | 4.9s
[ 1000/5000] loss=0.0197 (t=0.0042 r=0.0231 beta=0.67) | val: 4.19deg/3580mm | 5.4s
[ 1100/5000] loss=0.0191 (t=0.0040 r=0.0233 beta=0.65) | val: 4.19deg/3519mm | 5.8s
[ 1200/5000] loss=0.0172 (t=0.0037 r=0.0214 beta=0.63) | val: 4.46deg/3791mm | 6.3s
[ 1300/5000] loss=0.0170 (t=0.0035 r=0.0221 beta=0.61) | val: 4.40deg/3675mm | 6.7s
[ 1400/5000] loss=0.0164 (t=0.0035 r=0.0217 beta=0.59) | val: 4.47deg/3601mm | 7.1s
[ 1500/5000] loss=0.0150 (t=0.0033 r=0.0204 beta=0.58) | val: 4.25deg/3674mm | 7.5s
[ 1600/5000] loss=0.0146 (t=0.0032 r=0.0204 beta=0.56) | val: 4.32deg/3818mm | 8.0s
[ 1700/5000] loss=0.0138 (t=0.0028 r=0.0203 beta=0.54) | val: 4.28deg/3771mm | 8.4s
[ 1800/5000] loss=0.0137 (t=0.0029 r=0.0204 beta=0.53) | val: 4.40deg/3667mm | 8.8s
[ 1900/5000] loss=0.0129 (t=0.0029 r=0.0194 beta=0.52) | val: 4.62deg/3590mm | 9.3s
[ 2000/5000] loss=0.0123 (t=0.0028 r=0.0189 beta=0.50) | val: 4.20deg/3597mm | 9.7s
[ 2100/5000] loss=0.0119 (t=0.0027 r=0.0187 beta=0.49) | val: 4.35deg/3620mm | 10.1s
[ 2200/5000] loss=0.0116 (t=0.0027 r=0.0185 beta=0.48) | val: 4.39deg/3592mm | 10.6s
[ 2300/5000] loss=0.0112 (t=0.0026 r=0.0183 beta=0.47) | val: 4.39deg/3625mm | 11.0s
[ 2400/5000] loss=0.0106 (t=0.0024 r=0.0179 beta=0.46) | val: 4.34deg/3634mm | 11.4s
[ 2500/5000] loss=0.0107 (t=0.0026 r=0.0181 beta=0.45) | val: 4.41deg/3646mm | 11.9s
[ 2600/5000] loss=0.0104 (t=0.0025 r=0.0180 beta=0.44) | val: 4.32deg/3619mm | 12.3s
[ 2700/5000] loss=0.0100 (t=0.0024 r=0.0176 beta=0.43) | val: 4.40deg/3543mm | 12.7s
[ 2800/5000] loss=0.0098 (t=0.0025 r=0.0173 beta=0.43) | val: 4.54deg/3666mm | 13.1s
[ 2900/5000] loss=0.0097 (t=0.0024 r=0.0175 beta=0.42) | val: 4.61deg/3613mm | 13.6s
[ 3000/5000] loss=0.0095 (t=0.0024 r=0.0173 beta=0.41) | val: 4.48deg/3605mm | 14.1s
[ 3100/5000] loss=0.0091 (t=0.0023 r=0.0167 beta=0.41) | val: 4.52deg/3670mm | 14.5s
[ 3200/5000] loss=0.0092 (t=0.0022 r=0.0174 beta=0.40) | val: 4.51deg/3587mm | 14.9s
[ 3300/5000] loss=0.0090 (t=0.0023 r=0.0169 beta=0.39) | val: 4.58deg/3602mm | 15.4s
[ 3400/5000] loss=0.0087 (t=0.0022 r=0.0167 beta=0.39) | val: 4.68deg/3501mm | 15.8s
[ 3500/5000] loss=0.0085 (t=0.0021 r=0.0166 beta=0.39) | val: 4.72deg/3646mm | 16.3s
[ 3600/5000] loss=0.0085 (t=0.0022 r=0.0167 beta=0.38) | val: 4.56deg/3618mm | 16.7s
[ 3700/5000] loss=0.0084 (t=0.0022 r=0.0163 beta=0.38) | val: 4.71deg/3575mm | 17.1s
[ 3800/5000] loss=0.0083 (t=0.0021 r=0.0164 beta=0.38) | val: 4.64deg/3554mm | 17.6s
[ 3900/5000] loss=0.0085 (t=0.0023 r=0.0165 beta=0.37) | val: 4.70deg/3570mm | 18.0s
[ 4000/5000] loss=0.0081 (t=0.0022 r=0.0160 beta=0.37) | val: 4.58deg/3655mm | 18.4s
[ 4100/5000] loss=0.0083 (t=0.0022 r=0.0165 beta=0.37) | val: 4.65deg/3598mm | 18.9s
[ 4200/5000] loss=0.0082 (t=0.0021 r=0.0166 beta=0.37) | val: 4.72deg/3617mm | 19.4s
[ 4300/5000] loss=0.0080 (t=0.0021 r=0.0160 beta=0.37) | val: 4.63deg/3591mm | 19.8s
[ 4400/5000] loss=0.0080 (t=0.0021 r=0.0159 beta=0.37) | val: 4.68deg/3590mm | 20.3s
[ 4500/5000] loss=0.0079 (t=0.0021 r=0.0159 beta=0.36) | val: 4.65deg/3560mm | 20.7s
[ 4600/5000] loss=0.0080 (t=0.0021 r=0.0162 beta=0.36) | val: 4.63deg/3588mm | 21.2s
[ 4700/5000] loss=0.0078 (t=0.0020 r=0.0160 beta=0.36) | val: 4.66deg/3574mm | 21.6s
[ 4800/5000] loss=0.0081 (t=0.0021 r=0.0165 beta=0.36) | val: 4.66deg/3564mm | 22.1s
[ 4900/5000] loss=0.0079 (t=0.0021 r=0.0160 beta=0.36) | val: 4.64deg/3587mm | 22.5s
[ 5000/5000] loss=0.0081 (t=0.0021 r=0.0165 beta=0.36) | val: 4.64deg/3572mm | 23.0s

Training done. Best epoch: 420, score: 3.6481

Loaded best model from epoch 420

======================================================================
EVALUATION RESULTS (Direct Regression)
======================================================================
Rotation  (median): 4.19deg
Translation (median): 3234mm

  R@5deg_1m: 12.1%  (rot_pass=58.2%, trans_pass=12.1%)
  R@10deg_2m: 28.6%  (rot_pass=90.7%, trans_pass=28.6%)
  R@15deg_5m: 69.8%  (rot_pass=97.8%, trans_pass=70.3%)
  R@25deg_5m: 70.3%  (rot_pass=100.0%, trans_pass=70.3%)

======================================================================
EVALUATION RESULTS (Retrieval Mode)
======================================================================
Retrieval median: 11.82deg / 4107mm
  R@5deg_1m: 1.6%  (rot=7.1%, trans=13.7%)
  R@10deg_2m: 13.2%  (rot=34.1%, trans=24.7%)
  R@15deg_5m: 47.8%  (rot=72.5%, trans=63.2%)
  R@25deg_5m: 61.5%  (rot=92.9%, trans=63.2%)
======================================================================

Done!
--- exp17a_128d_spp_whiten_seed123 done ---

=== exp17a_128d_spp_whiten_seed456 ===
======================================================================
Experiment: exp17a_128d_spp_whiten_seed456
Pool: spp, Features: both+sum
======================================================================
Random seed: 456
Using device: cuda:3

Loading data (fine=True, coarse=True, summary=True)...
  Loaded fine_geo: torch.Size([895, 128, 68, 120])
  Loaded coarse_sem: torch.Size([895, 128, 68, 120])
  Loaded summary: torch.Size([895, 2560])
  [train] 895 samples loaded
  Loaded fine_geo: torch.Size([182, 128, 68, 120])
  Loaded coarse_sem: torch.Size([182, 128, 68, 120])
  Loaded summary: torch.Size([182, 2560])
  [test] 182 samples loaded
Translation norm: mean=[13.19548    -0.64731836 23.103329  ], std=[10.827089    0.94348246  9.766839  ]
  Feature dim after pooling: 7936
Model parameters: 18,905,610

Pre-computing pooled features (OOM-safe mode)...
  Pre-computed pooled features: torch.Size([895, 7936]) (28.4 MB)
  Pre-computed pooled features: torch.Size([182, 7936]) (5.8 MB)
  GPU memory freed. Training with pre-pooled features (7936d)

Applying PCA whitening to pooled features...
  Keeping 198/7936 components (threshold=0.4199)
  Effective rank: 33.1/198
  Top-10 eigenvalue ratio: 66.3%
  Whitened features: dim=198, mean=0.0000, std=0.9992
  Rebuilding model with input_dim=198 (was 7936)
  New model parameters: 3,042,710
Model parameters: 3,042,710
[    1/5000] loss=2.7846 (t=0.5626 r=2.2220 beta=1.00) | val: 41.55deg/22586mm | 0.2s
[  100/5000] loss=0.0935 (t=0.0260 r=0.0727 beta=0.93) | val: 4.93deg/4223mm | 1.1s
[  200/5000] loss=0.0553 (t=0.0132 r=0.0473 beta=0.89) | val: 4.22deg/3498mm | 1.8s
[  300/5000] loss=0.0425 (t=0.0089 r=0.0391 beta=0.86) | val: 4.00deg/3265mm | 2.4s
[  400/5000] loss=0.0342 (t=0.0075 r=0.0322 beta=0.83) | val: 4.12deg/3795mm | 2.9s
[  500/5000] loss=0.0313 (t=0.0063 r=0.0311 beta=0.80) | val: 4.26deg/3279mm | 3.4s
[  600/5000] loss=0.0276 (t=0.0056 r=0.0284 beta=0.78) | val: 4.16deg/3529mm | 3.8s
[  700/5000] loss=0.0254 (t=0.0051 r=0.0271 beta=0.75) | val: 4.08deg/3401mm | 4.2s
[  800/5000] loss=0.0225 (t=0.0045 r=0.0248 beta=0.73) | val: 4.28deg/3643mm | 4.7s
[  900/5000] loss=0.0217 (t=0.0045 r=0.0245 beta=0.70) | val: 4.45deg/3335mm | 5.2s
[ 1000/5000] loss=0.0199 (t=0.0041 r=0.0232 beta=0.68) | val: 4.42deg/3589mm | 5.6s
[ 1100/5000] loss=0.0193 (t=0.0038 r=0.0234 beta=0.66) | val: 4.37deg/3620mm | 6.1s
[ 1200/5000] loss=0.0181 (t=0.0037 r=0.0225 beta=0.64) | val: 4.49deg/3535mm | 6.6s
[ 1300/5000] loss=0.0170 (t=0.0035 r=0.0216 beta=0.62) | val: 4.55deg/3473mm | 7.0s
[ 1400/5000] loss=0.0160 (t=0.0033 r=0.0210 beta=0.61) | val: 4.34deg/3341mm | 7.5s
[ 1500/5000] loss=0.0154 (t=0.0032 r=0.0207 beta=0.59) | val: 4.48deg/3697mm | 7.9s
[ 1600/5000] loss=0.0144 (t=0.0031 r=0.0198 beta=0.57) | val: 4.60deg/3703mm | 8.4s
[ 1700/5000] loss=0.0143 (t=0.0031 r=0.0201 beta=0.56) | val: 4.73deg/3749mm | 8.8s
[ 1800/5000] loss=0.0133 (t=0.0027 r=0.0195 beta=0.54) | val: 4.64deg/3573mm | 9.3s
[ 1900/5000] loss=0.0132 (t=0.0030 r=0.0192 beta=0.53) | val: 4.42deg/3487mm | 9.7s
[ 2000/5000] loss=0.0123 (t=0.0028 r=0.0185 beta=0.52) | val: 4.70deg/3465mm | 10.1s
[ 2100/5000] loss=0.0120 (t=0.0027 r=0.0185 beta=0.50) | val: 4.77deg/3629mm | 10.6s
[ 2200/5000] loss=0.0116 (t=0.0025 r=0.0183 beta=0.49) | val: 4.38deg/3313mm | 11.0s
[ 2300/5000] loss=0.0110 (t=0.0025 r=0.0177 beta=0.48) | val: 4.63deg/3587mm | 11.4s
[ 2400/5000] loss=0.0112 (t=0.0027 r=0.0180 beta=0.47) | val: 4.61deg/3383mm | 11.9s
[ 2500/5000] loss=0.0108 (t=0.0026 r=0.0178 beta=0.46) | val: 4.66deg/3507mm | 12.4s
[ 2600/5000] loss=0.0107 (t=0.0026 r=0.0178 beta=0.45) | val: 4.96deg/3453mm | 12.8s
[ 2700/5000] loss=0.0105 (t=0.0026 r=0.0177 beta=0.44) | val: 5.04deg/3373mm | 13.3s
[ 2800/5000] loss=0.0100 (t=0.0024 r=0.0174 beta=0.44) | val: 4.85deg/3349mm | 13.7s
[ 2900/5000] loss=0.0098 (t=0.0024 r=0.0174 beta=0.43) | val: 4.87deg/3474mm | 14.1s
[ 3000/5000] loss=0.0100 (t=0.0025 r=0.0178 beta=0.42) | val: 4.89deg/3428mm | 14.6s
[ 3100/5000] loss=0.0095 (t=0.0023 r=0.0172 beta=0.42) | val: 4.83deg/3367mm | 15.1s
[ 3200/5000] loss=0.0094 (t=0.0023 r=0.0172 beta=0.41) | val: 4.98deg/3468mm | 15.5s
[ 3300/5000] loss=0.0090 (t=0.0023 r=0.0166 beta=0.41) | val: 4.91deg/3306mm | 16.0s
[ 3400/5000] loss=0.0089 (t=0.0022 r=0.0167 beta=0.40) | val: 4.77deg/3391mm | 16.4s
[ 3500/5000] loss=0.0088 (t=0.0023 r=0.0163 beta=0.40) | val: 4.85deg/3339mm | 16.8s
[ 3600/5000] loss=0.0087 (t=0.0022 r=0.0165 beta=0.39) | val: 4.89deg/3365mm | 17.3s
[ 3700/5000] loss=0.0086 (t=0.0022 r=0.0164 beta=0.39) | val: 4.96deg/3369mm | 17.7s
[ 3800/5000] loss=0.0086 (t=0.0022 r=0.0165 beta=0.39) | val: 4.84deg/3347mm | 18.1s
[ 3900/5000] loss=0.0084 (t=0.0022 r=0.0160 beta=0.38) | val: 4.99deg/3354mm | 18.6s
[ 4000/5000] loss=0.0082 (t=0.0020 r=0.0162 beta=0.38) | val: 4.91deg/3443mm | 19.1s
[ 4100/5000] loss=0.0084 (t=0.0021 r=0.0164 beta=0.38) | val: 4.84deg/3309mm | 19.5s
[ 4200/5000] loss=0.0084 (t=0.0021 r=0.0166 beta=0.38) | val: 4.88deg/3348mm | 19.9s
[ 4300/5000] loss=0.0085 (t=0.0023 r=0.0166 beta=0.38) | val: 4.93deg/3411mm | 20.4s
[ 4400/5000] loss=0.0082 (t=0.0022 r=0.0160 beta=0.38) | val: 4.97deg/3304mm | 20.8s
[ 4500/5000] loss=0.0081 (t=0.0021 r=0.0160 beta=0.38) | val: 4.92deg/3442mm | 21.3s
[ 4600/5000] loss=0.0079 (t=0.0020 r=0.0158 beta=0.38) | val: 4.95deg/3393mm | 21.7s
[ 4700/5000] loss=0.0080 (t=0.0021 r=0.0160 beta=0.37) | val: 4.94deg/3404mm | 22.1s
[ 4800/5000] loss=0.0081 (t=0.0020 r=0.0163 beta=0.37) | val: 4.95deg/3411mm | 22.6s
[ 4900/5000] loss=0.0079 (t=0.0021 r=0.0157 beta=0.37) | val: 4.95deg/3401mm | 23.0s
[ 5000/5000] loss=0.0081 (t=0.0021 r=0.0160 beta=0.37) | val: 4.94deg/3415mm | 23.4s

Training done. Best epoch: 1560, score: 3.5774

Loaded best model from epoch 1560

======================================================================
EVALUATION RESULTS (Direct Regression)
======================================================================
Rotation  (median): 4.51deg
Translation (median): 3202mm

  R@5deg_1m: 9.9%  (rot_pass=57.7%, trans_pass=10.4%)
  R@10deg_2m: 29.1%  (rot_pass=87.4%, trans_pass=29.1%)
  R@15deg_5m: 75.8%  (rot_pass=97.8%, trans_pass=77.5%)
  R@25deg_5m: 77.5%  (rot_pass=100.0%, trans_pass=77.5%)

======================================================================
EVALUATION RESULTS (Retrieval Mode)
======================================================================
Retrieval median: 11.78deg / 3923mm
  R@5deg_1m: 2.7%  (rot=8.8%, trans=9.3%)
  R@10deg_2m: 12.1%  (rot=37.4%, trans=24.7%)
  R@15deg_5m: 49.5%  (rot=66.5%, trans=72.5%)
  R@25deg_5m: 70.3%  (rot=95.1%, trans=72.5%)
======================================================================

Done!
--- exp17a_128d_spp_whiten_seed456 done ---


============================================================
MASS SEED SWEEP (30 seeds)
============================================================
=== exp20_128d_seed1 ===
======================================================================
Experiment: exp20_128d_seed1
Pool: spp, Features: both+sum
======================================================================
Random seed: 1
Using device: cuda:3

Loading data (fine=True, coarse=True, summary=True)...
  Loaded fine_geo: torch.Size([895, 128, 68, 120])
  Loaded coarse_sem: torch.Size([895, 128, 68, 120])
  Loaded summary: torch.Size([895, 2560])
  [train] 895 samples loaded
  Loaded fine_geo: torch.Size([182, 128, 68, 120])
  Loaded coarse_sem: torch.Size([182, 128, 68, 120])
  Loaded summary: torch.Size([182, 2560])
  [test] 182 samples loaded
Translation norm: mean=[13.19548    -0.64731836 23.103329  ], std=[10.827089    0.94348246  9.766839  ]
  Feature dim after pooling: 7936
Model parameters: 18,905,610

Pre-computing pooled features (OOM-safe mode)...
  Pre-computed pooled features: torch.Size([895, 7936]) (28.4 MB)
  Pre-computed pooled features: torch.Size([182, 7936]) (5.8 MB)
  GPU memory freed. Training with pre-pooled features (7936d)
Model parameters: 18,905,610
[    1/5000] loss=2.8869 (t=0.6105 r=2.2764 beta=1.00) | val: 40.19deg/21732mm | 0.6s
[  100/5000] loss=0.0649 (t=0.0216 r=0.0466 beta=0.93) | val: 2.46deg/1495mm | 4.9s
[  200/5000] loss=0.0400 (t=0.0118 r=0.0317 beta=0.89) | val: 1.77deg/1608mm | 6.2s
[  300/5000] loss=0.0303 (t=0.0073 r=0.0270 beta=0.85) | val: 1.66deg/1445mm | 7.2s
[  400/5000] loss=0.0255 (t=0.0055 r=0.0246 beta=0.82) | val: 1.84deg/1599mm | 7.7s
[  500/5000] loss=0.0228 (t=0.0048 r=0.0229 beta=0.79) | val: 1.58deg/1424mm | 8.7s
[  600/5000] loss=0.0206 (t=0.0042 r=0.0217 beta=0.75) | val: 1.61deg/1543mm | 9.3s
[  700/5000] loss=0.0186 (t=0.0035 r=0.0208 beta=0.73) | val: 1.57deg/1499mm | 9.8s
[  800/5000] loss=0.0173 (t=0.0033 r=0.0201 beta=0.70) | val: 1.57deg/1500mm | 10.7s
[  900/5000] loss=0.0158 (t=0.0032 r=0.0187 beta=0.67) | val: 1.55deg/1593mm | 11.3s
[ 1000/5000] loss=0.0142 (t=0.0027 r=0.0179 beta=0.65) | val: 1.72deg/1595mm | 11.9s
[ 1100/5000] loss=0.0141 (t=0.0027 r=0.0183 beta=0.62) | val: 1.65deg/1511mm | 12.4s
[ 1200/5000] loss=0.0133 (t=0.0026 r=0.0179 beta=0.60) | val: 1.68deg/1577mm | 13.0s
[ 1300/5000] loss=0.0126 (t=0.0025 r=0.0173 beta=0.58) | val: 1.64deg/1635mm | 13.5s
[ 1400/5000] loss=0.0122 (t=0.0024 r=0.0175 beta=0.56) | val: 1.78deg/1813mm | 14.1s
[ 1500/5000] loss=0.0116 (t=0.0023 r=0.0171 beta=0.54) | val: 1.65deg/1691mm | 14.6s
[ 1600/5000] loss=0.0112 (t=0.0022 r=0.0172 beta=0.52) | val: 1.71deg/1571mm | 15.2s
[ 1700/5000] loss=0.0108 (t=0.0022 r=0.0168 beta=0.51) | val: 1.70deg/1650mm | 15.8s
[ 1800/5000] loss=0.0103 (t=0.0020 r=0.0168 beta=0.49) | val: 1.86deg/1622mm | 16.3s
[ 1900/5000] loss=0.0098 (t=0.0021 r=0.0161 beta=0.48) | val: 1.72deg/1678mm | 16.9s
[ 2000/5000] loss=0.0095 (t=0.0020 r=0.0161 beta=0.46) | val: 1.77deg/1597mm | 17.4s
[ 2100/5000] loss=0.0094 (t=0.0022 r=0.0160 beta=0.45) | val: 1.80deg/1658mm | 18.0s
[ 2200/5000] loss=0.0088 (t=0.0019 r=0.0158 beta=0.44) | val: 1.83deg/1731mm | 18.5s
[ 2300/5000] loss=0.0086 (t=0.0020 r=0.0156 beta=0.43) | val: 1.79deg/1533mm | 19.1s
[ 2400/5000] loss=0.0088 (t=0.0020 r=0.0162 beta=0.42) | val: 1.82deg/1709mm | 19.7s
[ 2500/5000] loss=0.0080 (t=0.0018 r=0.0153 beta=0.41) | val: 1.75deg/1656mm | 20.2s
[ 2600/5000] loss=0.0080 (t=0.0019 r=0.0153 beta=0.40) | val: 1.79deg/1723mm | 20.8s
[ 2700/5000] loss=0.0077 (t=0.0018 r=0.0153 beta=0.39) | val: 1.80deg/1647mm | 21.3s
[ 2800/5000] loss=0.0074 (t=0.0016 r=0.0152 beta=0.38) | val: 1.97deg/1741mm | 21.8s
[ 2900/5000] loss=0.0073 (t=0.0017 r=0.0150 beta=0.38) | val: 1.94deg/1699mm | 22.4s
[ 3000/5000] loss=0.0071 (t=0.0017 r=0.0147 beta=0.37) | val: 1.81deg/1734mm | 23.0s
[ 3100/5000] loss=0.0070 (t=0.0018 r=0.0145 beta=0.36) | val: 1.90deg/1765mm | 23.5s
[ 3200/5000] loss=0.0069 (t=0.0017 r=0.0144 beta=0.36) | val: 1.92deg/1677mm | 24.1s
[ 3300/5000] loss=0.0068 (t=0.0017 r=0.0146 beta=0.35) | val: 1.82deg/1667mm | 24.7s
[ 3400/5000] loss=0.0068 (t=0.0018 r=0.0144 beta=0.35) | val: 1.86deg/1628mm | 25.2s
[ 3500/5000] loss=0.0067 (t=0.0017 r=0.0147 beta=0.34) | val: 1.85deg/1671mm | 25.8s
[ 3600/5000] loss=0.0065 (t=0.0016 r=0.0144 beta=0.34) | val: 1.84deg/1653mm | 26.3s
[ 3700/5000] loss=0.0064 (t=0.0017 r=0.0140 beta=0.34) | val: 1.85deg/1761mm | 26.9s
[ 3800/5000] loss=0.0064 (t=0.0016 r=0.0143 beta=0.33) | val: 1.85deg/1723mm | 27.4s
[ 3900/5000] loss=0.0061 (t=0.0015 r=0.0140 beta=0.33) | val: 1.82deg/1704mm | 28.0s
[ 4000/5000] loss=0.0062 (t=0.0015 r=0.0144 beta=0.33) | val: 1.85deg/1730mm | 28.6s
[ 4100/5000] loss=0.0062 (t=0.0016 r=0.0141 beta=0.33) | val: 1.86deg/1714mm | 29.2s
[ 4200/5000] loss=0.0062 (t=0.0015 r=0.0143 beta=0.33) | val: 1.89deg/1744mm | 29.8s
[ 4300/5000] loss=0.0061 (t=0.0015 r=0.0141 beta=0.33) | val: 1.90deg/1667mm | 30.4s
[ 4400/5000] loss=0.0059 (t=0.0015 r=0.0138 beta=0.32) | val: 1.85deg/1685mm | 31.0s
[ 4500/5000] loss=0.0060 (t=0.0014 r=0.0141 beta=0.32) | val: 1.91deg/1745mm | 31.5s
[ 4600/5000] loss=0.0059 (t=0.0014 r=0.0139 beta=0.32) | val: 1.92deg/1708mm | 32.1s
[ 4700/5000] loss=0.0061 (t=0.0016 r=0.0140 beta=0.32) | val: 1.88deg/1681mm | 32.7s
[ 4800/5000] loss=0.0060 (t=0.0015 r=0.0139 beta=0.32) | val: 1.91deg/1674mm | 33.2s
[ 4900/5000] loss=0.0059 (t=0.0014 r=0.0138 beta=0.32) | val: 1.91deg/1662mm | 33.8s
[ 5000/5000] loss=0.0059 (t=0.0015 r=0.0139 beta=0.32) | val: 1.91deg/1670mm | 34.4s

Training done. Best epoch: 790, score: 1.5207

Loaded best model from epoch 790

======================================================================
EVALUATION RESULTS (Direct Regression)
======================================================================
Rotation  (median): 1.69deg
Translation (median): 1354mm

  R@5deg_1m: 33.5%  (rot_pass=92.3%, trans_pass=34.6%)
  R@10deg_2m: 69.2%  (rot_pass=99.5%, trans_pass=69.8%)
  R@15deg_5m: 93.4%  (rot_pass=100.0%, trans_pass=93.4%)
  R@25deg_5m: 93.4%  (rot_pass=100.0%, trans_pass=93.4%)

======================================================================
EVALUATION RESULTS (Retrieval Mode)
======================================================================
Retrieval median: 11.38deg / 2331mm
  R@5deg_1m: 2.2%  (rot=4.4%, trans=22.5%)
  R@10deg_2m: 19.8%  (rot=42.3%, trans=46.2%)
  R@15deg_5m: 55.5%  (rot=68.1%, trans=87.4%)
  R@25deg_5m: 81.9%  (rot=94.5%, trans=87.4%)
======================================================================

Done!
--- exp20_128d_seed1 done ---

=== exp20_128d_seed2 ===
======================================================================
Experiment: exp20_128d_seed2
Pool: spp, Features: both+sum
======================================================================
Random seed: 2
Using device: cuda:3

Loading data (fine=True, coarse=True, summary=True)...
  Loaded fine_geo: torch.Size([895, 128, 68, 120])
  Loaded coarse_sem: torch.Size([895, 128, 68, 120])
  Loaded summary: torch.Size([895, 2560])
  [train] 895 samples loaded
  Loaded fine_geo: torch.Size([182, 128, 68, 120])
  Loaded coarse_sem: torch.Size([182, 128, 68, 120])
  Loaded summary: torch.Size([182, 2560])
  [test] 182 samples loaded
Translation norm: mean=[13.19548    -0.64731836 23.103329  ], std=[10.827089    0.94348246  9.766839  ]
  Feature dim after pooling: 7936
Model parameters: 18,905,610

Pre-computing pooled features (OOM-safe mode)...
  Pre-computed pooled features: torch.Size([895, 7936]) (28.4 MB)
  Pre-computed pooled features: torch.Size([182, 7936]) (5.8 MB)
  GPU memory freed. Training with pre-pooled features (7936d)
Model parameters: 18,905,610
[    1/5000] loss=2.6885 (t=0.5688 r=2.1197 beta=1.00) | val: 19.24deg/12599mm | 0.3s
[  100/5000] loss=0.0636 (t=0.0216 r=0.0452 beta=0.93) | val: 2.34deg/1857mm | 4.6s
[  200/5000] loss=0.0403 (t=0.0117 r=0.0322 beta=0.89) | val: 1.91deg/1675mm | 5.9s
[  300/5000] loss=0.0317 (t=0.0076 r=0.0282 beta=0.85) | val: 1.90deg/1678mm | 6.6s
[  400/5000] loss=0.0254 (t=0.0056 r=0.0240 beta=0.82) | val: 1.62deg/1524mm | 8.0s
[  500/5000] loss=0.0238 (t=0.0047 r=0.0242 beta=0.79) | val: 1.71deg/1616mm | 9.0s
[  600/5000] loss=0.0206 (t=0.0043 r=0.0215 beta=0.76) | val: 1.73deg/1629mm | 9.7s
[  700/5000] loss=0.0192 (t=0.0037 r=0.0213 beta=0.73) | val: 1.63deg/1365mm | 10.3s
[  800/5000] loss=0.0167 (t=0.0031 r=0.0195 beta=0.70) | val: 1.66deg/1506mm | 11.0s
[  900/5000] loss=0.0167 (t=0.0030 r=0.0203 beta=0.68) | val: 1.64deg/1585mm | 11.7s
[ 1000/5000] loss=0.0151 (t=0.0030 r=0.0185 beta=0.65) | val: 1.66deg/1595mm | 12.4s
[ 1100/5000] loss=0.0146 (t=0.0027 r=0.0190 beta=0.63) | val: 1.62deg/1606mm | 13.1s
[ 1200/5000] loss=0.0132 (t=0.0026 r=0.0175 beta=0.61) | val: 1.84deg/1541mm | 13.7s
[ 1300/5000] loss=0.0127 (t=0.0024 r=0.0176 beta=0.58) | val: 1.73deg/1579mm | 14.4s
[ 1400/5000] loss=0.0124 (t=0.0025 r=0.0175 beta=0.57) | val: 1.44deg/1506mm | 15.1s
[ 1500/5000] loss=0.0120 (t=0.0025 r=0.0173 beta=0.55) | val: 1.62deg/1449mm | 15.8s
[ 1600/5000] loss=0.0112 (t=0.0022 r=0.0170 beta=0.53) | val: 1.86deg/1613mm | 16.5s
[ 1700/5000] loss=0.0105 (t=0.0022 r=0.0163 beta=0.51) | val: 1.82deg/1629mm | 17.1s
[ 1800/5000] loss=0.0104 (t=0.0022 r=0.0164 beta=0.50) | val: 1.64deg/1607mm | 17.8s
[ 1900/5000] loss=0.0103 (t=0.0022 r=0.0168 beta=0.48) | val: 1.72deg/1608mm | 18.5s
[ 2000/5000] loss=0.0098 (t=0.0020 r=0.0165 beta=0.47) | val: 1.63deg/1473mm | 19.2s
[ 2100/5000] loss=0.0091 (t=0.0019 r=0.0158 beta=0.46) | val: 1.75deg/1684mm | 19.8s
[ 2200/5000] loss=0.0092 (t=0.0021 r=0.0160 beta=0.44) | val: 1.71deg/1620mm | 20.5s
[ 2300/5000] loss=0.0086 (t=0.0019 r=0.0154 beta=0.43) | val: 1.69deg/1706mm | 21.2s
[ 2400/5000] loss=0.0083 (t=0.0018 r=0.0153 beta=0.42) | val: 1.73deg/1582mm | 21.9s
[ 2500/5000] loss=0.0079 (t=0.0018 r=0.0150 beta=0.41) | val: 1.72deg/1690mm | 22.6s
[ 2600/5000] loss=0.0078 (t=0.0018 r=0.0148 beta=0.40) | val: 1.76deg/1725mm | 23.3s
[ 2700/5000] loss=0.0076 (t=0.0018 r=0.0148 beta=0.40) | val: 1.77deg/1658mm | 24.0s
[ 2800/5000] loss=0.0074 (t=0.0018 r=0.0147 beta=0.39) | val: 1.78deg/1603mm | 24.7s
[ 2900/5000] loss=0.0078 (t=0.0018 r=0.0157 beta=0.38) | val: 1.77deg/1641mm | 25.4s
[ 3000/5000] loss=0.0073 (t=0.0019 r=0.0144 beta=0.37) | val: 1.81deg/1754mm | 26.1s
[ 3100/5000] loss=0.0071 (t=0.0017 r=0.0148 beta=0.37) | val: 1.78deg/1755mm | 26.8s
[ 3200/5000] loss=0.0070 (t=0.0018 r=0.0143 beta=0.36) | val: 1.81deg/1684mm | 27.4s
[ 3300/5000] loss=0.0070 (t=0.0017 r=0.0147 beta=0.36) | val: 1.77deg/1819mm | 28.1s
[ 3400/5000] loss=0.0068 (t=0.0017 r=0.0145 beta=0.35) | val: 1.77deg/1643mm | 28.8s
[ 3500/5000] loss=0.0066 (t=0.0016 r=0.0142 beta=0.35) | val: 1.83deg/1712mm | 29.5s
[ 3600/5000] loss=0.0066 (t=0.0016 r=0.0144 beta=0.35) | val: 1.83deg/1730mm | 30.1s
[ 3700/5000] loss=0.0064 (t=0.0016 r=0.0140 beta=0.34) | val: 1.80deg/1785mm | 30.8s
[ 3800/5000] loss=0.0063 (t=0.0015 r=0.0139 beta=0.34) | val: 1.80deg/1712mm | 31.5s
[ 3900/5000] loss=0.0063 (t=0.0016 r=0.0141 beta=0.34) | val: 1.83deg/1815mm | 32.2s
[ 4000/5000] loss=0.0060 (t=0.0015 r=0.0136 beta=0.33) | val: 1.80deg/1758mm | 32.9s
[ 4100/5000] loss=0.0063 (t=0.0016 r=0.0140 beta=0.33) | val: 1.85deg/1774mm | 33.5s
[ 4200/5000] loss=0.0062 (t=0.0016 r=0.0141 beta=0.33) | val: 1.84deg/1803mm | 34.2s
[ 4300/5000] loss=0.0063 (t=0.0016 r=0.0142 beta=0.33) | val: 1.82deg/1781mm | 34.9s
[ 4400/5000] loss=0.0062 (t=0.0015 r=0.0142 beta=0.33) | val: 1.83deg/1775mm | 35.6s
[ 4500/5000] loss=0.0063 (t=0.0016 r=0.0144 beta=0.33) | val: 1.82deg/1781mm | 36.2s
[ 4600/5000] loss=0.0061 (t=0.0016 r=0.0139 beta=0.33) | val: 1.82deg/1782mm | 36.7s
[ 4700/5000] loss=0.0061 (t=0.0014 r=0.0141 beta=0.33) | val: 1.82deg/1838mm | 37.3s
[ 4800/5000] loss=0.0062 (t=0.0015 r=0.0144 beta=0.33) | val: 1.83deg/1826mm | 37.8s
[ 4900/5000] loss=0.0062 (t=0.0015 r=0.0144 beta=0.33) | val: 1.81deg/1829mm | 38.4s
[ 5000/5000] loss=0.0059 (t=0.0015 r=0.0136 beta=0.33) | val: 1.81deg/1833mm | 38.9s

Training done. Best epoch: 450, score: 1.4974

Loaded best model from epoch 450

======================================================================
EVALUATION RESULTS (Direct Regression)
======================================================================
Rotation  (median): 1.71deg
Translation (median): 1345mm

  R@5deg_1m: 35.2%  (rot_pass=93.4%, trans_pass=36.3%)
  R@10deg_2m: 69.2%  (rot_pass=99.5%, trans_pass=69.2%)
  R@15deg_5m: 93.4%  (rot_pass=100.0%, trans_pass=93.4%)
  R@25deg_5m: 93.4%  (rot_pass=100.0%, trans_pass=93.4%)

======================================================================
EVALUATION RESULTS (Retrieval Mode)
======================================================================
Retrieval median: 11.82deg / 2292mm
  R@5deg_1m: 2.7%  (rot=5.5%, trans=19.8%)
  R@10deg_2m: 20.3%  (rot=41.8%, trans=45.6%)
  R@15deg_5m: 57.1%  (rot=68.7%, trans=87.9%)
  R@25deg_5m: 84.1%  (rot=96.2%, trans=87.9%)
======================================================================

Done!
--- exp20_128d_seed2 done ---

=== exp20_128d_seed3 ===
======================================================================
Experiment: exp20_128d_seed3
Pool: spp, Features: both+sum
======================================================================
Random seed: 3
Using device: cuda:3

Loading data (fine=True, coarse=True, summary=True)...
  Loaded fine_geo: torch.Size([895, 128, 68, 120])
  Loaded coarse_sem: torch.Size([895, 128, 68, 120])
  Loaded summary: torch.Size([895, 2560])
  [train] 895 samples loaded
  Loaded fine_geo: torch.Size([182, 128, 68, 120])
  Loaded coarse_sem: torch.Size([182, 128, 68, 120])
  Loaded summary: torch.Size([182, 2560])
  [test] 182 samples loaded
Translation norm: mean=[13.19548    -0.64731836 23.103329  ], std=[10.827089    0.94348246  9.766839  ]
  Feature dim after pooling: 7936
Model parameters: 18,905,610

Pre-computing pooled features (OOM-safe mode)...
  Pre-computed pooled features: torch.Size([895, 7936]) (28.4 MB)
  Pre-computed pooled features: torch.Size([182, 7936]) (5.8 MB)
  GPU memory freed. Training with pre-pooled features (7936d)
Model parameters: 18,905,610
[    1/5000] loss=2.1950 (t=0.5728 r=1.6222 beta=1.00) | val: 34.00deg/30725mm | 0.7s
[  100/5000] loss=0.0656 (t=0.0223 r=0.0466 beta=0.93) | val: 2.39deg/1625mm | 4.5s
[  200/5000] loss=0.0402 (t=0.0106 r=0.0335 beta=0.88) | val: 2.12deg/1660mm | 6.5s
[  300/5000] loss=0.0309 (t=0.0068 r=0.0285 beta=0.84) | val: 2.08deg/1567mm | 7.5s
[  400/5000] loss=0.0250 (t=0.0054 r=0.0243 beta=0.81) | val: 1.91deg/1454mm | 8.0s
[  500/5000] loss=0.0223 (t=0.0044 r=0.0232 beta=0.77) | val: 1.82deg/1541mm | 8.7s
[  600/5000] loss=0.0192 (t=0.0036 r=0.0211 beta=0.74) | val: 1.68deg/1539mm | 9.8s
[  700/5000] loss=0.0185 (t=0.0036 r=0.0209 beta=0.71) | val: 1.75deg/1456mm | 10.8s
[  800/5000] loss=0.0168 (t=0.0033 r=0.0198 beta=0.68) | val: 1.52deg/1567mm | 11.4s
[  900/5000] loss=0.0159 (t=0.0029 r=0.0198 beta=0.65) | val: 1.74deg/1382mm | 12.5s
[ 1000/5000] loss=0.0141 (t=0.0027 r=0.0181 beta=0.63) | val: 1.69deg/1462mm | 13.1s
[ 1100/5000] loss=0.0134 (t=0.0026 r=0.0178 beta=0.61) | val: 1.58deg/1425mm | 13.6s
[ 1200/5000] loss=0.0130 (t=0.0026 r=0.0179 beta=0.58) | val: 1.66deg/1516mm | 14.2s
[ 1300/5000] loss=0.0123 (t=0.0027 r=0.0171 beta=0.56) | val: 1.63deg/1497mm | 14.8s
[ 1400/5000] loss=0.0115 (t=0.0024 r=0.0169 beta=0.54) | val: 1.69deg/1517mm | 15.4s
[ 1500/5000] loss=0.0113 (t=0.0024 r=0.0169 beta=0.52) | val: 1.68deg/1527mm | 15.9s
[ 1600/5000] loss=0.0110 (t=0.0022 r=0.0173 beta=0.51) | val: 1.76deg/1495mm | 16.5s
[ 1700/5000] loss=0.0105 (t=0.0023 r=0.0168 beta=0.49) | val: 1.70deg/1465mm | 17.1s
[ 1800/5000] loss=0.0095 (t=0.0021 r=0.0157 beta=0.47) | val: 1.73deg/1406mm | 17.6s
[ 1900/5000] loss=0.0098 (t=0.0022 r=0.0167 beta=0.46) | val: 1.64deg/1449mm | 18.2s
[ 2000/5000] loss=0.0092 (t=0.0020 r=0.0161 beta=0.45) | val: 1.80deg/1429mm | 18.8s
[ 2100/5000] loss=0.0089 (t=0.0020 r=0.0160 beta=0.43) | val: 1.75deg/1635mm | 19.3s
[ 2200/5000] loss=0.0086 (t=0.0019 r=0.0157 beta=0.42) | val: 1.65deg/1532mm | 19.9s
[ 2300/5000] loss=0.0085 (t=0.0020 r=0.0157 beta=0.41) | val: 1.68deg/1411mm | 20.4s
[ 2400/5000] loss=0.0081 (t=0.0019 r=0.0155 beta=0.40) | val: 1.78deg/1561mm | 21.0s
[ 2500/5000] loss=0.0077 (t=0.0018 r=0.0151 beta=0.39) | val: 1.83deg/1538mm | 21.5s
[ 2600/5000] loss=0.0076 (t=0.0017 r=0.0153 beta=0.38) | val: 1.86deg/1576mm | 22.1s
[ 2700/5000] loss=0.0075 (t=0.0017 r=0.0154 beta=0.37) | val: 1.74deg/1534mm | 22.7s
[ 2800/5000] loss=0.0071 (t=0.0017 r=0.0147 beta=0.37) | val: 1.79deg/1709mm | 23.3s
[ 2900/5000] loss=0.0072 (t=0.0018 r=0.0150 beta=0.36) | val: 1.87deg/1642mm | 23.9s
[ 3000/5000] loss=0.0070 (t=0.0017 r=0.0150 beta=0.35) | val: 1.85deg/1634mm | 24.4s
[ 3100/5000] loss=0.0069 (t=0.0017 r=0.0149 beta=0.35) | val: 1.73deg/1625mm | 25.0s
[ 3200/5000] loss=0.0069 (t=0.0018 r=0.0148 beta=0.34) | val: 1.81deg/1583mm | 25.5s
[ 3300/5000] loss=0.0067 (t=0.0017 r=0.0148 beta=0.34) | val: 1.81deg/1678mm | 26.0s
[ 3400/5000] loss=0.0065 (t=0.0016 r=0.0147 beta=0.33) | val: 1.82deg/1728mm | 26.6s
[ 3500/5000] loss=0.0064 (t=0.0015 r=0.0148 beta=0.33) | val: 1.86deg/1659mm | 27.2s
[ 3600/5000] loss=0.0063 (t=0.0016 r=0.0144 beta=0.33) | val: 1.81deg/1576mm | 27.7s
[ 3700/5000] loss=0.0062 (t=0.0016 r=0.0143 beta=0.32) | val: 1.78deg/1694mm | 28.3s
[ 3800/5000] loss=0.0062 (t=0.0016 r=0.0146 beta=0.32) | val: 1.76deg/1633mm | 28.8s
[ 3900/5000] loss=0.0061 (t=0.0016 r=0.0141 beta=0.32) | val: 1.80deg/1686mm | 29.4s
[ 4000/5000] loss=0.0059 (t=0.0014 r=0.0140 beta=0.31) | val: 1.81deg/1607mm | 29.9s
[ 4100/5000] loss=0.0059 (t=0.0015 r=0.0141 beta=0.31) | val: 1.83deg/1623mm | 30.5s
[ 4200/5000] loss=0.0060 (t=0.0016 r=0.0143 beta=0.31) | val: 1.85deg/1611mm | 31.1s
[ 4300/5000] loss=0.0059 (t=0.0015 r=0.0142 beta=0.31) | val: 1.82deg/1523mm | 31.6s
[ 4400/5000] loss=0.0059 (t=0.0015 r=0.0143 beta=0.31) | val: 1.82deg/1663mm | 32.2s
[ 4500/5000] loss=0.0057 (t=0.0015 r=0.0138 beta=0.31) | val: 1.86deg/1710mm | 32.7s
[ 4600/5000] loss=0.0059 (t=0.0015 r=0.0143 beta=0.31) | val: 1.77deg/1722mm | 33.3s
[ 4700/5000] loss=0.0056 (t=0.0014 r=0.0134 beta=0.31) | val: 1.82deg/1661mm | 33.9s
[ 4800/5000] loss=0.0057 (t=0.0015 r=0.0136 beta=0.31) | val: 1.84deg/1664mm | 34.4s
[ 4900/5000] loss=0.0058 (t=0.0014 r=0.0142 beta=0.31) | val: 1.80deg/1664mm | 35.0s
[ 5000/5000] loss=0.0057 (t=0.0015 r=0.0137 beta=0.31) | val: 1.82deg/1650mm | 35.5s

Training done. Best epoch: 810, score: 1.4499

Loaded best model from epoch 810

======================================================================
EVALUATION RESULTS (Direct Regression)
======================================================================
Rotation  (median): 1.73deg
Translation (median): 1278mm

  R@5deg_1m: 34.6%  (rot_pass=91.8%, trans_pass=35.7%)
  R@10deg_2m: 69.8%  (rot_pass=99.5%, trans_pass=70.3%)
  R@15deg_5m: 95.1%  (rot_pass=100.0%, trans_pass=95.1%)
  R@25deg_5m: 95.1%  (rot_pass=100.0%, trans_pass=95.1%)

======================================================================
EVALUATION RESULTS (Retrieval Mode)
======================================================================
Retrieval median: 11.46deg / 2275mm
  R@5deg_1m: 2.7%  (rot=6.0%, trans=24.2%)
  R@10deg_2m: 19.8%  (rot=44.0%, trans=45.6%)
  R@15deg_5m: 58.2%  (rot=70.9%, trans=86.8%)
  R@25deg_5m: 81.9%  (rot=94.5%, trans=86.8%)
======================================================================

Done!
--- exp20_128d_seed3 done ---

=== exp20_128d_seed4 ===
======================================================================
Experiment: exp20_128d_seed4
Pool: spp, Features: both+sum
======================================================================
Random seed: 4
Using device: cuda:3

Loading data (fine=True, coarse=True, summary=True)...
  Loaded fine_geo: torch.Size([895, 128, 68, 120])
  Loaded coarse_sem: torch.Size([895, 128, 68, 120])
  Loaded summary: torch.Size([895, 2560])
  [train] 895 samples loaded
  Loaded fine_geo: torch.Size([182, 128, 68, 120])
  Loaded coarse_sem: torch.Size([182, 128, 68, 120])
  Loaded summary: torch.Size([182, 2560])
  [test] 182 samples loaded
Translation norm: mean=[13.19548    -0.64731836 23.103329  ], std=[10.827089    0.94348246  9.766839  ]
  Feature dim after pooling: 7936
Model parameters: 18,905,610

Pre-computing pooled features (OOM-safe mode)...
  Pre-computed pooled features: torch.Size([895, 7936]) (28.4 MB)
  Pre-computed pooled features: torch.Size([182, 7936]) (5.8 MB)
  GPU memory freed. Training with pre-pooled features (7936d)
Model parameters: 18,905,610
[    1/5000] loss=2.9830 (t=0.6091 r=2.3740 beta=1.00) | val: 37.06deg/16596mm | 0.4s
[  100/5000] loss=0.0626 (t=0.0222 r=0.0439 beta=0.92) | val: 2.44deg/1807mm | 4.4s
[  200/5000] loss=0.0412 (t=0.0122 r=0.0330 beta=0.88) | val: 2.11deg/1763mm | 6.6s
[  300/5000] loss=0.0297 (t=0.0073 r=0.0267 beta=0.84) | val: 1.83deg/1682mm | 7.3s
[  400/5000] loss=0.0257 (t=0.0058 r=0.0248 beta=0.80) | val: 1.91deg/1706mm | 8.8s
[  500/5000] loss=0.0215 (t=0.0044 r=0.0223 beta=0.77) | val: 1.93deg/1586mm | 10.9s
[  600/5000] loss=0.0196 (t=0.0042 r=0.0209 beta=0.73) | val: 1.64deg/1389mm | 11.5s
[  700/5000] loss=0.0184 (t=0.0035 r=0.0212 beta=0.70) | val: 1.90deg/1518mm | 12.4s
[  800/5000] loss=0.0168 (t=0.0031 r=0.0202 beta=0.68) | val: 1.89deg/1709mm | 13.0s
[  900/5000] loss=0.0152 (t=0.0031 r=0.0187 beta=0.65) | val: 1.81deg/1471mm | 13.6s
[ 1000/5000] loss=0.0144 (t=0.0028 r=0.0186 beta=0.62) | val: 1.95deg/1540mm | 14.1s
[ 1100/5000] loss=0.0137 (t=0.0027 r=0.0185 beta=0.60) | val: 1.75deg/1436mm | 14.7s
[ 1200/5000] loss=0.0130 (t=0.0027 r=0.0180 beta=0.58) | val: 2.02deg/1545mm | 15.2s
[ 1300/5000] loss=0.0120 (t=0.0024 r=0.0174 beta=0.55) | val: 1.79deg/1453mm | 16.2s
[ 1400/5000] loss=0.0113 (t=0.0022 r=0.0170 beta=0.53) | val: 1.84deg/1458mm | 16.8s
[ 1500/5000] loss=0.0105 (t=0.0021 r=0.0163 beta=0.52) | val: 1.84deg/1551mm | 17.3s
[ 1600/5000] loss=0.0110 (t=0.0023 r=0.0174 beta=0.50) | val: 1.81deg/1598mm | 17.9s
[ 1700/5000] loss=0.0104 (t=0.0023 r=0.0169 beta=0.48) | val: 1.79deg/1509mm | 18.4s
[ 1800/5000] loss=0.0098 (t=0.0021 r=0.0165 beta=0.47) | val: 1.88deg/1499mm | 19.0s
[ 1900/5000] loss=0.0093 (t=0.0021 r=0.0160 beta=0.45) | val: 1.79deg/1680mm | 19.5s
[ 2000/5000] loss=0.0089 (t=0.0019 r=0.0159 beta=0.44) | val: 1.74deg/1547mm | 20.1s
[ 2100/5000] loss=0.0085 (t=0.0018 r=0.0157 beta=0.43) | val: 1.87deg/1623mm | 20.6s
[ 2200/5000] loss=0.0084 (t=0.0019 r=0.0156 beta=0.41) | val: 1.91deg/1631mm | 21.2s
[ 2300/5000] loss=0.0082 (t=0.0019 r=0.0158 beta=0.40) | val: 1.74deg/1491mm | 21.7s
[ 2400/5000] loss=0.0078 (t=0.0018 r=0.0152 beta=0.39) | val: 1.92deg/1626mm | 22.3s
[ 2500/5000] loss=0.0077 (t=0.0018 r=0.0154 beta=0.38) | val: 1.91deg/1603mm | 22.8s
[ 2600/5000] loss=0.0077 (t=0.0019 r=0.0153 beta=0.38) | val: 1.91deg/1759mm | 23.4s
[ 2700/5000] loss=0.0074 (t=0.0018 r=0.0151 beta=0.37) | val: 1.88deg/1714mm | 23.9s
[ 2800/5000] loss=0.0073 (t=0.0018 r=0.0153 beta=0.36) | val: 1.90deg/1637mm | 24.5s
[ 2900/5000] loss=0.0070 (t=0.0018 r=0.0147 beta=0.35) | val: 1.98deg/1670mm | 25.1s
[ 3000/5000] loss=0.0068 (t=0.0017 r=0.0146 beta=0.35) | val: 1.98deg/1740mm | 25.6s
[ 3100/5000] loss=0.0067 (t=0.0016 r=0.0150 beta=0.34) | val: 2.02deg/1694mm | 26.2s
[ 3200/5000] loss=0.0065 (t=0.0017 r=0.0144 beta=0.34) | val: 1.91deg/1667mm | 26.8s
[ 3300/5000] loss=0.0064 (t=0.0016 r=0.0145 beta=0.33) | val: 1.99deg/1664mm | 27.4s
[ 3400/5000] loss=0.0063 (t=0.0016 r=0.0144 beta=0.33) | val: 1.91deg/1694mm | 27.9s
[ 3500/5000] loss=0.0063 (t=0.0017 r=0.0144 beta=0.32) | val: 2.03deg/1646mm | 28.5s
[ 3600/5000] loss=0.0062 (t=0.0016 r=0.0145 beta=0.32) | val: 1.95deg/1605mm | 29.0s
[ 3700/5000] loss=0.0062 (t=0.0016 r=0.0146 beta=0.32) | val: 1.97deg/1763mm | 29.6s
[ 3800/5000] loss=0.0061 (t=0.0016 r=0.0142 beta=0.31) | val: 1.97deg/1756mm | 30.1s
[ 3900/5000] loss=0.0060 (t=0.0016 r=0.0140 beta=0.31) | val: 1.92deg/1719mm | 30.7s
[ 4000/5000] loss=0.0060 (t=0.0016 r=0.0144 beta=0.31) | val: 1.95deg/1765mm | 31.2s
[ 4100/5000] loss=0.0059 (t=0.0015 r=0.0145 beta=0.31) | val: 1.99deg/1777mm | 31.8s
[ 4200/5000] loss=0.0060 (t=0.0016 r=0.0143 beta=0.31) | val: 2.02deg/1758mm | 32.3s
[ 4300/5000] loss=0.0057 (t=0.0015 r=0.0139 beta=0.30) | val: 2.05deg/1793mm | 32.9s
[ 4400/5000] loss=0.0058 (t=0.0016 r=0.0140 beta=0.30) | val: 2.00deg/1746mm | 33.5s
[ 4500/5000] loss=0.0059 (t=0.0015 r=0.0143 beta=0.30) | val: 1.96deg/1722mm | 34.0s
[ 4600/5000] loss=0.0058 (t=0.0016 r=0.0140 beta=0.30) | val: 1.99deg/1784mm | 34.6s
[ 4700/5000] loss=0.0057 (t=0.0016 r=0.0136 beta=0.30) | val: 1.99deg/1735mm | 35.2s
[ 4800/5000] loss=0.0058 (t=0.0016 r=0.0139 beta=0.30) | val: 1.96deg/1729mm | 35.7s
[ 4900/5000] loss=0.0056 (t=0.0015 r=0.0136 beta=0.30) | val: 1.97deg/1725mm | 36.3s
[ 5000/5000] loss=0.0057 (t=0.0015 r=0.0140 beta=0.30) | val: 1.97deg/1746mm | 36.8s

Training done. Best epoch: 1210, score: 1.5484

Loaded best model from epoch 1210

======================================================================
EVALUATION RESULTS (Direct Regression)
======================================================================
Rotation  (median): 1.73deg
Translation (median): 1385mm

  R@5deg_1m: 38.5%  (rot_pass=93.4%, trans_pass=38.5%)
  R@10deg_2m: 64.8%  (rot_pass=99.5%, trans_pass=64.8%)
  R@15deg_5m: 91.2%  (rot_pass=100.0%, trans_pass=91.2%)
  R@25deg_5m: 91.2%  (rot_pass=100.0%, trans_pass=91.2%)

======================================================================
EVALUATION RESULTS (Retrieval Mode)
======================================================================
Retrieval median: 11.41deg / 2408mm
  R@5deg_1m: 2.7%  (rot=4.9%, trans=19.2%)
  R@10deg_2m: 19.2%  (rot=42.3%, trans=42.9%)
  R@15deg_5m: 58.2%  (rot=70.3%, trans=86.8%)
  R@25deg_5m: 83.0%  (rot=96.2%, trans=86.8%)
======================================================================

Done!
--- exp20_128d_seed4 done ---

=== exp20_128d_seed5 ===
======================================================================
Experiment: exp20_128d_seed5
Pool: spp, Features: both+sum
======================================================================
Random seed: 5
Using device: cuda:3

Loading data (fine=True, coarse=True, summary=True)...
  Loaded fine_geo: torch.Size([895, 128, 68, 120])
  Loaded coarse_sem: torch.Size([895, 128, 68, 120])
  Loaded summary: torch.Size([895, 2560])
  [train] 895 samples loaded
  Loaded fine_geo: torch.Size([182, 128, 68, 120])
  Loaded coarse_sem: torch.Size([182, 128, 68, 120])
  Loaded summary: torch.Size([182, 2560])
  [test] 182 samples loaded
Translation norm: mean=[13.19548    -0.64731836 23.103329  ], std=[10.827089    0.94348246  9.766839  ]
  Feature dim after pooling: 7936
Model parameters: 18,905,610

Pre-computing pooled features (OOM-safe mode)...
  Pre-computed pooled features: torch.Size([895, 7936]) (28.4 MB)
  Pre-computed pooled features: torch.Size([182, 7936]) (5.8 MB)
  GPU memory freed. Training with pre-pooled features (7936d)
Model parameters: 18,905,610
[    1/5000] loss=3.2490 (t=0.7119 r=2.5371 beta=1.00) | val: 41.74deg/27458mm | 0.2s
[  100/5000] loss=0.0660 (t=0.0230 r=0.0464 beta=0.93) | val: 2.48deg/1590mm | 3.5s
[  200/5000] loss=0.0425 (t=0.0122 r=0.0343 beta=0.88) | val: 1.95deg/1651mm | 5.8s
[  300/5000] loss=0.0315 (t=0.0084 r=0.0273 beta=0.85) | val: 1.75deg/1547mm | 6.4s
[  400/5000] loss=0.0257 (t=0.0055 r=0.0250 beta=0.81) | val: 1.65deg/1588mm | 6.9s
[  500/5000] loss=0.0215 (t=0.0042 r=0.0223 beta=0.78) | val: 1.81deg/1577mm | 7.9s
[  600/5000] loss=0.0194 (t=0.0039 r=0.0208 beta=0.74) | val: 1.78deg/1506mm | 8.8s
[  700/5000] loss=0.0191 (t=0.0036 r=0.0217 beta=0.71) | val: 1.70deg/1605mm | 10.3s
[  800/5000] loss=0.0173 (t=0.0033 r=0.0204 beta=0.69) | val: 2.01deg/1702mm | 11.7s
[  900/5000] loss=0.0158 (t=0.0029 r=0.0195 beta=0.66) | val: 1.75deg/1599mm | 12.2s
[ 1000/5000] loss=0.0155 (t=0.0034 r=0.0191 beta=0.63) | val: 1.77deg/1579mm | 13.2s
[ 1100/5000] loss=0.0137 (t=0.0027 r=0.0181 beta=0.61) | val: 1.73deg/1595mm | 13.7s
[ 1200/5000] loss=0.0129 (t=0.0027 r=0.0174 beta=0.59) | val: 1.62deg/1625mm | 14.3s
[ 1300/5000] loss=0.0125 (t=0.0025 r=0.0178 beta=0.57) | val: 1.72deg/1706mm | 14.9s
[ 1400/5000] loss=0.0118 (t=0.0024 r=0.0173 beta=0.55) | val: 1.57deg/1672mm | 15.4s
[ 1500/5000] loss=0.0112 (t=0.0023 r=0.0170 beta=0.53) | val: 1.71deg/1615mm | 16.0s
[ 1600/5000] loss=0.0106 (t=0.0024 r=0.0162 beta=0.51) | val: 1.76deg/1618mm | 16.6s
[ 1700/5000] loss=0.0103 (t=0.0022 r=0.0165 beta=0.49) | val: 1.70deg/1588mm | 17.2s
[ 1800/5000] loss=0.0095 (t=0.0020 r=0.0157 beta=0.48) | val: 1.80deg/1747mm | 17.7s
[ 1900/5000] loss=0.0095 (t=0.0020 r=0.0162 beta=0.46) | val: 1.61deg/1708mm | 18.3s
[ 2000/5000] loss=0.0094 (t=0.0022 r=0.0161 beta=0.45) | val: 1.61deg/1666mm | 18.9s
[ 2100/5000] loss=0.0090 (t=0.0020 r=0.0161 beta=0.44) | val: 1.67deg/1690mm | 19.5s
[ 2200/5000] loss=0.0087 (t=0.0020 r=0.0158 beta=0.42) | val: 1.66deg/1795mm | 20.0s
[ 2300/5000] loss=0.0083 (t=0.0019 r=0.0154 beta=0.41) | val: 1.71deg/1771mm | 20.6s
[ 2400/5000] loss=0.0080 (t=0.0019 r=0.0153 beta=0.40) | val: 1.80deg/1737mm | 21.1s
[ 2500/5000] loss=0.0077 (t=0.0018 r=0.0149 beta=0.39) | val: 1.72deg/1764mm | 21.7s
[ 2600/5000] loss=0.0077 (t=0.0019 r=0.0152 beta=0.39) | val: 1.78deg/1797mm | 22.2s
[ 2700/5000] loss=0.0074 (t=0.0017 r=0.0151 beta=0.38) | val: 1.83deg/1802mm | 22.8s
[ 2800/5000] loss=0.0073 (t=0.0017 r=0.0151 beta=0.37) | val: 1.81deg/1749mm | 23.3s
[ 2900/5000] loss=0.0072 (t=0.0018 r=0.0149 beta=0.36) | val: 1.81deg/1761mm | 23.9s
[ 3000/5000] loss=0.0072 (t=0.0018 r=0.0152 beta=0.36) | val: 1.91deg/1923mm | 24.4s
[ 3100/5000] loss=0.0068 (t=0.0017 r=0.0145 beta=0.35) | val: 1.87deg/1874mm | 25.0s
[ 3200/5000] loss=0.0067 (t=0.0016 r=0.0147 beta=0.34) | val: 1.79deg/1765mm | 25.5s
[ 3300/5000] loss=0.0067 (t=0.0017 r=0.0147 beta=0.34) | val: 1.85deg/1824mm | 26.1s
[ 3400/5000] loss=0.0066 (t=0.0016 r=0.0147 beta=0.34) | val: 1.87deg/1815mm | 26.6s
[ 3500/5000] loss=0.0063 (t=0.0016 r=0.0143 beta=0.33) | val: 1.85deg/1824mm | 27.2s
[ 3600/5000] loss=0.0064 (t=0.0016 r=0.0146 beta=0.33) | val: 1.84deg/1904mm | 27.7s
[ 3700/5000] loss=0.0062 (t=0.0016 r=0.0142 beta=0.32) | val: 1.81deg/1850mm | 28.3s
[ 3800/5000] loss=0.0064 (t=0.0017 r=0.0148 beta=0.32) | val: 1.81deg/1840mm | 28.9s
[ 3900/5000] loss=0.0061 (t=0.0016 r=0.0141 beta=0.32) | val: 1.82deg/1864mm | 29.5s
[ 4000/5000] loss=0.0062 (t=0.0016 r=0.0145 beta=0.32) | val: 1.80deg/1876mm | 30.0s
[ 4100/5000] loss=0.0059 (t=0.0015 r=0.0138 beta=0.32) | val: 1.83deg/1865mm | 30.6s
[ 4200/5000] loss=0.0060 (t=0.0015 r=0.0143 beta=0.31) | val: 1.85deg/1916mm | 31.1s
[ 4300/5000] loss=0.0060 (t=0.0016 r=0.0143 beta=0.31) | val: 1.82deg/1861mm | 31.7s
[ 4400/5000] loss=0.0060 (t=0.0016 r=0.0141 beta=0.31) | val: 1.84deg/1867mm | 32.3s
[ 4500/5000] loss=0.0059 (t=0.0016 r=0.0141 beta=0.31) | val: 1.85deg/1912mm | 32.8s
[ 4600/5000] loss=0.0059 (t=0.0015 r=0.0141 beta=0.31) | val: 1.86deg/1893mm | 33.4s
[ 4700/5000] loss=0.0058 (t=0.0015 r=0.0138 beta=0.31) | val: 1.84deg/1863mm | 33.9s
[ 4800/5000] loss=0.0058 (t=0.0015 r=0.0138 beta=0.31) | val: 1.80deg/1870mm | 34.5s
[ 4900/5000] loss=0.0059 (t=0.0015 r=0.0141 beta=0.31) | val: 1.84deg/1880mm | 35.0s
[ 5000/5000] loss=0.0059 (t=0.0015 r=0.0142 beta=0.31) | val: 1.85deg/1874mm | 35.6s

Training done. Best epoch: 930, score: 1.5394

Loaded best model from epoch 930

======================================================================
EVALUATION RESULTS (Direct Regression)
======================================================================
Rotation  (median): 1.69deg
Translation (median): 1387mm

  R@5deg_1m: 35.2%  (rot_pass=93.4%, trans_pass=35.7%)
  R@10deg_2m: 64.3%  (rot_pass=99.5%, trans_pass=64.8%)
  R@15deg_5m: 91.8%  (rot_pass=100.0%, trans_pass=91.8%)
  R@25deg_5m: 91.8%  (rot_pass=100.0%, trans_pass=91.8%)

======================================================================
EVALUATION RESULTS (Retrieval Mode)
======================================================================
Retrieval median: 12.09deg / 2447mm
  R@5deg_1m: 2.2%  (rot=4.4%, trans=19.2%)
  R@10deg_2m: 17.6%  (rot=40.7%, trans=43.4%)
  R@15deg_5m: 52.7%  (rot=66.5%, trans=84.6%)
  R@25deg_5m: 80.2%  (rot=95.1%, trans=84.6%)
======================================================================

Done!
--- exp20_128d_seed5 done ---

=== exp20_128d_seed6 ===
======================================================================
Experiment: exp20_128d_seed6
Pool: spp, Features: both+sum
======================================================================
Random seed: 6
Using device: cuda:3

Loading data (fine=True, coarse=True, summary=True)...
  Loaded fine_geo: torch.Size([895, 128, 68, 120])
  Loaded coarse_sem: torch.Size([895, 128, 68, 120])
  Loaded summary: torch.Size([895, 2560])
  [train] 895 samples loaded
  Loaded fine_geo: torch.Size([182, 128, 68, 120])
  Loaded coarse_sem: torch.Size([182, 128, 68, 120])
  Loaded summary: torch.Size([182, 2560])
  [test] 182 samples loaded
Translation norm: mean=[13.19548    -0.64731836 23.103329  ], std=[10.827089    0.94348246  9.766839  ]
  Feature dim after pooling: 7936
Model parameters: 18,905,610

Pre-computing pooled features (OOM-safe mode)...
  Pre-computed pooled features: torch.Size([895, 7936]) (28.4 MB)
  Pre-computed pooled features: torch.Size([182, 7936]) (5.8 MB)
  GPU memory freed. Training with pre-pooled features (7936d)
Model parameters: 18,905,610
[    1/5000] loss=2.8324 (t=0.6039 r=2.2286 beta=1.00) | val: 29.24deg/31198mm | 0.2s
[  100/5000] loss=0.0630 (t=0.0215 r=0.0448 beta=0.93) | val: 2.37deg/1693mm | 4.2s
[  200/5000] loss=0.0401 (t=0.0115 r=0.0324 beta=0.88) | val: 1.96deg/1583mm | 7.6s
[  300/5000] loss=0.0301 (t=0.0071 r=0.0272 beta=0.85) | val: 2.06deg/1677mm | 9.0s
[  400/5000] loss=0.0249 (t=0.0052 r=0.0242 beta=0.81) | val: 1.72deg/1622mm | 9.6s
[  500/5000] loss=0.0216 (t=0.0043 r=0.0223 beta=0.78) | val: 1.82deg/1534mm | 10.2s
[  600/5000] loss=0.0204 (t=0.0042 r=0.0217 beta=0.75) | val: 1.71deg/1640mm | 10.7s
[  700/5000] loss=0.0183 (t=0.0035 r=0.0207 beta=0.72) | val: 1.79deg/1499mm | 11.3s
[  800/5000] loss=0.0168 (t=0.0034 r=0.0196 beta=0.69) | val: 1.89deg/1653mm | 11.8s
[  900/5000] loss=0.0160 (t=0.0028 r=0.0200 beta=0.66) | val: 1.95deg/1602mm | 12.4s
[ 1000/5000] loss=0.0151 (t=0.0032 r=0.0188 beta=0.64) | val: 1.62deg/1510mm | 13.0s
[ 1100/5000] loss=0.0135 (t=0.0027 r=0.0177 beta=0.61) | val: 1.81deg/1615mm | 13.5s
[ 1200/5000] loss=0.0130 (t=0.0026 r=0.0176 beta=0.59) | val: 1.90deg/1691mm | 14.4s
[ 1300/5000] loss=0.0127 (t=0.0026 r=0.0178 beta=0.57) | val: 1.59deg/1539mm | 15.0s
[ 1400/5000] loss=0.0116 (t=0.0026 r=0.0166 beta=0.55) | val: 1.66deg/1537mm | 15.5s
[ 1500/5000] loss=0.0113 (t=0.0023 r=0.0171 beta=0.53) | val: 1.65deg/1541mm | 16.1s
[ 1600/5000] loss=0.0108 (t=0.0023 r=0.0166 beta=0.51) | val: 1.59deg/1496mm | 16.6s
[ 1700/5000] loss=0.0106 (t=0.0022 r=0.0169 beta=0.49) | val: 1.64deg/1521mm | 17.2s
[ 1800/5000] loss=0.0102 (t=0.0022 r=0.0167 beta=0.48) | val: 1.63deg/1628mm | 17.7s
[ 1900/5000] loss=0.0095 (t=0.0020 r=0.0162 beta=0.46) | val: 1.61deg/1624mm | 18.3s
[ 2000/5000] loss=0.0096 (t=0.0021 r=0.0166 beta=0.45) | val: 1.68deg/1665mm | 18.8s
[ 2100/5000] loss=0.0090 (t=0.0020 r=0.0159 beta=0.44) | val: 1.64deg/1694mm | 19.4s
[ 2200/5000] loss=0.0087 (t=0.0020 r=0.0156 beta=0.43) | val: 1.73deg/1650mm | 19.9s
[ 2300/5000] loss=0.0085 (t=0.0019 r=0.0159 beta=0.42) | val: 1.79deg/1691mm | 20.5s
[ 2400/5000] loss=0.0083 (t=0.0020 r=0.0154 beta=0.41) | val: 1.77deg/1763mm | 21.1s
[ 2500/5000] loss=0.0079 (t=0.0019 r=0.0150 beta=0.40) | val: 1.66deg/1756mm | 21.6s
[ 2600/5000] loss=0.0076 (t=0.0018 r=0.0148 beta=0.39) | val: 1.64deg/1717mm | 22.2s
[ 2700/5000] loss=0.0076 (t=0.0018 r=0.0153 beta=0.38) | val: 1.86deg/1731mm | 22.7s
[ 2800/5000] loss=0.0074 (t=0.0018 r=0.0150 beta=0.37) | val: 1.75deg/1912mm | 23.3s
[ 2900/5000] loss=0.0072 (t=0.0017 r=0.0150 beta=0.36) | val: 1.80deg/1732mm | 23.8s
[ 3000/5000] loss=0.0070 (t=0.0017 r=0.0146 beta=0.36) | val: 1.79deg/1734mm | 24.4s
[ 3100/5000] loss=0.0071 (t=0.0018 r=0.0149 beta=0.35) | val: 1.73deg/1843mm | 24.9s
[ 3200/5000] loss=0.0067 (t=0.0016 r=0.0148 beta=0.35) | val: 1.84deg/1832mm | 25.5s
[ 3300/5000] loss=0.0065 (t=0.0016 r=0.0143 beta=0.34) | val: 1.84deg/1826mm | 26.0s
[ 3400/5000] loss=0.0064 (t=0.0017 r=0.0140 beta=0.34) | val: 1.85deg/1810mm | 26.6s
[ 3500/5000] loss=0.0066 (t=0.0016 r=0.0149 beta=0.33) | val: 1.84deg/1817mm | 27.1s
[ 3600/5000] loss=0.0064 (t=0.0016 r=0.0146 beta=0.33) | val: 1.77deg/1824mm | 27.7s
[ 3700/5000] loss=0.0063 (t=0.0016 r=0.0144 beta=0.33) | val: 1.88deg/1796mm | 28.3s
[ 3800/5000] loss=0.0061 (t=0.0015 r=0.0141 beta=0.32) | val: 1.79deg/1902mm | 28.8s
[ 3900/5000] loss=0.0062 (t=0.0016 r=0.0144 beta=0.32) | val: 1.83deg/1829mm | 29.4s
[ 4000/5000] loss=0.0063 (t=0.0016 r=0.0146 beta=0.32) | val: 1.87deg/1875mm | 29.9s
[ 4100/5000] loss=0.0060 (t=0.0015 r=0.0141 beta=0.32) | val: 1.84deg/1855mm | 30.5s
[ 4200/5000] loss=0.0060 (t=0.0016 r=0.0140 beta=0.32) | val: 1.81deg/1899mm | 31.1s
[ 4300/5000] loss=0.0061 (t=0.0016 r=0.0141 beta=0.32) | val: 1.79deg/1910mm | 31.6s
[ 4400/5000] loss=0.0060 (t=0.0015 r=0.0142 beta=0.31) | val: 1.81deg/1893mm | 32.2s
[ 4500/5000] loss=0.0060 (t=0.0016 r=0.0142 beta=0.31) | val: 1.85deg/1913mm | 32.7s
[ 4600/5000] loss=0.0059 (t=0.0015 r=0.0141 beta=0.31) | val: 1.82deg/1904mm | 33.3s
[ 4700/5000] loss=0.0059 (t=0.0015 r=0.0141 beta=0.31) | val: 1.83deg/1888mm | 33.8s
[ 4800/5000] loss=0.0059 (t=0.0016 r=0.0140 beta=0.31) | val: 1.83deg/1851mm | 34.4s
[ 4900/5000] loss=0.0058 (t=0.0015 r=0.0137 beta=0.31) | val: 1.83deg/1884mm | 34.9s
[ 5000/5000] loss=0.0060 (t=0.0016 r=0.0141 beta=0.31) | val: 1.84deg/1892mm | 35.4s

Training done. Best epoch: 1130, score: 1.5731

Loaded best model from epoch 1130

======================================================================
EVALUATION RESULTS (Direct Regression)
======================================================================
Rotation  (median): 1.67deg
Translation (median): 1442mm

  R@5deg_1m: 28.0%  (rot_pass=91.2%, trans_pass=28.6%)
  R@10deg_2m: 64.3%  (rot_pass=99.5%, trans_pass=64.8%)
  R@15deg_5m: 91.2%  (rot_pass=100.0%, trans_pass=91.2%)
  R@25deg_5m: 91.2%  (rot_pass=100.0%, trans_pass=91.2%)

======================================================================
EVALUATION RESULTS (Retrieval Mode)
======================================================================
Retrieval median: 11.44deg / 2408mm
  R@5deg_1m: 1.6%  (rot=6.6%, trans=18.7%)
  R@10deg_2m: 17.6%  (rot=43.4%, trans=41.8%)
  R@15deg_5m: 51.6%  (rot=67.0%, trans=83.0%)
  R@25deg_5m: 79.7%  (rot=95.6%, trans=83.0%)
======================================================================

Done!
--- exp20_128d_seed6 done ---

=== exp20_128d_seed7 ===
======================================================================
Experiment: exp20_128d_seed7
Pool: spp, Features: both+sum
======================================================================
Random seed: 7
Using device: cuda:3

Loading data (fine=True, coarse=True, summary=True)...
  Loaded fine_geo: torch.Size([895, 128, 68, 120])
  Loaded coarse_sem: torch.Size([895, 128, 68, 120])
  Loaded summary: torch.Size([895, 2560])
  [train] 895 samples loaded
  Loaded fine_geo: torch.Size([182, 128, 68, 120])
  Loaded coarse_sem: torch.Size([182, 128, 68, 120])
  Loaded summary: torch.Size([182, 2560])
  [test] 182 samples loaded
Translation norm: mean=[13.19548    -0.64731836 23.103329  ], std=[10.827089    0.94348246  9.766839  ]
  Feature dim after pooling: 7936
Model parameters: 18,905,610

Pre-computing pooled features (OOM-safe mode)...
  Pre-computed pooled features: torch.Size([895, 7936]) (28.4 MB)
  Pre-computed pooled features: torch.Size([182, 7936]) (5.8 MB)
  GPU memory freed. Training with pre-pooled features (7936d)
Model parameters: 18,905,610
[    1/5000] loss=3.0570 (t=0.5561 r=2.5009 beta=1.00) | val: 52.98deg/17894mm | 0.4s
[  100/5000] loss=0.0614 (t=0.0214 r=0.0432 beta=0.93) | val: 2.14deg/1625mm | 4.1s
[  200/5000] loss=0.0383 (t=0.0112 r=0.0308 beta=0.88) | val: 2.34deg/1449mm | 6.3s
[  300/5000] loss=0.0293 (t=0.0069 r=0.0267 beta=0.84) | val: 1.94deg/1523mm | 7.6s
[  400/5000] loss=0.0249 (t=0.0054 r=0.0243 beta=0.80) | val: 1.81deg/1508mm | 8.2s
[  500/5000] loss=0.0218 (t=0.0044 r=0.0227 beta=0.77) | val: 1.88deg/1349mm | 8.7s
[  600/5000] loss=0.0194 (t=0.0039 r=0.0211 beta=0.73) | val: 1.70deg/1529mm | 9.6s
[  700/5000] loss=0.0181 (t=0.0035 r=0.0209 beta=0.70) | val: 1.65deg/1413mm | 10.2s
[  800/5000] loss=0.0166 (t=0.0033 r=0.0197 beta=0.67) | val: 1.76deg/1530mm | 11.1s
[  900/5000] loss=0.0156 (t=0.0031 r=0.0194 beta=0.65) | val: 1.70deg/1465mm | 12.0s
[ 1000/5000] loss=0.0144 (t=0.0030 r=0.0185 beta=0.62) | val: 1.84deg/1457mm | 12.6s
[ 1100/5000] loss=0.0134 (t=0.0028 r=0.0179 beta=0.60) | val: 1.67deg/1636mm | 13.1s
[ 1200/5000] loss=0.0132 (t=0.0026 r=0.0184 beta=0.57) | val: 1.73deg/1636mm | 13.6s
[ 1300/5000] loss=0.0123 (t=0.0025 r=0.0178 beta=0.55) | val: 1.72deg/1592mm | 14.2s
[ 1400/5000] loss=0.0114 (t=0.0023 r=0.0170 beta=0.53) | val: 1.55deg/1491mm | 14.7s
[ 1500/5000] loss=0.0107 (t=0.0022 r=0.0164 beta=0.51) | val: 1.80deg/1471mm | 15.3s
[ 1600/5000] loss=0.0101 (t=0.0021 r=0.0162 beta=0.50) | val: 1.78deg/1671mm | 15.8s
[ 1700/5000] loss=0.0099 (t=0.0021 r=0.0162 beta=0.48) | val: 1.73deg/1734mm | 16.4s
[ 1800/5000] loss=0.0097 (t=0.0021 r=0.0164 beta=0.46) | val: 1.86deg/1752mm | 16.9s
[ 1900/5000] loss=0.0093 (t=0.0021 r=0.0160 beta=0.45) | val: 1.73deg/1666mm | 17.4s
[ 2000/5000] loss=0.0090 (t=0.0020 r=0.0160 beta=0.44) | val: 1.72deg/1711mm | 18.0s
[ 2100/5000] loss=0.0088 (t=0.0020 r=0.0161 beta=0.42) | val: 1.72deg/1647mm | 18.6s
[ 2200/5000] loss=0.0084 (t=0.0019 r=0.0157 beta=0.41) | val: 1.82deg/1791mm | 19.1s
[ 2300/5000] loss=0.0082 (t=0.0018 r=0.0160 beta=0.40) | val: 1.83deg/1752mm | 19.7s
[ 2400/5000] loss=0.0081 (t=0.0019 r=0.0157 beta=0.39) | val: 1.84deg/1712mm | 20.3s
[ 2500/5000] loss=0.0076 (t=0.0018 r=0.0152 beta=0.38) | val: 1.72deg/1677mm | 20.8s
[ 2600/5000] loss=0.0074 (t=0.0018 r=0.0152 beta=0.37) | val: 1.83deg/1784mm | 21.3s
[ 2700/5000] loss=0.0074 (t=0.0017 r=0.0154 beta=0.37) | val: 1.78deg/1865mm | 21.9s
[ 2800/5000] loss=0.0071 (t=0.0016 r=0.0152 beta=0.36) | val: 1.96deg/1716mm | 22.4s
[ 2900/5000] loss=0.0070 (t=0.0017 r=0.0150 beta=0.35) | val: 1.84deg/1700mm | 23.0s
[ 3000/5000] loss=0.0070 (t=0.0018 r=0.0150 beta=0.35) | val: 1.81deg/1805mm | 23.5s
[ 3100/5000] loss=0.0066 (t=0.0017 r=0.0146 beta=0.34) | val: 1.89deg/1826mm | 24.1s
[ 3200/5000] loss=0.0067 (t=0.0017 r=0.0149 beta=0.33) | val: 1.96deg/1794mm | 24.6s
[ 3300/5000] loss=0.0065 (t=0.0017 r=0.0145 beta=0.33) | val: 1.90deg/1782mm | 25.2s
[ 3400/5000] loss=0.0064 (t=0.0016 r=0.0149 beta=0.32) | val: 1.92deg/1855mm | 25.7s
[ 3500/5000] loss=0.0064 (t=0.0016 r=0.0150 beta=0.32) | val: 1.96deg/1805mm | 26.3s
[ 3600/5000] loss=0.0061 (t=0.0016 r=0.0142 beta=0.32) | val: 1.83deg/1786mm | 26.8s
[ 3700/5000] loss=0.0060 (t=0.0016 r=0.0142 beta=0.31) | val: 1.92deg/1836mm | 27.4s
[ 3800/5000] loss=0.0061 (t=0.0017 r=0.0142 beta=0.31) | val: 1.84deg/1851mm | 27.9s
[ 3900/5000] loss=0.0061 (t=0.0016 r=0.0146 beta=0.31) | val: 1.90deg/1878mm | 28.5s
[ 4000/5000] loss=0.0059 (t=0.0015 r=0.0142 beta=0.31) | val: 1.84deg/1861mm | 29.1s
[ 4100/5000] loss=0.0059 (t=0.0015 r=0.0143 beta=0.31) | val: 1.89deg/1886mm | 29.7s
[ 4200/5000] loss=0.0058 (t=0.0016 r=0.0137 beta=0.30) | val: 1.91deg/1908mm | 30.2s
[ 4300/5000] loss=0.0058 (t=0.0015 r=0.0142 beta=0.30) | val: 1.93deg/1833mm | 30.8s
[ 4400/5000] loss=0.0059 (t=0.0016 r=0.0141 beta=0.30) | val: 1.86deg/1804mm | 31.4s
[ 4500/5000] loss=0.0058 (t=0.0015 r=0.0145 beta=0.30) | val: 1.91deg/1851mm | 32.0s
[ 4600/5000] loss=0.0057 (t=0.0016 r=0.0136 beta=0.30) | val: 1.91deg/1849mm | 32.5s
[ 4700/5000] loss=0.0058 (t=0.0016 r=0.0139 beta=0.30) | val: 1.91deg/1843mm | 33.0s
[ 4800/5000] loss=0.0056 (t=0.0014 r=0.0138 beta=0.30) | val: 1.89deg/1835mm | 33.6s
[ 4900/5000] loss=0.0057 (t=0.0015 r=0.0142 beta=0.30) | val: 1.90deg/1853mm | 34.1s
[ 5000/5000] loss=0.0056 (t=0.0015 r=0.0135 beta=0.30) | val: 1.90deg/1863mm | 34.7s

Training done. Best epoch: 820, score: 1.4886

Loaded best model from epoch 820

======================================================================
EVALUATION RESULTS (Direct Regression)
======================================================================
Rotation  (median): 1.66deg
Translation (median): 1327mm

  R@5deg_1m: 32.4%  (rot_pass=92.9%, trans_pass=33.5%)
  R@10deg_2m: 67.0%  (rot_pass=99.5%, trans_pass=67.6%)
  R@15deg_5m: 92.3%  (rot_pass=100.0%, trans_pass=92.3%)
  R@25deg_5m: 92.3%  (rot_pass=100.0%, trans_pass=92.3%)

======================================================================
EVALUATION RESULTS (Retrieval Mode)
======================================================================
Retrieval median: 11.38deg / 2408mm
  R@5deg_1m: 2.7%  (rot=4.9%, trans=19.8%)
  R@10deg_2m: 19.8%  (rot=41.8%, trans=42.9%)
  R@15deg_5m: 56.6%  (rot=70.9%, trans=85.7%)
  R@25deg_5m: 80.8%  (rot=95.1%, trans=85.7%)
======================================================================

Done!
--- exp20_128d_seed7 done ---

=== exp20_128d_seed8 ===
======================================================================
Experiment: exp20_128d_seed8
Pool: spp, Features: both+sum
======================================================================
Random seed: 8
Using device: cuda:3

Loading data (fine=True, coarse=True, summary=True)...
  Loaded fine_geo: torch.Size([895, 128, 68, 120])
  Loaded coarse_sem: torch.Size([895, 128, 68, 120])
  Loaded summary: torch.Size([895, 2560])
  [train] 895 samples loaded
  Loaded fine_geo: torch.Size([182, 128, 68, 120])
  Loaded coarse_sem: torch.Size([182, 128, 68, 120])
  Loaded summary: torch.Size([182, 2560])
  [test] 182 samples loaded
Translation norm: mean=[13.19548    -0.64731836 23.103329  ], std=[10.827089    0.94348246  9.766839  ]
  Feature dim after pooling: 7936
Model parameters: 18,905,610

Pre-computing pooled features (OOM-safe mode)...
  Pre-computed pooled features: torch.Size([895, 7936]) (28.4 MB)
  Pre-computed pooled features: torch.Size([182, 7936]) (5.8 MB)
  GPU memory freed. Training with pre-pooled features (7936d)
Model parameters: 18,905,610
[    1/5000] loss=2.3183 (t=0.5284 r=1.7898 beta=1.00) | val: 39.02deg/15993mm | 0.7s
[  100/5000] loss=0.0624 (t=0.0216 r=0.0443 beta=0.92) | val: 2.35deg/1819mm | 4.9s
[  200/5000] loss=0.0386 (t=0.0112 r=0.0312 beta=0.88) | val: 1.96deg/1548mm | 6.6s
[  300/5000] loss=0.0296 (t=0.0070 r=0.0270 beta=0.84) | val: 2.08deg/1705mm | 7.1s
[  400/5000] loss=0.0252 (t=0.0056 r=0.0245 beta=0.80) | val: 1.80deg/1601mm | 8.2s
[  500/5000] loss=0.0216 (t=0.0041 r=0.0230 beta=0.77) | val: 1.91deg/1558mm | 8.7s
[  600/5000] loss=0.0198 (t=0.0041 r=0.0214 beta=0.73) | val: 1.76deg/1684mm | 9.7s
[  700/5000] loss=0.0192 (t=0.0036 r=0.0223 beta=0.70) | val: 1.79deg/1540mm | 10.2s
[  800/5000] loss=0.0168 (t=0.0035 r=0.0199 beta=0.67) | val: 1.83deg/1658mm | 10.8s
[  900/5000] loss=0.0159 (t=0.0031 r=0.0199 beta=0.65) | val: 1.66deg/1518mm | 11.3s
[ 1000/5000] loss=0.0146 (t=0.0028 r=0.0190 beta=0.62) | val: 1.80deg/1779mm | 11.9s
[ 1100/5000] loss=0.0132 (t=0.0025 r=0.0179 beta=0.60) | val: 1.90deg/1741mm | 12.8s
[ 1200/5000] loss=0.0131 (t=0.0027 r=0.0181 beta=0.57) | val: 1.71deg/1606mm | 13.3s
[ 1300/5000] loss=0.0123 (t=0.0024 r=0.0178 beta=0.55) | val: 1.79deg/1583mm | 13.9s
[ 1400/5000] loss=0.0117 (t=0.0024 r=0.0175 beta=0.53) | val: 1.74deg/1651mm | 14.4s
[ 1500/5000] loss=0.0115 (t=0.0023 r=0.0178 beta=0.51) | val: 1.84deg/1531mm | 15.0s
[ 1600/5000] loss=0.0106 (t=0.0022 r=0.0170 beta=0.50) | val: 1.91deg/1530mm | 15.5s
[ 1700/5000] loss=0.0099 (t=0.0022 r=0.0161 beta=0.48) | val: 1.94deg/1715mm | 16.1s
[ 1800/5000] loss=0.0097 (t=0.0020 r=0.0165 beta=0.47) | val: 1.83deg/1511mm | 16.6s
[ 1900/5000] loss=0.0096 (t=0.0023 r=0.0160 beta=0.45) | val: 1.84deg/1778mm | 17.2s
[ 2000/5000] loss=0.0090 (t=0.0019 r=0.0163 beta=0.44) | val: 1.88deg/1678mm | 17.7s
[ 2100/5000] loss=0.0088 (t=0.0020 r=0.0159 beta=0.43) | val: 2.00deg/1679mm | 18.3s
[ 2200/5000] loss=0.0085 (t=0.0020 r=0.0158 beta=0.41) | val: 1.95deg/1679mm | 18.8s
[ 2300/5000] loss=0.0082 (t=0.0019 r=0.0156 beta=0.40) | val: 1.94deg/1934mm | 19.4s
[ 2400/5000] loss=0.0080 (t=0.0019 r=0.0156 beta=0.39) | val: 1.78deg/1756mm | 19.9s
[ 2500/5000] loss=0.0076 (t=0.0017 r=0.0154 beta=0.38) | val: 1.95deg/1734mm | 20.5s
[ 2600/5000] loss=0.0074 (t=0.0017 r=0.0152 beta=0.37) | val: 1.92deg/1736mm | 21.0s
[ 2700/5000] loss=0.0074 (t=0.0018 r=0.0153 beta=0.37) | val: 2.02deg/1898mm | 21.6s
[ 2800/5000] loss=0.0071 (t=0.0018 r=0.0148 beta=0.36) | val: 1.93deg/1703mm | 22.2s
[ 2900/5000] loss=0.0069 (t=0.0017 r=0.0148 beta=0.35) | val: 1.90deg/1990mm | 22.7s
[ 3000/5000] loss=0.0068 (t=0.0016 r=0.0150 beta=0.35) | val: 1.91deg/1875mm | 23.3s
[ 3100/5000] loss=0.0067 (t=0.0018 r=0.0146 beta=0.34) | val: 1.94deg/1946mm | 23.8s
[ 3200/5000] loss=0.0065 (t=0.0016 r=0.0146 beta=0.33) | val: 1.99deg/1910mm | 24.4s
[ 3300/5000] loss=0.0065 (t=0.0016 r=0.0148 beta=0.33) | val: 1.91deg/1850mm | 25.0s
[ 3400/5000] loss=0.0063 (t=0.0017 r=0.0142 beta=0.33) | val: 2.00deg/1838mm | 25.5s
[ 3500/5000] loss=0.0063 (t=0.0016 r=0.0145 beta=0.32) | val: 1.97deg/1862mm | 26.1s
[ 3600/5000] loss=0.0062 (t=0.0016 r=0.0145 beta=0.32) | val: 2.03deg/1889mm | 26.6s
[ 3700/5000] loss=0.0060 (t=0.0015 r=0.0144 beta=0.32) | val: 2.06deg/1957mm | 27.2s
[ 3800/5000] loss=0.0062 (t=0.0016 r=0.0146 beta=0.31) | val: 2.03deg/1955mm | 27.7s
[ 3900/5000] loss=0.0059 (t=0.0015 r=0.0141 beta=0.31) | val: 2.07deg/1890mm | 28.3s
[ 4000/5000] loss=0.0060 (t=0.0016 r=0.0143 beta=0.31) | val: 1.99deg/1915mm | 28.8s
[ 4100/5000] loss=0.0057 (t=0.0015 r=0.0138 beta=0.31) | val: 2.06deg/1938mm | 29.4s
[ 4200/5000] loss=0.0060 (t=0.0016 r=0.0145 beta=0.31) | val: 2.05deg/1900mm | 29.9s
[ 4300/5000] loss=0.0058 (t=0.0016 r=0.0141 beta=0.30) | val: 1.97deg/1902mm | 30.4s
[ 4400/5000] loss=0.0058 (t=0.0015 r=0.0143 beta=0.30) | val: 1.99deg/1866mm | 31.0s
[ 4500/5000] loss=0.0055 (t=0.0015 r=0.0135 beta=0.30) | val: 2.07deg/1888mm | 31.5s
[ 4600/5000] loss=0.0057 (t=0.0015 r=0.0139 beta=0.30) | val: 2.03deg/1905mm | 32.1s
[ 4700/5000] loss=0.0058 (t=0.0015 r=0.0142 beta=0.30) | val: 2.06deg/1897mm | 32.6s
[ 4800/5000] loss=0.0056 (t=0.0014 r=0.0139 beta=0.30) | val: 2.08deg/1895mm | 33.2s
[ 4900/5000] loss=0.0058 (t=0.0016 r=0.0139 beta=0.30) | val: 2.06deg/1899mm | 33.7s
[ 5000/5000] loss=0.0058 (t=0.0015 r=0.0141 beta=0.30) | val: 2.05deg/1900mm | 34.3s

Training done. Best epoch: 1020, score: 1.6259

Loaded best model from epoch 1020

======================================================================
EVALUATION RESULTS (Direct Regression)
======================================================================
Rotation  (median): 1.91deg
Translation (median): 1437mm

  R@5deg_1m: 34.1%  (rot_pass=92.9%, trans_pass=34.1%)
  R@10deg_2m: 65.9%  (rot_pass=99.5%, trans_pass=65.9%)
  R@15deg_5m: 93.4%  (rot_pass=100.0%, trans_pass=93.4%)
  R@25deg_5m: 93.4%  (rot_pass=100.0%, trans_pass=93.4%)

======================================================================
EVALUATION RESULTS (Retrieval Mode)
======================================================================
Retrieval median: 11.87deg / 2490mm
  R@5deg_1m: 2.7%  (rot=4.4%, trans=17.0%)
  R@10deg_2m: 17.6%  (rot=39.0%, trans=41.8%)
  R@15deg_5m: 54.9%  (rot=67.6%, trans=87.4%)
  R@25deg_5m: 81.9%  (rot=94.5%, trans=87.4%)
======================================================================

Done!
--- exp20_128d_seed8 done ---

=== exp20_128d_seed9 ===
======================================================================
Experiment: exp20_128d_seed9
Pool: spp, Features: both+sum
======================================================================
Random seed: 9
Using device: cuda:3

Loading data (fine=True, coarse=True, summary=True)...
  Loaded fine_geo: torch.Size([895, 128, 68, 120])
  Loaded coarse_sem: torch.Size([895, 128, 68, 120])
  Loaded summary: torch.Size([895, 2560])
  [train] 895 samples loaded
  Loaded fine_geo: torch.Size([182, 128, 68, 120])
  Loaded coarse_sem: torch.Size([182, 128, 68, 120])
  Loaded summary: torch.Size([182, 2560])
  [test] 182 samples loaded
Translation norm: mean=[13.19548    -0.64731836 23.103329  ], std=[10.827089    0.94348246  9.766839  ]
  Feature dim after pooling: 7936
Model parameters: 18,905,610

Pre-computing pooled features (OOM-safe mode)...
  Pre-computed pooled features: torch.Size([895, 7936]) (28.4 MB)
  Pre-computed pooled features: torch.Size([182, 7936]) (5.8 MB)
  GPU memory freed. Training with pre-pooled features (7936d)
Model parameters: 18,905,610
[    1/5000] loss=2.7446 (t=0.5756 r=2.1690 beta=1.00) | val: 22.94deg/18388mm | 0.5s
[  100/5000] loss=0.0649 (t=0.0225 r=0.0459 beta=0.92) | val: 2.56deg/1870mm | 4.0s
[  200/5000] loss=0.0397 (t=0.0116 r=0.0318 beta=0.88) | val: 1.95deg/1549mm | 5.6s
[  300/5000] loss=0.0295 (t=0.0072 r=0.0264 beta=0.84) | val: 1.78deg/1667mm | 7.1s
[  400/5000] loss=0.0265 (t=0.0056 r=0.0258 beta=0.81) | val: 1.77deg/1606mm | 7.7s
[  500/5000] loss=0.0222 (t=0.0046 r=0.0226 beta=0.78) | val: 1.55deg/1566mm | 9.5s
[  600/5000] loss=0.0196 (t=0.0038 r=0.0213 beta=0.74) | val: 1.64deg/1602mm | 10.4s
[  700/5000] loss=0.0176 (t=0.0032 r=0.0202 beta=0.71) | val: 1.65deg/1579mm | 11.4s
[  800/5000] loss=0.0172 (t=0.0033 r=0.0202 beta=0.69) | val: 1.96deg/1597mm | 11.9s
[  900/5000] loss=0.0153 (t=0.0029 r=0.0188 beta=0.66) | val: 1.60deg/1515mm | 12.4s
[ 1000/5000] loss=0.0150 (t=0.0029 r=0.0191 beta=0.63) | val: 1.73deg/1506mm | 13.0s
[ 1100/5000] loss=0.0132 (t=0.0028 r=0.0171 beta=0.61) | val: 1.84deg/1676mm | 13.5s
[ 1200/5000] loss=0.0131 (t=0.0026 r=0.0178 beta=0.59) | val: 1.82deg/1615mm | 14.1s
[ 1300/5000] loss=0.0124 (t=0.0025 r=0.0174 beta=0.57) | val: 1.77deg/1589mm | 14.6s
[ 1400/5000] loss=0.0118 (t=0.0023 r=0.0173 beta=0.55) | val: 1.67deg/1599mm | 15.2s
[ 1500/5000] loss=0.0114 (t=0.0025 r=0.0169 beta=0.53) | val: 1.78deg/1757mm | 15.7s
[ 1600/5000] loss=0.0107 (t=0.0024 r=0.0163 beta=0.51) | val: 1.79deg/1695mm | 16.3s
[ 1700/5000] loss=0.0106 (t=0.0021 r=0.0174 beta=0.49) | val: 1.81deg/1710mm | 16.8s
[ 1800/5000] loss=0.0097 (t=0.0021 r=0.0159 beta=0.48) | val: 1.86deg/1699mm | 17.4s
[ 1900/5000] loss=0.0097 (t=0.0021 r=0.0165 beta=0.46) | val: 1.74deg/1843mm | 18.0s
[ 2000/5000] loss=0.0092 (t=0.0020 r=0.0159 beta=0.45) | val: 1.85deg/1678mm | 18.5s
[ 2100/5000] loss=0.0090 (t=0.0020 r=0.0159 beta=0.44) | val: 1.87deg/1774mm | 19.0s
[ 2200/5000] loss=0.0088 (t=0.0020 r=0.0159 beta=0.43) | val: 1.84deg/1646mm | 19.6s
[ 2300/5000] loss=0.0083 (t=0.0019 r=0.0154 beta=0.41) | val: 1.75deg/1814mm | 20.2s
[ 2400/5000] loss=0.0083 (t=0.0020 r=0.0155 beta=0.40) | val: 1.68deg/1683mm | 20.7s
[ 2500/5000] loss=0.0079 (t=0.0018 r=0.0154 beta=0.40) | val: 1.93deg/1789mm | 21.3s
[ 2600/5000] loss=0.0076 (t=0.0019 r=0.0147 beta=0.39) | val: 1.79deg/1728mm | 21.8s
[ 2700/5000] loss=0.0074 (t=0.0017 r=0.0150 beta=0.38) | val: 1.74deg/1818mm | 22.4s
[ 2800/5000] loss=0.0072 (t=0.0018 r=0.0147 beta=0.37) | val: 1.78deg/1687mm | 22.9s
[ 2900/5000] loss=0.0069 (t=0.0017 r=0.0142 beta=0.36) | val: 1.87deg/1758mm | 23.5s
[ 3000/5000] loss=0.0071 (t=0.0017 r=0.0151 beta=0.36) | val: 1.81deg/1794mm | 24.0s
[ 3100/5000] loss=0.0069 (t=0.0016 r=0.0151 beta=0.35) | val: 1.87deg/1823mm | 24.6s
[ 3200/5000] loss=0.0070 (t=0.0018 r=0.0151 beta=0.35) | val: 1.91deg/1699mm | 25.1s
[ 3300/5000] loss=0.0067 (t=0.0017 r=0.0148 beta=0.34) | val: 1.92deg/1759mm | 25.7s
[ 3400/5000] loss=0.0065 (t=0.0016 r=0.0144 beta=0.34) | val: 1.85deg/1888mm | 26.2s
[ 3500/5000] loss=0.0065 (t=0.0017 r=0.0144 beta=0.33) | val: 1.90deg/1726mm | 26.7s
[ 3600/5000] loss=0.0065 (t=0.0017 r=0.0145 beta=0.33) | val: 1.89deg/1859mm | 27.3s
[ 3700/5000] loss=0.0064 (t=0.0016 r=0.0145 beta=0.33) | val: 1.90deg/1868mm | 27.8s
[ 3800/5000] loss=0.0060 (t=0.0015 r=0.0139 beta=0.32) | val: 1.83deg/1954mm | 28.4s
[ 3900/5000] loss=0.0060 (t=0.0016 r=0.0139 beta=0.32) | val: 1.96deg/1775mm | 28.9s
[ 4000/5000] loss=0.0061 (t=0.0015 r=0.0142 beta=0.32) | val: 1.94deg/1849mm | 29.5s
[ 4100/5000] loss=0.0060 (t=0.0015 r=0.0140 beta=0.32) | val: 1.90deg/1850mm | 30.0s
[ 4200/5000] loss=0.0058 (t=0.0015 r=0.0138 beta=0.32) | val: 1.91deg/1821mm | 30.5s
[ 4300/5000] loss=0.0058 (t=0.0015 r=0.0136 beta=0.31) | val: 1.92deg/1838mm | 31.1s
[ 4400/5000] loss=0.0057 (t=0.0014 r=0.0135 beta=0.31) | val: 1.89deg/1827mm | 31.6s
[ 4500/5000] loss=0.0059 (t=0.0016 r=0.0138 beta=0.31) | val: 1.90deg/1821mm | 32.2s
[ 4600/5000] loss=0.0057 (t=0.0015 r=0.0135 beta=0.31) | val: 1.89deg/1854mm | 32.7s
[ 4700/5000] loss=0.0058 (t=0.0015 r=0.0136 beta=0.31) | val: 1.89deg/1848mm | 33.3s
[ 4800/5000] loss=0.0059 (t=0.0016 r=0.0140 beta=0.31) | val: 1.92deg/1859mm | 33.8s
[ 4900/5000] loss=0.0058 (t=0.0015 r=0.0140 beta=0.31) | val: 1.89deg/1847mm | 34.4s
[ 5000/5000] loss=0.0060 (t=0.0017 r=0.0140 beta=0.31) | val: 1.90deg/1841mm | 34.9s

Training done. Best epoch: 670, score: 1.5333

Loaded best model from epoch 670

======================================================================
EVALUATION RESULTS (Direct Regression)
======================================================================
Rotation  (median): 1.63deg
Translation (median): 1379mm

  R@5deg_1m: 34.1%  (rot_pass=92.9%, trans_pass=34.6%)
  R@10deg_2m: 69.2%  (rot_pass=99.5%, trans_pass=69.8%)
  R@15deg_5m: 92.3%  (rot_pass=100.0%, trans_pass=92.3%)
  R@25deg_5m: 92.3%  (rot_pass=100.0%, trans_pass=92.3%)

======================================================================
EVALUATION RESULTS (Retrieval Mode)
======================================================================
Retrieval median: 11.35deg / 2335mm
  R@5deg_1m: 2.7%  (rot=6.6%, trans=22.0%)
  R@10deg_2m: 20.9%  (rot=44.0%, trans=46.2%)
  R@15deg_5m: 55.5%  (rot=70.9%, trans=84.6%)
  R@25deg_5m: 81.3%  (rot=96.7%, trans=84.6%)
======================================================================

Done!
--- exp20_128d_seed9 done ---

=== exp20_128d_seed10 ===
======================================================================
Experiment: exp20_128d_seed10
Pool: spp, Features: both+sum
======================================================================
Random seed: 10
Using device: cuda:3

Loading data (fine=True, coarse=True, summary=True)...
  Loaded fine_geo: torch.Size([895, 128, 68, 120])
  Loaded coarse_sem: torch.Size([895, 128, 68, 120])
  Loaded summary: torch.Size([895, 2560])
  [train] 895 samples loaded
  Loaded fine_geo: torch.Size([182, 128, 68, 120])
  Loaded coarse_sem: torch.Size([182, 128, 68, 120])
  Loaded summary: torch.Size([182, 2560])
  [test] 182 samples loaded
Translation norm: mean=[13.19548    -0.64731836 23.103329  ], std=[10.827089    0.94348246  9.766839  ]
  Feature dim after pooling: 7936
Model parameters: 18,905,610

Pre-computing pooled features (OOM-safe mode)...
  Pre-computed pooled features: torch.Size([895, 7936]) (28.4 MB)
  Pre-computed pooled features: torch.Size([182, 7936]) (5.8 MB)
  GPU memory freed. Training with pre-pooled features (7936d)
Model parameters: 18,905,610
[    1/5000] loss=2.4021 (t=0.5600 r=1.8421 beta=1.00) | val: 38.30deg/23078mm | 0.7s
[  100/5000] loss=0.0616 (t=0.0214 r=0.0435 beta=0.92) | val: 2.48deg/1682mm | 5.0s
[  200/5000] loss=0.0400 (t=0.0114 r=0.0325 beta=0.88) | val: 2.02deg/1524mm | 7.2s
[  300/5000] loss=0.0306 (t=0.0076 r=0.0276 beta=0.84) | val: 2.18deg/1605mm | 7.8s
[  400/5000] loss=0.0250 (t=0.0056 r=0.0243 beta=0.80) | val: 1.93deg/1550mm | 9.1s
[  500/5000] loss=0.0220 (t=0.0048 r=0.0225 beta=0.77) | val: 2.07deg/1693mm | 9.6s
[  600/5000] loss=0.0195 (t=0.0040 r=0.0211 beta=0.73) | val: 1.65deg/1474mm | 10.2s
[  700/5000] loss=0.0178 (t=0.0037 r=0.0201 beta=0.70) | val: 1.85deg/1486mm | 11.1s
[  800/5000] loss=0.0166 (t=0.0034 r=0.0197 beta=0.67) | val: 1.73deg/1524mm | 12.0s
[  900/5000] loss=0.0155 (t=0.0031 r=0.0192 beta=0.65) | val: 1.73deg/1560mm | 13.0s
[ 1000/5000] loss=0.0143 (t=0.0029 r=0.0184 beta=0.62) | val: 1.87deg/1616mm | 13.5s
[ 1100/5000] loss=0.0139 (t=0.0028 r=0.0187 beta=0.60) | val: 1.77deg/1512mm | 14.1s
[ 1200/5000] loss=0.0125 (t=0.0025 r=0.0174 beta=0.57) | val: 1.67deg/1453mm | 14.6s
[ 1300/5000] loss=0.0124 (t=0.0025 r=0.0179 beta=0.55) | val: 1.66deg/1500mm | 15.2s
[ 1400/5000] loss=0.0117 (t=0.0024 r=0.0173 beta=0.53) | val: 1.61deg/1454mm | 15.8s
[ 1500/5000] loss=0.0110 (t=0.0022 r=0.0170 beta=0.51) | val: 1.68deg/1454mm | 16.3s
[ 1600/5000] loss=0.0104 (t=0.0022 r=0.0166 beta=0.50) | val: 1.72deg/1479mm | 16.9s
[ 1700/5000] loss=0.0103 (t=0.0022 r=0.0168 beta=0.48) | val: 1.88deg/1623mm | 17.4s
[ 1800/5000] loss=0.0097 (t=0.0021 r=0.0163 beta=0.47) | val: 1.69deg/1495mm | 17.9s
[ 1900/5000] loss=0.0094 (t=0.0021 r=0.0160 beta=0.45) | val: 1.68deg/1593mm | 18.5s
[ 2000/5000] loss=0.0091 (t=0.0020 r=0.0163 beta=0.44) | val: 1.73deg/1622mm | 19.0s
[ 2100/5000] loss=0.0086 (t=0.0019 r=0.0158 beta=0.43) | val: 1.78deg/1646mm | 19.6s
[ 2200/5000] loss=0.0083 (t=0.0020 r=0.0153 beta=0.41) | val: 1.82deg/1602mm | 20.2s
[ 2300/5000] loss=0.0080 (t=0.0018 r=0.0154 beta=0.40) | val: 1.76deg/1631mm | 20.7s
[ 2400/5000] loss=0.0078 (t=0.0019 r=0.0151 beta=0.39) | val: 1.65deg/1678mm | 21.3s
[ 2500/5000] loss=0.0078 (t=0.0018 r=0.0158 beta=0.38) | val: 1.83deg/1547mm | 21.8s
[ 2600/5000] loss=0.0074 (t=0.0017 r=0.0152 beta=0.37) | val: 1.65deg/1661mm | 22.4s
[ 2700/5000] loss=0.0071 (t=0.0017 r=0.0147 beta=0.37) | val: 1.84deg/1786mm | 22.9s
[ 2800/5000] loss=0.0073 (t=0.0018 r=0.0154 beta=0.36) | val: 1.81deg/1657mm | 23.5s
[ 2900/5000] loss=0.0068 (t=0.0017 r=0.0145 beta=0.35) | val: 1.75deg/1737mm | 24.0s
[ 3000/5000] loss=0.0067 (t=0.0017 r=0.0146 beta=0.35) | val: 1.84deg/1813mm | 24.6s
[ 3100/5000] loss=0.0069 (t=0.0018 r=0.0151 beta=0.34) | val: 1.82deg/1654mm | 25.1s
[ 3200/5000] loss=0.0064 (t=0.0016 r=0.0143 beta=0.34) | val: 1.81deg/1690mm | 25.7s
[ 3300/5000] loss=0.0063 (t=0.0016 r=0.0142 beta=0.33) | val: 1.88deg/1754mm | 26.2s
[ 3400/5000] loss=0.0065 (t=0.0017 r=0.0148 beta=0.33) | val: 1.76deg/1760mm | 26.8s
[ 3500/5000] loss=0.0063 (t=0.0016 r=0.0147 beta=0.32) | val: 1.94deg/1708mm | 27.3s
[ 3600/5000] loss=0.0061 (t=0.0016 r=0.0142 beta=0.32) | val: 1.92deg/1856mm | 27.9s
[ 3700/5000] loss=0.0061 (t=0.0016 r=0.0145 beta=0.32) | val: 1.83deg/1824mm | 28.4s
[ 3800/5000] loss=0.0061 (t=0.0015 r=0.0145 beta=0.31) | val: 1.88deg/1717mm | 29.0s
[ 3900/5000] loss=0.0060 (t=0.0015 r=0.0142 beta=0.31) | val: 1.80deg/1853mm | 29.5s
[ 4000/5000] loss=0.0057 (t=0.0015 r=0.0136 beta=0.31) | val: 1.81deg/1825mm | 30.1s
[ 4100/5000] loss=0.0059 (t=0.0015 r=0.0142 beta=0.31) | val: 1.84deg/1823mm | 30.6s
[ 4200/5000] loss=0.0059 (t=0.0015 r=0.0142 beta=0.31) | val: 1.83deg/1818mm | 31.3s
[ 4300/5000] loss=0.0059 (t=0.0016 r=0.0141 beta=0.30) | val: 1.79deg/1820mm | 31.9s
[ 4400/5000] loss=0.0058 (t=0.0016 r=0.0141 beta=0.30) | val: 1.86deg/1860mm | 32.5s
[ 4500/5000] loss=0.0056 (t=0.0014 r=0.0138 beta=0.30) | val: 1.84deg/1818mm | 33.0s
[ 4600/5000] loss=0.0057 (t=0.0015 r=0.0141 beta=0.30) | val: 1.77deg/1895mm | 33.6s
[ 4700/5000] loss=0.0058 (t=0.0015 r=0.0143 beta=0.30) | val: 1.85deg/1831mm | 34.1s
[ 4800/5000] loss=0.0057 (t=0.0015 r=0.0139 beta=0.30) | val: 1.84deg/1846mm | 34.7s
[ 4900/5000] loss=0.0058 (t=0.0016 r=0.0137 beta=0.30) | val: 1.83deg/1833mm | 35.2s
[ 5000/5000] loss=0.0057 (t=0.0015 r=0.0138 beta=0.30) | val: 1.84deg/1839mm | 35.8s

Training done. Best epoch: 890, score: 1.4466

Loaded best model from epoch 890

======================================================================
EVALUATION RESULTS (Direct Regression)
======================================================================
Rotation  (median): 1.72deg
Translation (median): 1279mm

  R@5deg_1m: 37.4%  (rot_pass=91.2%, trans_pass=38.5%)
  R@10deg_2m: 66.5%  (rot_pass=99.5%, trans_pass=66.5%)
  R@15deg_5m: 92.3%  (rot_pass=100.0%, trans_pass=92.3%)
  R@25deg_5m: 92.3%  (rot_pass=100.0%, trans_pass=92.3%)

======================================================================
EVALUATION RESULTS (Retrieval Mode)
======================================================================
Retrieval median: 11.46deg / 2316mm
  R@5deg_1m: 2.2%  (rot=5.5%, trans=23.6%)
  R@10deg_2m: 19.2%  (rot=44.0%, trans=44.5%)
  R@15deg_5m: 57.1%  (rot=70.9%, trans=85.7%)
  R@25deg_5m: 81.9%  (rot=96.2%, trans=85.7%)
======================================================================

Done!
--- exp20_128d_seed10 done ---

=== exp20_128d_seed11 ===
======================================================================
Experiment: exp20_128d_seed11
Pool: spp, Features: both+sum
======================================================================
Random seed: 11
Using device: cuda:3

Loading data (fine=True, coarse=True, summary=True)...
  Loaded fine_geo: torch.Size([895, 128, 68, 120])
  Loaded coarse_sem: torch.Size([895, 128, 68, 120])
  Loaded summary: torch.Size([895, 2560])
  [train] 895 samples loaded
  Loaded fine_geo: torch.Size([182, 128, 68, 120])
  Loaded coarse_sem: torch.Size([182, 128, 68, 120])
  Loaded summary: torch.Size([182, 2560])
  [test] 182 samples loaded
Translation norm: mean=[13.19548    -0.64731836 23.103329  ], std=[10.827089    0.94348246  9.766839  ]
  Feature dim after pooling: 7936
Model parameters: 18,905,610

Pre-computing pooled features (OOM-safe mode)...
  Pre-computed pooled features: torch.Size([895, 7936]) (28.4 MB)
  Pre-computed pooled features: torch.Size([182, 7936]) (5.8 MB)
  GPU memory freed. Training with pre-pooled features (7936d)
Model parameters: 18,905,610
[    1/5000] loss=2.9795 (t=0.5991 r=2.3805 beta=1.00) | val: 54.14deg/22992mm | 0.4s
[  100/5000] loss=0.0636 (t=0.0217 r=0.0451 beta=0.93) | val: 2.41deg/1631mm | 5.1s
[  200/5000] loss=0.0407 (t=0.0112 r=0.0334 beta=0.88) | val: 2.12deg/1692mm | 6.5s
[  300/5000] loss=0.0298 (t=0.0069 r=0.0271 beta=0.85) | val: 1.89deg/1619mm | 8.7s
[  400/5000] loss=0.0240 (t=0.0051 r=0.0233 beta=0.81) | val: 1.63deg/1446mm | 9.2s
[  500/5000] loss=0.0230 (t=0.0043 r=0.0241 beta=0.78) | val: 1.77deg/1386mm | 10.5s
[  600/5000] loss=0.0205 (t=0.0040 r=0.0221 beta=0.74) | val: 1.80deg/1349mm | 11.4s
[  700/5000] loss=0.0186 (t=0.0036 r=0.0211 beta=0.71) | val: 1.83deg/1510mm | 12.3s
[  800/5000] loss=0.0177 (t=0.0035 r=0.0207 beta=0.69) | val: 1.87deg/1425mm | 13.2s
[  900/5000] loss=0.0158 (t=0.0030 r=0.0195 beta=0.66) | val: 1.93deg/1423mm | 13.8s
[ 1000/5000] loss=0.0152 (t=0.0028 r=0.0195 beta=0.63) | val: 1.81deg/1387mm | 14.3s
[ 1100/5000] loss=0.0136 (t=0.0026 r=0.0181 beta=0.61) | val: 1.78deg/1519mm | 14.8s
[ 1200/5000] loss=0.0132 (t=0.0026 r=0.0181 beta=0.59) | val: 1.86deg/1478mm | 15.4s
[ 1300/5000] loss=0.0124 (t=0.0024 r=0.0177 beta=0.57) | val: 1.70deg/1500mm | 15.9s
[ 1400/5000] loss=0.0121 (t=0.0024 r=0.0176 beta=0.55) | val: 1.70deg/1494mm | 16.5s
[ 1500/5000] loss=0.0112 (t=0.0023 r=0.0169 beta=0.53) | val: 1.72deg/1457mm | 17.1s
[ 1600/5000] loss=0.0109 (t=0.0023 r=0.0168 beta=0.51) | val: 2.04deg/1572mm | 17.6s
[ 1700/5000] loss=0.0106 (t=0.0022 r=0.0169 beta=0.49) | val: 1.83deg/1570mm | 18.2s
[ 1800/5000] loss=0.0103 (t=0.0021 r=0.0172 beta=0.48) | val: 1.89deg/1679mm | 18.8s
[ 1900/5000] loss=0.0098 (t=0.0021 r=0.0164 beta=0.46) | val: 1.83deg/1595mm | 19.7s
[ 2000/5000] loss=0.0094 (t=0.0021 r=0.0162 beta=0.45) | val: 1.81deg/1586mm | 20.2s
[ 2100/5000] loss=0.0087 (t=0.0019 r=0.0156 beta=0.44) | val: 1.84deg/1607mm | 20.8s
[ 2200/5000] loss=0.0088 (t=0.0018 r=0.0163 beta=0.43) | val: 1.82deg/1521mm | 21.3s
[ 2300/5000] loss=0.0085 (t=0.0019 r=0.0160 beta=0.41) | val: 1.99deg/1658mm | 21.9s
[ 2400/5000] loss=0.0082 (t=0.0019 r=0.0155 beta=0.40) | val: 1.96deg/1663mm | 22.4s
[ 2500/5000] loss=0.0080 (t=0.0018 r=0.0156 beta=0.39) | val: 2.02deg/1637mm | 23.0s
[ 2600/5000] loss=0.0077 (t=0.0018 r=0.0154 beta=0.39) | val: 1.97deg/1687mm | 23.6s
[ 2700/5000] loss=0.0076 (t=0.0017 r=0.0155 beta=0.38) | val: 1.93deg/1687mm | 24.1s
[ 2800/5000] loss=0.0074 (t=0.0017 r=0.0154 beta=0.37) | val: 1.83deg/1690mm | 24.6s
[ 2900/5000] loss=0.0072 (t=0.0017 r=0.0152 beta=0.36) | val: 1.90deg/1701mm | 25.2s
[ 3000/5000] loss=0.0069 (t=0.0016 r=0.0148 beta=0.36) | val: 1.97deg/1767mm | 25.7s
[ 3100/5000] loss=0.0069 (t=0.0018 r=0.0147 beta=0.35) | val: 1.97deg/1695mm | 26.3s
[ 3200/5000] loss=0.0068 (t=0.0017 r=0.0148 beta=0.35) | val: 1.97deg/1680mm | 26.8s
[ 3300/5000] loss=0.0067 (t=0.0017 r=0.0149 beta=0.34) | val: 1.83deg/1679mm | 27.4s
[ 3400/5000] loss=0.0065 (t=0.0016 r=0.0147 beta=0.34) | val: 1.90deg/1710mm | 27.9s
[ 3500/5000] loss=0.0064 (t=0.0016 r=0.0144 beta=0.33) | val: 1.98deg/1687mm | 28.4s
[ 3600/5000] loss=0.0062 (t=0.0016 r=0.0140 beta=0.33) | val: 1.94deg/1623mm | 29.0s
[ 3700/5000] loss=0.0063 (t=0.0016 r=0.0145 beta=0.33) | val: 1.91deg/1694mm | 29.6s
[ 3800/5000] loss=0.0063 (t=0.0016 r=0.0146 beta=0.32) | val: 2.05deg/1745mm | 30.1s
[ 3900/5000] loss=0.0061 (t=0.0016 r=0.0141 beta=0.32) | val: 1.96deg/1755mm | 30.7s
[ 4000/5000] loss=0.0061 (t=0.0016 r=0.0144 beta=0.32) | val: 1.96deg/1779mm | 31.2s
[ 4100/5000] loss=0.0061 (t=0.0016 r=0.0140 beta=0.32) | val: 1.97deg/1655mm | 31.8s
[ 4200/5000] loss=0.0059 (t=0.0015 r=0.0140 beta=0.32) | val: 1.93deg/1714mm | 32.3s
[ 4300/5000] loss=0.0061 (t=0.0015 r=0.0144 beta=0.31) | val: 2.00deg/1733mm | 32.9s
[ 4400/5000] loss=0.0059 (t=0.0015 r=0.0140 beta=0.31) | val: 1.96deg/1727mm | 33.4s
[ 4500/5000] loss=0.0059 (t=0.0016 r=0.0139 beta=0.31) | val: 1.93deg/1728mm | 33.9s
[ 4600/5000] loss=0.0058 (t=0.0015 r=0.0137 beta=0.31) | val: 1.95deg/1713mm | 34.5s
[ 4700/5000] loss=0.0058 (t=0.0014 r=0.0141 beta=0.31) | val: 1.98deg/1718mm | 35.0s
[ 4800/5000] loss=0.0059 (t=0.0016 r=0.0137 beta=0.31) | val: 1.95deg/1732mm | 35.6s
[ 4900/5000] loss=0.0060 (t=0.0015 r=0.0143 beta=0.31) | val: 2.00deg/1724mm | 36.1s
[ 5000/5000] loss=0.0060 (t=0.0016 r=0.0142 beta=0.31) | val: 1.98deg/1727mm | 36.6s

Training done. Best epoch: 1850, score: 1.5034

Loaded best model from epoch 1850

======================================================================
EVALUATION RESULTS (Direct Regression)
======================================================================
Rotation  (median): 1.82deg
Translation (median): 1327mm

  R@5deg_1m: 36.3%  (rot_pass=91.8%, trans_pass=37.4%)
  R@10deg_2m: 68.7%  (rot_pass=99.5%, trans_pass=69.2%)
  R@15deg_5m: 90.7%  (rot_pass=100.0%, trans_pass=90.7%)
  R@25deg_5m: 90.7%  (rot_pass=100.0%, trans_pass=90.7%)

======================================================================
EVALUATION RESULTS (Retrieval Mode)
======================================================================
Retrieval median: 11.35deg / 2356mm
  R@5deg_1m: 2.7%  (rot=5.5%, trans=20.9%)
  R@10deg_2m: 19.8%  (rot=43.4%, trans=44.0%)
  R@15deg_5m: 56.6%  (rot=71.4%, trans=83.5%)
  R@25deg_5m: 80.8%  (rot=96.2%, trans=83.5%)
======================================================================

Done!
--- exp20_128d_seed11 done ---

=== exp20_128d_seed12 ===
======================================================================
Experiment: exp20_128d_seed12
Pool: spp, Features: both+sum
======================================================================
Random seed: 12
Using device: cuda:3

Loading data (fine=True, coarse=True, summary=True)...
  Loaded fine_geo: torch.Size([895, 128, 68, 120])
  Loaded coarse_sem: torch.Size([895, 128, 68, 120])
  Loaded summary: torch.Size([895, 2560])
  [train] 895 samples loaded
  Loaded fine_geo: torch.Size([182, 128, 68, 120])
  Loaded coarse_sem: torch.Size([182, 128, 68, 120])
  Loaded summary: torch.Size([182, 2560])
  [test] 182 samples loaded
Translation norm: mean=[13.19548    -0.64731836 23.103329  ], std=[10.827089    0.94348246  9.766839  ]
  Feature dim after pooling: 7936
Model parameters: 18,905,610

Pre-computing pooled features (OOM-safe mode)...
  Pre-computed pooled features: torch.Size([895, 7936]) (28.4 MB)
  Pre-computed pooled features: torch.Size([182, 7936]) (5.8 MB)
  GPU memory freed. Training with pre-pooled features (7936d)
Model parameters: 18,905,610
[    1/5000] loss=3.1546 (t=0.4943 r=2.6603 beta=1.00) | val: 98.60deg/27339mm | 0.2s
[  100/5000] loss=0.0636 (t=0.0223 r=0.0445 beta=0.93) | val: 2.47deg/1828mm | 4.5s
[  200/5000] loss=0.0430 (t=0.0119 r=0.0352 beta=0.88) | val: 2.06deg/1491mm | 6.1s
[  300/5000] loss=0.0306 (t=0.0070 r=0.0279 beta=0.84) | val: 1.71deg/1535mm | 8.1s
[  400/5000] loss=0.0258 (t=0.0057 r=0.0249 beta=0.81) | val: 1.79deg/1573mm | 9.0s
[  500/5000] loss=0.0236 (t=0.0043 r=0.0249 beta=0.77) | val: 1.72deg/1465mm | 9.6s
[  600/5000] loss=0.0202 (t=0.0039 r=0.0219 beta=0.74) | val: 1.65deg/1455mm | 10.5s
[  700/5000] loss=0.0187 (t=0.0038 r=0.0210 beta=0.71) | val: 1.63deg/1573mm | 11.1s
[  800/5000] loss=0.0177 (t=0.0033 r=0.0211 beta=0.68) | val: 1.93deg/1456mm | 11.6s
[  900/5000] loss=0.0159 (t=0.0031 r=0.0193 beta=0.66) | val: 1.87deg/1589mm | 12.1s
[ 1000/5000] loss=0.0151 (t=0.0031 r=0.0191 beta=0.63) | val: 1.63deg/1406mm | 12.7s
[ 1100/5000] loss=0.0141 (t=0.0028 r=0.0185 beta=0.61) | val: 1.86deg/1544mm | 13.3s
[ 1200/5000] loss=0.0133 (t=0.0027 r=0.0182 beta=0.59) | val: 1.62deg/1487mm | 13.8s
[ 1300/5000] loss=0.0126 (t=0.0025 r=0.0179 beta=0.56) | val: 1.93deg/1551mm | 14.3s
[ 1400/5000] loss=0.0121 (t=0.0024 r=0.0179 beta=0.54) | val: 1.86deg/1407mm | 14.9s
[ 1500/5000] loss=0.0118 (t=0.0026 r=0.0174 beta=0.53) | val: 1.89deg/1554mm | 15.4s
[ 1600/5000] loss=0.0108 (t=0.0024 r=0.0166 beta=0.51) | val: 1.68deg/1648mm | 16.0s
[ 1700/5000] loss=0.0104 (t=0.0022 r=0.0168 beta=0.49) | val: 1.69deg/1550mm | 16.5s
[ 1800/5000] loss=0.0101 (t=0.0021 r=0.0168 beta=0.48) | val: 1.88deg/1541mm | 17.1s
[ 1900/5000] loss=0.0097 (t=0.0021 r=0.0166 beta=0.46) | val: 1.80deg/1568mm | 17.6s
[ 2000/5000] loss=0.0090 (t=0.0019 r=0.0158 beta=0.45) | val: 1.76deg/1626mm | 18.2s
[ 2100/5000] loss=0.0088 (t=0.0019 r=0.0158 beta=0.44) | val: 1.78deg/1602mm | 18.7s
[ 2200/5000] loss=0.0089 (t=0.0020 r=0.0162 beta=0.42) | val: 1.80deg/1622mm | 19.2s
[ 2300/5000] loss=0.0084 (t=0.0020 r=0.0157 beta=0.41) | val: 1.89deg/1577mm | 19.8s
[ 2400/5000] loss=0.0083 (t=0.0017 r=0.0163 beta=0.40) | val: 2.08deg/1791mm | 20.3s
[ 2500/5000] loss=0.0079 (t=0.0018 r=0.0157 beta=0.39) | val: 1.82deg/1672mm | 20.9s
[ 2600/5000] loss=0.0077 (t=0.0018 r=0.0155 beta=0.38) | val: 1.79deg/1652mm | 21.5s
[ 2700/5000] loss=0.0075 (t=0.0018 r=0.0149 beta=0.38) | val: 1.87deg/1699mm | 22.0s
[ 2800/5000] loss=0.0074 (t=0.0018 r=0.0152 beta=0.37) | val: 1.74deg/1673mm | 22.6s
[ 2900/5000] loss=0.0074 (t=0.0018 r=0.0155 beta=0.36) | val: 1.86deg/1752mm | 23.2s
[ 3000/5000] loss=0.0071 (t=0.0017 r=0.0153 beta=0.35) | val: 1.97deg/1818mm | 23.7s
[ 3100/5000] loss=0.0069 (t=0.0016 r=0.0151 beta=0.35) | val: 1.94deg/1760mm | 24.3s
[ 3200/5000] loss=0.0069 (t=0.0017 r=0.0150 beta=0.34) | val: 1.92deg/1817mm | 24.8s
[ 3300/5000] loss=0.0066 (t=0.0016 r=0.0148 beta=0.34) | val: 1.89deg/1827mm | 25.4s
[ 3400/5000] loss=0.0066 (t=0.0016 r=0.0150 beta=0.33) | val: 1.87deg/1730mm | 25.9s
[ 3500/5000] loss=0.0064 (t=0.0016 r=0.0144 beta=0.33) | val: 1.95deg/1777mm | 26.6s
[ 3600/5000] loss=0.0063 (t=0.0015 r=0.0146 beta=0.33) | val: 1.91deg/1807mm | 27.2s
[ 3700/5000] loss=0.0062 (t=0.0016 r=0.0142 beta=0.32) | val: 1.84deg/1753mm | 27.8s
[ 3800/5000] loss=0.0062 (t=0.0015 r=0.0148 beta=0.32) | val: 1.92deg/1807mm | 28.4s
[ 3900/5000] loss=0.0061 (t=0.0015 r=0.0143 beta=0.32) | val: 1.77deg/1793mm | 29.0s
[ 4000/5000] loss=0.0060 (t=0.0015 r=0.0142 beta=0.32) | val: 1.82deg/1828mm | 29.6s
[ 4100/5000] loss=0.0059 (t=0.0015 r=0.0141 beta=0.31) | val: 1.86deg/1774mm | 30.1s
[ 4200/5000] loss=0.0058 (t=0.0014 r=0.0140 beta=0.31) | val: 1.86deg/1801mm | 30.7s
[ 4300/5000] loss=0.0060 (t=0.0015 r=0.0144 beta=0.31) | val: 1.88deg/1811mm | 31.2s
[ 4400/5000] loss=0.0060 (t=0.0015 r=0.0145 beta=0.31) | val: 1.91deg/1814mm | 31.8s
[ 4500/5000] loss=0.0057 (t=0.0014 r=0.0136 beta=0.31) | val: 1.92deg/1794mm | 32.3s
[ 4600/5000] loss=0.0059 (t=0.0015 r=0.0141 beta=0.31) | val: 1.89deg/1786mm | 32.9s
[ 4700/5000] loss=0.0059 (t=0.0015 r=0.0143 beta=0.31) | val: 1.88deg/1818mm | 33.4s
[ 4800/5000] loss=0.0059 (t=0.0015 r=0.0141 beta=0.31) | val: 1.87deg/1798mm | 34.0s
[ 4900/5000] loss=0.0057 (t=0.0015 r=0.0135 beta=0.31) | val: 1.87deg/1800mm | 34.6s
[ 5000/5000] loss=0.0059 (t=0.0015 r=0.0141 beta=0.31) | val: 1.86deg/1803mm | 35.2s

Training done. Best epoch: 550, score: 1.5348

Loaded best model from epoch 550

======================================================================
EVALUATION RESULTS (Direct Regression)
======================================================================
Rotation  (median): 1.58deg
Translation (median): 1388mm

  R@5deg_1m: 32.4%  (rot_pass=92.9%, trans_pass=33.5%)
  R@10deg_2m: 69.8%  (rot_pass=99.5%, trans_pass=69.8%)
  R@15deg_5m: 94.5%  (rot_pass=100.0%, trans_pass=94.5%)
  R@25deg_5m: 94.5%  (rot_pass=100.0%, trans_pass=94.5%)

======================================================================
EVALUATION RESULTS (Retrieval Mode)
======================================================================
Retrieval median: 11.57deg / 2275mm
  R@5deg_1m: 2.7%  (rot=5.5%, trans=21.4%)
  R@10deg_2m: 19.2%  (rot=43.4%, trans=45.6%)
  R@15deg_5m: 57.7%  (rot=69.8%, trans=87.9%)
  R@25deg_5m: 83.5%  (rot=95.6%, trans=87.9%)
======================================================================

Done!
--- exp20_128d_seed12 done ---

=== exp20_128d_seed13 ===
======================================================================
Experiment: exp20_128d_seed13
Pool: spp, Features: both+sum
======================================================================
Random seed: 13
Using device: cuda:3

Loading data (fine=True, coarse=True, summary=True)...
  Loaded fine_geo: torch.Size([895, 128, 68, 120])
  Loaded coarse_sem: torch.Size([895, 128, 68, 120])
  Loaded summary: torch.Size([895, 2560])
  [train] 895 samples loaded
  Loaded fine_geo: torch.Size([182, 128, 68, 120])
  Loaded coarse_sem: torch.Size([182, 128, 68, 120])
  Loaded summary: torch.Size([182, 2560])
  [test] 182 samples loaded
Translation norm: mean=[13.19548    -0.64731836 23.103329  ], std=[10.827089    0.94348246  9.766839  ]
  Feature dim after pooling: 7936
Model parameters: 18,905,610

Pre-computing pooled features (OOM-safe mode)...
  Pre-computed pooled features: torch.Size([895, 7936]) (28.4 MB)
  Pre-computed pooled features: torch.Size([182, 7936]) (5.8 MB)
  GPU memory freed. Training with pre-pooled features (7936d)
Model parameters: 18,905,610
[    1/5000] loss=2.4592 (t=0.6269 r=1.8323 beta=1.00) | val: 37.89deg/25689mm | 0.2s
[  100/5000] loss=0.0677 (t=0.0224 r=0.0491 beta=0.92) | val: 2.29deg/1840mm | 4.6s
[  200/5000] loss=0.0405 (t=0.0123 r=0.0321 beta=0.88) | val: 2.36deg/1691mm | 6.3s
[  300/5000] loss=0.0300 (t=0.0075 r=0.0268 beta=0.84) | val: 1.75deg/1647mm | 7.6s
[  400/5000] loss=0.0257 (t=0.0062 r=0.0244 beta=0.80) | val: 1.76deg/1532mm | 8.5s
[  500/5000] loss=0.0216 (t=0.0046 r=0.0220 beta=0.77) | val: 1.62deg/1376mm | 9.5s
[  600/5000] loss=0.0199 (t=0.0041 r=0.0215 beta=0.74) | val: 1.71deg/1352mm | 10.4s
[  700/5000] loss=0.0187 (t=0.0041 r=0.0207 beta=0.71) | val: 1.72deg/1688mm | 11.7s
[  800/5000] loss=0.0177 (t=0.0034 r=0.0211 beta=0.68) | val: 1.84deg/1475mm | 12.3s
[  900/5000] loss=0.0155 (t=0.0029 r=0.0193 beta=0.65) | val: 1.74deg/1352mm | 12.8s
[ 1000/5000] loss=0.0146 (t=0.0030 r=0.0186 beta=0.63) | val: 1.72deg/1457mm | 13.7s
[ 1100/5000] loss=0.0134 (t=0.0027 r=0.0178 beta=0.60) | val: 1.87deg/1545mm | 14.3s
[ 1200/5000] loss=0.0131 (t=0.0026 r=0.0181 beta=0.58) | val: 1.68deg/1525mm | 14.9s
[ 1300/5000] loss=0.0123 (t=0.0026 r=0.0174 beta=0.56) | val: 1.76deg/1563mm | 15.4s
[ 1400/5000] loss=0.0115 (t=0.0023 r=0.0171 beta=0.54) | val: 1.91deg/1471mm | 16.0s
[ 1500/5000] loss=0.0109 (t=0.0022 r=0.0166 beta=0.52) | val: 1.75deg/1429mm | 16.6s
[ 1600/5000] loss=0.0105 (t=0.0022 r=0.0166 beta=0.50) | val: 1.78deg/1509mm | 17.1s
[ 1700/5000] loss=0.0103 (t=0.0022 r=0.0166 beta=0.49) | val: 1.84deg/1536mm | 17.7s
[ 1800/5000] loss=0.0096 (t=0.0021 r=0.0160 beta=0.47) | val: 1.77deg/1537mm | 18.2s
[ 1900/5000] loss=0.0095 (t=0.0021 r=0.0161 beta=0.46) | val: 1.78deg/1550mm | 18.7s
[ 2000/5000] loss=0.0094 (t=0.0022 r=0.0164 beta=0.44) | val: 1.76deg/1493mm | 19.3s
[ 2100/5000] loss=0.0090 (t=0.0021 r=0.0160 beta=0.43) | val: 1.91deg/1535mm | 19.8s
[ 2200/5000] loss=0.0085 (t=0.0019 r=0.0159 beta=0.42) | val: 1.73deg/1539mm | 20.4s
[ 2300/5000] loss=0.0085 (t=0.0019 r=0.0161 beta=0.41) | val: 1.97deg/1684mm | 21.0s
[ 2400/5000] loss=0.0079 (t=0.0020 r=0.0150 beta=0.40) | val: 1.90deg/1542mm | 21.5s
[ 2500/5000] loss=0.0078 (t=0.0018 r=0.0153 beta=0.39) | val: 2.02deg/1572mm | 22.0s
[ 2600/5000] loss=0.0076 (t=0.0018 r=0.0153 beta=0.38) | val: 1.92deg/1512mm | 22.6s
[ 2700/5000] loss=0.0076 (t=0.0017 r=0.0158 beta=0.37) | val: 1.89deg/1629mm | 23.1s
[ 2800/5000] loss=0.0071 (t=0.0017 r=0.0149 beta=0.36) | val: 1.90deg/1592mm | 23.7s
[ 2900/5000] loss=0.0071 (t=0.0018 r=0.0149 beta=0.36) | val: 1.86deg/1602mm | 24.2s
[ 3000/5000] loss=0.0067 (t=0.0016 r=0.0145 beta=0.35) | val: 1.84deg/1602mm | 24.8s
[ 3100/5000] loss=0.0067 (t=0.0016 r=0.0149 beta=0.35) | val: 1.92deg/1592mm | 25.3s
[ 3200/5000] loss=0.0067 (t=0.0017 r=0.0149 beta=0.34) | val: 1.90deg/1668mm | 25.9s
[ 3300/5000] loss=0.0066 (t=0.0016 r=0.0147 beta=0.34) | val: 1.86deg/1654mm | 26.4s
[ 3400/5000] loss=0.0064 (t=0.0015 r=0.0148 beta=0.33) | val: 1.93deg/1641mm | 27.0s
[ 3500/5000] loss=0.0063 (t=0.0015 r=0.0147 beta=0.33) | val: 1.90deg/1635mm | 27.5s
[ 3600/5000] loss=0.0063 (t=0.0015 r=0.0146 beta=0.32) | val: 1.94deg/1641mm | 28.1s
[ 3700/5000] loss=0.0062 (t=0.0016 r=0.0142 beta=0.32) | val: 1.84deg/1595mm | 28.6s
[ 3800/5000] loss=0.0063 (t=0.0016 r=0.0148 beta=0.32) | val: 1.95deg/1675mm | 29.2s
[ 3900/5000] loss=0.0062 (t=0.0016 r=0.0145 beta=0.32) | val: 2.00deg/1751mm | 29.7s
[ 4000/5000] loss=0.0062 (t=0.0016 r=0.0145 beta=0.31) | val: 1.89deg/1701mm | 30.3s
[ 4100/5000] loss=0.0060 (t=0.0016 r=0.0142 beta=0.31) | val: 1.94deg/1734mm | 30.8s
[ 4200/5000] loss=0.0056 (t=0.0015 r=0.0132 beta=0.31) | val: 1.86deg/1712mm | 31.4s
[ 4300/5000] loss=0.0058 (t=0.0015 r=0.0137 beta=0.31) | val: 1.95deg/1680mm | 31.9s
[ 4400/5000] loss=0.0059 (t=0.0015 r=0.0142 beta=0.31) | val: 1.90deg/1660mm | 32.5s
[ 4500/5000] loss=0.0058 (t=0.0015 r=0.0140 beta=0.31) | val: 1.91deg/1695mm | 33.0s
[ 4600/5000] loss=0.0058 (t=0.0015 r=0.0139 beta=0.31) | val: 1.90deg/1661mm | 33.6s
[ 4700/5000] loss=0.0057 (t=0.0015 r=0.0138 beta=0.31) | val: 1.93deg/1634mm | 34.2s
[ 4800/5000] loss=0.0058 (t=0.0016 r=0.0138 beta=0.31) | val: 1.93deg/1664mm | 34.7s
[ 4900/5000] loss=0.0057 (t=0.0015 r=0.0138 beta=0.31) | val: 1.91deg/1673mm | 35.3s
[ 5000/5000] loss=0.0057 (t=0.0015 r=0.0139 beta=0.31) | val: 1.91deg/1661mm | 35.8s

Training done. Best epoch: 940, score: 1.4878

Loaded best model from epoch 940

======================================================================
EVALUATION RESULTS (Direct Regression)
======================================================================
Rotation  (median): 1.72deg
Translation (median): 1326mm

  R@5deg_1m: 33.5%  (rot_pass=92.3%, trans_pass=34.6%)
  R@10deg_2m: 67.6%  (rot_pass=99.5%, trans_pass=68.1%)
  R@15deg_5m: 93.4%  (rot_pass=100.0%, trans_pass=93.4%)
  R@25deg_5m: 93.4%  (rot_pass=100.0%, trans_pass=93.4%)

======================================================================
EVALUATION RESULTS (Retrieval Mode)
======================================================================
Retrieval median: 11.29deg / 2335mm
  R@5deg_1m: 2.2%  (rot=4.9%, trans=20.9%)
  R@10deg_2m: 19.8%  (rot=42.3%, trans=44.5%)
  R@15deg_5m: 57.7%  (rot=69.8%, trans=87.4%)
  R@25deg_5m: 83.0%  (rot=95.6%, trans=87.4%)
======================================================================

Done!
--- exp20_128d_seed13 done ---

=== exp20_128d_seed14 ===
======================================================================
Experiment: exp20_128d_seed14
Pool: spp, Features: both+sum
======================================================================
Random seed: 14
Using device: cuda:3

Loading data (fine=True, coarse=True, summary=True)...
  Loaded fine_geo: torch.Size([895, 128, 68, 120])
  Loaded coarse_sem: torch.Size([895, 128, 68, 120])
  Loaded summary: torch.Size([895, 2560])
  [train] 895 samples loaded
  Loaded fine_geo: torch.Size([182, 128, 68, 120])
  Loaded coarse_sem: torch.Size([182, 128, 68, 120])
  Loaded summary: torch.Size([182, 2560])
  [test] 182 samples loaded
Translation norm: mean=[13.19548    -0.64731836 23.103329  ], std=[10.827089    0.94348246  9.766839  ]
  Feature dim after pooling: 7936
Model parameters: 18,905,610

Pre-computing pooled features (OOM-safe mode)...
  Pre-computed pooled features: torch.Size([895, 7936]) (28.4 MB)
  Pre-computed pooled features: torch.Size([182, 7936]) (5.8 MB)
  GPU memory freed. Training with pre-pooled features (7936d)
Model parameters: 18,905,610
[    1/5000] loss=3.2427 (t=0.5465 r=2.6962 beta=1.00) | val: 43.32deg/41570mm | 0.6s
[  100/5000] loss=0.0652 (t=0.0222 r=0.0464 beta=0.93) | val: 2.32deg/1794mm | 4.1s
[  200/5000] loss=0.0394 (t=0.0115 r=0.0316 beta=0.88) | val: 2.01deg/1785mm | 6.0s
[  300/5000] loss=0.0303 (t=0.0070 r=0.0277 beta=0.84) | val: 1.73deg/1634mm | 6.6s
[  400/5000] loss=0.0254 (t=0.0057 r=0.0245 beta=0.81) | val: 1.73deg/1680mm | 7.1s
[  500/5000] loss=0.0210 (t=0.0041 r=0.0219 beta=0.77) | val: 1.69deg/1495mm | 7.7s
[  600/5000] loss=0.0201 (t=0.0039 r=0.0220 beta=0.74) | val: 1.68deg/1477mm | 8.6s
[  700/5000] loss=0.0179 (t=0.0036 r=0.0203 beta=0.71) | val: 1.65deg/1652mm | 9.5s
[  800/5000] loss=0.0171 (t=0.0032 r=0.0205 beta=0.68) | val: 1.71deg/1489mm | 10.0s
[  900/5000] loss=0.0152 (t=0.0029 r=0.0189 beta=0.65) | val: 1.71deg/1517mm | 10.5s
[ 1000/5000] loss=0.0145 (t=0.0028 r=0.0188 beta=0.63) | val: 1.76deg/1599mm | 11.1s
[ 1100/5000] loss=0.0137 (t=0.0028 r=0.0182 beta=0.60) | val: 1.67deg/1536mm | 11.7s
[ 1200/5000] loss=0.0129 (t=0.0026 r=0.0179 beta=0.58) | val: 1.69deg/1448mm | 12.3s
[ 1300/5000] loss=0.0122 (t=0.0026 r=0.0173 beta=0.56) | val: 1.73deg/1466mm | 12.9s
[ 1400/5000] loss=0.0116 (t=0.0023 r=0.0173 beta=0.54) | val: 1.69deg/1588mm | 13.5s
[ 1500/5000] loss=0.0114 (t=0.0024 r=0.0173 beta=0.52) | val: 1.80deg/1651mm | 14.1s
[ 1600/5000] loss=0.0105 (t=0.0021 r=0.0168 beta=0.50) | val: 1.77deg/1643mm | 14.7s
[ 1700/5000] loss=0.0104 (t=0.0022 r=0.0170 beta=0.48) | val: 1.86deg/1496mm | 15.2s
[ 1800/5000] loss=0.0098 (t=0.0022 r=0.0164 beta=0.47) | val: 1.86deg/1584mm | 15.8s
[ 1900/5000] loss=0.0092 (t=0.0019 r=0.0162 beta=0.45) | val: 1.83deg/1650mm | 16.4s
[ 2000/5000] loss=0.0090 (t=0.0020 r=0.0159 beta=0.44) | val: 1.93deg/1656mm | 17.0s
[ 2100/5000] loss=0.0085 (t=0.0018 r=0.0157 beta=0.43) | val: 1.88deg/1607mm | 17.6s
[ 2200/5000] loss=0.0085 (t=0.0018 r=0.0160 beta=0.42) | val: 1.78deg/1629mm | 18.2s
[ 2300/5000] loss=0.0081 (t=0.0019 r=0.0154 beta=0.41) | val: 1.92deg/1685mm | 18.7s
[ 2400/5000] loss=0.0082 (t=0.0019 r=0.0160 beta=0.40) | val: 1.91deg/1548mm | 19.3s
[ 2500/5000] loss=0.0077 (t=0.0018 r=0.0154 beta=0.39) | val: 1.80deg/1693mm | 19.9s
[ 2600/5000] loss=0.0075 (t=0.0017 r=0.0153 beta=0.38) | val: 1.96deg/1681mm | 20.4s
[ 2700/5000] loss=0.0074 (t=0.0017 r=0.0152 beta=0.37) | val: 1.80deg/1709mm | 21.0s
[ 2800/5000] loss=0.0074 (t=0.0018 r=0.0154 beta=0.36) | val: 1.88deg/1698mm | 21.5s
[ 2900/5000] loss=0.0071 (t=0.0018 r=0.0150 beta=0.35) | val: 1.86deg/1702mm | 22.0s
[ 3000/5000] loss=0.0068 (t=0.0017 r=0.0146 beta=0.35) | val: 1.99deg/1685mm | 22.6s
[ 3100/5000] loss=0.0067 (t=0.0017 r=0.0149 beta=0.34) | val: 2.05deg/1730mm | 23.1s
[ 3200/5000] loss=0.0067 (t=0.0017 r=0.0147 beta=0.34) | val: 1.89deg/1666mm | 23.7s
[ 3300/5000] loss=0.0065 (t=0.0016 r=0.0148 beta=0.33) | val: 1.99deg/1821mm | 24.2s
[ 3400/5000] loss=0.0064 (t=0.0016 r=0.0147 beta=0.33) | val: 2.01deg/1737mm | 24.8s
[ 3500/5000] loss=0.0063 (t=0.0016 r=0.0143 beta=0.32) | val: 1.90deg/1697mm | 25.3s
[ 3600/5000] loss=0.0063 (t=0.0016 r=0.0148 beta=0.32) | val: 2.01deg/1739mm | 25.9s
[ 3700/5000] loss=0.0063 (t=0.0016 r=0.0147 beta=0.32) | val: 1.95deg/1794mm | 26.4s
[ 3800/5000] loss=0.0062 (t=0.0015 r=0.0146 beta=0.31) | val: 1.99deg/1809mm | 27.0s
[ 3900/5000] loss=0.0061 (t=0.0016 r=0.0144 beta=0.31) | val: 1.95deg/1776mm | 27.5s
[ 4000/5000] loss=0.0060 (t=0.0015 r=0.0145 beta=0.31) | val: 1.92deg/1757mm | 28.1s
[ 4100/5000] loss=0.0059 (t=0.0016 r=0.0141 beta=0.31) | val: 1.97deg/1744mm | 28.7s
[ 4200/5000] loss=0.0058 (t=0.0015 r=0.0140 beta=0.31) | val: 1.94deg/1785mm | 29.2s
[ 4300/5000] loss=0.0057 (t=0.0015 r=0.0136 beta=0.31) | val: 1.96deg/1779mm | 29.8s
[ 4400/5000] loss=0.0059 (t=0.0015 r=0.0143 beta=0.31) | val: 1.91deg/1803mm | 30.3s
[ 4500/5000] loss=0.0059 (t=0.0015 r=0.0144 beta=0.30) | val: 1.92deg/1769mm | 30.9s
[ 4600/5000] loss=0.0057 (t=0.0015 r=0.0138 beta=0.30) | val: 1.96deg/1788mm | 31.4s
[ 4700/5000] loss=0.0058 (t=0.0015 r=0.0141 beta=0.30) | val: 1.95deg/1785mm | 32.0s
[ 4800/5000] loss=0.0056 (t=0.0015 r=0.0138 beta=0.30) | val: 1.95deg/1808mm | 32.6s
[ 4900/5000] loss=0.0058 (t=0.0014 r=0.0144 beta=0.30) | val: 1.99deg/1776mm | 33.2s
[ 5000/5000] loss=0.0056 (t=0.0015 r=0.0136 beta=0.30) | val: 1.99deg/1783mm | 33.7s

Training done. Best epoch: 690, score: 1.4763

Loaded best model from epoch 690

======================================================================
EVALUATION RESULTS (Direct Regression)
======================================================================
Rotation  (median): 1.60deg
Translation (median): 1337mm

  R@5deg_1m: 32.4%  (rot_pass=90.7%, trans_pass=33.5%)
  R@10deg_2m: 66.5%  (rot_pass=99.5%, trans_pass=67.0%)
  R@15deg_5m: 92.9%  (rot_pass=100.0%, trans_pass=92.9%)
  R@25deg_5m: 92.9%  (rot_pass=100.0%, trans_pass=92.9%)

======================================================================
EVALUATION RESULTS (Retrieval Mode)
======================================================================
Retrieval median: 11.56deg / 2238mm
  R@5deg_1m: 2.7%  (rot=6.0%, trans=19.8%)
  R@10deg_2m: 18.7%  (rot=42.9%, trans=43.4%)
  R@15deg_5m: 54.9%  (rot=69.2%, trans=85.7%)
  R@25deg_5m: 81.9%  (rot=96.2%, trans=85.7%)
======================================================================

Done!
--- exp20_128d_seed14 done ---

=== exp20_128d_seed15 ===
======================================================================
Experiment: exp20_128d_seed15
Pool: spp, Features: both+sum
======================================================================
Random seed: 15
Using device: cuda:3

Loading data (fine=True, coarse=True, summary=True)...
  Loaded fine_geo: torch.Size([895, 128, 68, 120])
  Loaded coarse_sem: torch.Size([895, 128, 68, 120])
  Loaded summary: torch.Size([895, 2560])
  [train] 895 samples loaded
  Loaded fine_geo: torch.Size([182, 128, 68, 120])
  Loaded coarse_sem: torch.Size([182, 128, 68, 120])
  Loaded summary: torch.Size([182, 2560])
  [test] 182 samples loaded
Translation norm: mean=[13.19548    -0.64731836 23.103329  ], std=[10.827089    0.94348246  9.766839  ]
  Feature dim after pooling: 7936
Model parameters: 18,905,610

Pre-computing pooled features (OOM-safe mode)...
  Pre-computed pooled features: torch.Size([895, 7936]) (28.4 MB)
  Pre-computed pooled features: torch.Size([182, 7936]) (5.8 MB)
  GPU memory freed. Training with pre-pooled features (7936d)
Model parameters: 18,905,610
[    1/5000] loss=2.6859 (t=0.5481 r=2.1378 beta=1.00) | val: 41.13deg/12516mm | 0.2s
[  100/5000] loss=0.0633 (t=0.0209 r=0.0459 beta=0.92) | val: 2.48deg/1609mm | 4.4s
[  200/5000] loss=0.0419 (t=0.0113 r=0.0347 beta=0.88) | val: 2.08deg/1698mm | 5.8s
[  300/5000] loss=0.0298 (t=0.0074 r=0.0266 beta=0.84) | val: 2.06deg/1450mm | 7.3s
[  400/5000] loss=0.0246 (t=0.0056 r=0.0236 beta=0.81) | val: 1.68deg/1365mm | 8.2s
[  500/5000] loss=0.0222 (t=0.0041 r=0.0234 beta=0.77) | val: 1.66deg/1425mm | 9.0s
[  600/5000] loss=0.0197 (t=0.0038 r=0.0214 beta=0.74) | val: 1.66deg/1450mm | 9.6s
[  700/5000] loss=0.0180 (t=0.0036 r=0.0203 beta=0.71) | val: 2.04deg/1510mm | 10.1s
[  800/5000] loss=0.0165 (t=0.0032 r=0.0194 beta=0.68) | val: 1.66deg/1321mm | 10.7s
[  900/5000] loss=0.0161 (t=0.0030 r=0.0199 beta=0.66) | val: 1.87deg/1523mm | 11.6s
[ 1000/5000] loss=0.0156 (t=0.0031 r=0.0199 beta=0.63) | val: 1.70deg/1666mm | 12.1s
[ 1100/5000] loss=0.0138 (t=0.0028 r=0.0181 beta=0.61) | val: 1.77deg/1540mm | 12.7s
[ 1200/5000] loss=0.0127 (t=0.0026 r=0.0174 beta=0.58) | val: 1.77deg/1619mm | 13.3s
[ 1300/5000] loss=0.0129 (t=0.0025 r=0.0184 beta=0.56) | val: 1.85deg/1645mm | 13.8s
[ 1400/5000] loss=0.0121 (t=0.0024 r=0.0177 beta=0.54) | val: 1.74deg/1478mm | 14.7s
[ 1500/5000] loss=0.0112 (t=0.0024 r=0.0167 beta=0.52) | val: 1.64deg/1434mm | 15.2s
[ 1600/5000] loss=0.0107 (t=0.0022 r=0.0168 beta=0.51) | val: 1.73deg/1630mm | 15.8s
[ 1700/5000] loss=0.0103 (t=0.0022 r=0.0166 beta=0.49) | val: 1.65deg/1681mm | 16.3s
[ 1800/5000] loss=0.0098 (t=0.0022 r=0.0161 beta=0.47) | val: 1.65deg/1624mm | 16.9s
[ 1900/5000] loss=0.0096 (t=0.0022 r=0.0161 beta=0.46) | val: 1.66deg/1555mm | 17.4s
[ 2000/5000] loss=0.0093 (t=0.0021 r=0.0162 beta=0.45) | val: 1.76deg/1715mm | 18.0s
[ 2100/5000] loss=0.0090 (t=0.0020 r=0.0161 beta=0.43) | val: 1.67deg/1529mm | 18.5s
[ 2200/5000] loss=0.0085 (t=0.0019 r=0.0155 beta=0.42) | val: 1.68deg/1599mm | 19.1s
[ 2300/5000] loss=0.0084 (t=0.0020 r=0.0154 beta=0.41) | val: 1.74deg/1699mm | 19.6s
[ 2400/5000] loss=0.0084 (t=0.0020 r=0.0160 beta=0.40) | val: 1.76deg/1567mm | 20.2s
[ 2500/5000] loss=0.0080 (t=0.0019 r=0.0154 beta=0.39) | val: 1.69deg/1500mm | 20.7s
[ 2600/5000] loss=0.0077 (t=0.0019 r=0.0152 beta=0.38) | val: 1.79deg/1669mm | 21.3s
[ 2700/5000] loss=0.0076 (t=0.0018 r=0.0154 beta=0.38) | val: 1.73deg/1674mm | 21.8s
[ 2800/5000] loss=0.0072 (t=0.0017 r=0.0147 beta=0.37) | val: 1.66deg/1673mm | 22.3s
[ 2900/5000] loss=0.0070 (t=0.0017 r=0.0148 beta=0.36) | val: 1.71deg/1615mm | 22.9s
[ 3000/5000] loss=0.0070 (t=0.0017 r=0.0149 beta=0.35) | val: 1.74deg/1653mm | 23.4s
[ 3100/5000] loss=0.0067 (t=0.0016 r=0.0146 beta=0.35) | val: 1.74deg/1786mm | 24.0s
[ 3200/5000] loss=0.0067 (t=0.0016 r=0.0148 beta=0.34) | val: 1.80deg/1746mm | 24.5s
[ 3300/5000] loss=0.0065 (t=0.0016 r=0.0145 beta=0.34) | val: 1.76deg/1675mm | 25.1s
[ 3400/5000] loss=0.0065 (t=0.0017 r=0.0146 beta=0.33) | val: 1.81deg/1683mm | 25.6s
[ 3500/5000] loss=0.0064 (t=0.0016 r=0.0146 beta=0.33) | val: 1.84deg/1697mm | 26.2s
[ 3600/5000] loss=0.0064 (t=0.0016 r=0.0147 beta=0.33) | val: 1.82deg/1744mm | 26.7s
[ 3700/5000] loss=0.0062 (t=0.0015 r=0.0143 beta=0.32) | val: 1.82deg/1672mm | 27.3s
[ 3800/5000] loss=0.0061 (t=0.0015 r=0.0145 beta=0.32) | val: 1.85deg/1637mm | 27.8s
[ 3900/5000] loss=0.0062 (t=0.0016 r=0.0142 beta=0.32) | val: 1.83deg/1723mm | 28.4s
[ 4000/5000] loss=0.0060 (t=0.0016 r=0.0140 beta=0.32) | val: 1.82deg/1722mm | 28.9s
[ 4100/5000] loss=0.0060 (t=0.0016 r=0.0142 beta=0.31) | val: 1.84deg/1722mm | 29.5s
[ 4200/5000] loss=0.0059 (t=0.0015 r=0.0141 beta=0.31) | val: 1.86deg/1683mm | 30.1s
[ 4300/5000] loss=0.0060 (t=0.0016 r=0.0141 beta=0.31) | val: 1.83deg/1663mm | 30.6s
[ 4400/5000] loss=0.0060 (t=0.0015 r=0.0143 beta=0.31) | val: 1.82deg/1711mm | 31.2s
[ 4500/5000] loss=0.0057 (t=0.0014 r=0.0139 beta=0.31) | val: 1.84deg/1704mm | 31.7s
[ 4600/5000] loss=0.0058 (t=0.0015 r=0.0141 beta=0.31) | val: 1.84deg/1705mm | 32.3s
[ 4700/5000] loss=0.0059 (t=0.0016 r=0.0139 beta=0.31) | val: 1.84deg/1673mm | 32.8s
[ 4800/5000] loss=0.0059 (t=0.0016 r=0.0139 beta=0.31) | val: 1.81deg/1640mm | 33.4s
[ 4900/5000] loss=0.0058 (t=0.0015 r=0.0139 beta=0.31) | val: 1.81deg/1660mm | 34.0s
[ 5000/5000] loss=0.0058 (t=0.0015 r=0.0141 beta=0.31) | val: 1.83deg/1661mm | 34.5s

Training done. Best epoch: 1320, score: 1.4807

Loaded best model from epoch 1320

======================================================================
EVALUATION RESULTS (Direct Regression)
======================================================================
Rotation  (median): 1.65deg
Translation (median): 1331mm

  R@5deg_1m: 34.1%  (rot_pass=91.8%, trans_pass=34.1%)
  R@10deg_2m: 67.6%  (rot_pass=98.9%, trans_pass=68.1%)
  R@15deg_5m: 91.8%  (rot_pass=100.0%, trans_pass=91.8%)
  R@25deg_5m: 91.8%  (rot_pass=100.0%, trans_pass=91.8%)

======================================================================
EVALUATION RESULTS (Retrieval Mode)
======================================================================
Retrieval median: 11.82deg / 2451mm
  R@5deg_1m: 2.2%  (rot=3.3%, trans=20.3%)
  R@10deg_2m: 19.2%  (rot=37.4%, trans=41.8%)
  R@15deg_5m: 54.4%  (rot=66.5%, trans=86.3%)
  R@25deg_5m: 82.4%  (rot=95.1%, trans=86.3%)
======================================================================

Done!
--- exp20_128d_seed15 done ---

=== exp20_128d_seed16 ===
======================================================================
Experiment: exp20_128d_seed16
Pool: spp, Features: both+sum
======================================================================
Random seed: 16
Using device: cuda:3

Loading data (fine=True, coarse=True, summary=True)...
  Loaded fine_geo: torch.Size([895, 128, 68, 120])
  Loaded coarse_sem: torch.Size([895, 128, 68, 120])
  Loaded summary: torch.Size([895, 2560])
  [train] 895 samples loaded
  Loaded fine_geo: torch.Size([182, 128, 68, 120])
  Loaded coarse_sem: torch.Size([182, 128, 68, 120])
  Loaded summary: torch.Size([182, 2560])
  [test] 182 samples loaded
Translation norm: mean=[13.19548    -0.64731836 23.103329  ], std=[10.827089    0.94348246  9.766839  ]
  Feature dim after pooling: 7936
Model parameters: 18,905,610

Pre-computing pooled features (OOM-safe mode)...
  Pre-computed pooled features: torch.Size([895, 7936]) (28.4 MB)
  Pre-computed pooled features: torch.Size([182, 7936]) (5.8 MB)
  GPU memory freed. Training with pre-pooled features (7936d)
Model parameters: 18,905,610
[    1/5000] loss=2.9456 (t=0.6537 r=2.2919 beta=1.00) | val: 31.90deg/21762mm | 0.2s
[  100/5000] loss=0.0620 (t=0.0211 r=0.0441 beta=0.93) | val: 2.29deg/1773mm | 4.7s
[  200/5000] loss=0.0416 (t=0.0123 r=0.0331 beta=0.88) | val: 2.01deg/1626mm | 6.5s
[  300/5000] loss=0.0311 (t=0.0076 r=0.0278 beta=0.84) | val: 1.69deg/1550mm | 7.8s
[  400/5000] loss=0.0250 (t=0.0052 r=0.0244 beta=0.81) | val: 1.68deg/1465mm | 8.7s
[  500/5000] loss=0.0213 (t=0.0044 r=0.0219 beta=0.78) | val: 1.67deg/1336mm | 9.7s
[  600/5000] loss=0.0197 (t=0.0038 r=0.0215 beta=0.74) | val: 1.60deg/1438mm | 10.7s
[  700/5000] loss=0.0187 (t=0.0036 r=0.0211 beta=0.71) | val: 1.63deg/1340mm | 11.2s
[  800/5000] loss=0.0168 (t=0.0033 r=0.0197 beta=0.68) | val: 1.77deg/1662mm | 12.1s
[  900/5000] loss=0.0157 (t=0.0033 r=0.0189 beta=0.66) | val: 1.72deg/1292mm | 12.7s
[ 1000/5000] loss=0.0143 (t=0.0029 r=0.0181 beta=0.63) | val: 1.77deg/1529mm | 13.6s
[ 1100/5000] loss=0.0136 (t=0.0025 r=0.0183 beta=0.61) | val: 1.77deg/1570mm | 14.1s
[ 1200/5000] loss=0.0131 (t=0.0026 r=0.0179 beta=0.59) | val: 1.62deg/1445mm | 14.7s
[ 1300/5000] loss=0.0129 (t=0.0026 r=0.0181 beta=0.56) | val: 1.65deg/1569mm | 15.3s
[ 1400/5000] loss=0.0122 (t=0.0026 r=0.0176 beta=0.54) | val: 1.78deg/1525mm | 15.9s
[ 1500/5000] loss=0.0108 (t=0.0022 r=0.0165 beta=0.53) | val: 1.73deg/1568mm | 16.4s
[ 1600/5000] loss=0.0104 (t=0.0022 r=0.0163 beta=0.51) | val: 1.54deg/1537mm | 17.0s
[ 1700/5000] loss=0.0103 (t=0.0021 r=0.0167 beta=0.49) | val: 1.67deg/1648mm | 17.5s
[ 1800/5000] loss=0.0101 (t=0.0021 r=0.0168 beta=0.48) | val: 1.70deg/1567mm | 18.1s
[ 1900/5000] loss=0.0097 (t=0.0020 r=0.0167 beta=0.46) | val: 1.78deg/1682mm | 18.6s
[ 2000/5000] loss=0.0091 (t=0.0020 r=0.0159 beta=0.45) | val: 1.72deg/1689mm | 19.2s
[ 2100/5000] loss=0.0087 (t=0.0019 r=0.0156 beta=0.44) | val: 1.75deg/1607mm | 19.7s
[ 2200/5000] loss=0.0084 (t=0.0018 r=0.0155 beta=0.42) | val: 1.78deg/1718mm | 20.2s
[ 2300/5000] loss=0.0084 (t=0.0020 r=0.0155 beta=0.41) | val: 1.72deg/1706mm | 20.8s
[ 2400/5000] loss=0.0081 (t=0.0018 r=0.0155 beta=0.40) | val: 1.78deg/1590mm | 21.3s
[ 2500/5000] loss=0.0077 (t=0.0018 r=0.0151 beta=0.39) | val: 1.73deg/1613mm | 21.9s
[ 2600/5000] loss=0.0076 (t=0.0019 r=0.0150 beta=0.38) | val: 1.83deg/1800mm | 22.5s
[ 2700/5000] loss=0.0075 (t=0.0018 r=0.0152 beta=0.38) | val: 1.89deg/1723mm | 23.0s
[ 2800/5000] loss=0.0071 (t=0.0017 r=0.0146 beta=0.37) | val: 1.85deg/1831mm | 23.6s
[ 2900/5000] loss=0.0072 (t=0.0017 r=0.0149 beta=0.36) | val: 1.88deg/1814mm | 24.1s
[ 3000/5000] loss=0.0071 (t=0.0018 r=0.0147 beta=0.36) | val: 1.94deg/1682mm | 24.7s
[ 3100/5000] loss=0.0068 (t=0.0017 r=0.0145 beta=0.35) | val: 1.81deg/1774mm | 25.3s
[ 3200/5000] loss=0.0066 (t=0.0017 r=0.0143 beta=0.34) | val: 1.82deg/1719mm | 25.9s
[ 3300/5000] loss=0.0065 (t=0.0016 r=0.0146 beta=0.34) | val: 1.86deg/1791mm | 26.5s
[ 3400/5000] loss=0.0066 (t=0.0017 r=0.0145 beta=0.33) | val: 1.85deg/1819mm | 27.0s
[ 3500/5000] loss=0.0062 (t=0.0015 r=0.0142 beta=0.33) | val: 1.90deg/1843mm | 27.6s
[ 3600/5000] loss=0.0062 (t=0.0016 r=0.0141 beta=0.33) | val: 1.88deg/1825mm | 28.1s
[ 3700/5000] loss=0.0063 (t=0.0017 r=0.0142 beta=0.32) | val: 1.87deg/1763mm | 28.7s
[ 3800/5000] loss=0.0060 (t=0.0015 r=0.0138 beta=0.32) | val: 1.82deg/1839mm | 29.2s
[ 3900/5000] loss=0.0061 (t=0.0015 r=0.0144 beta=0.32) | val: 1.93deg/1841mm | 29.8s
[ 4000/5000] loss=0.0061 (t=0.0015 r=0.0143 beta=0.32) | val: 1.86deg/1936mm | 30.3s
[ 4100/5000] loss=0.0059 (t=0.0015 r=0.0138 beta=0.32) | val: 1.94deg/1800mm | 30.9s
[ 4200/5000] loss=0.0061 (t=0.0016 r=0.0145 beta=0.31) | val: 1.91deg/1858mm | 31.4s
[ 4300/5000] loss=0.0059 (t=0.0015 r=0.0140 beta=0.31) | val: 1.88deg/1833mm | 32.0s
[ 4400/5000] loss=0.0058 (t=0.0014 r=0.0141 beta=0.31) | val: 1.92deg/1847mm | 32.5s
[ 4500/5000] loss=0.0061 (t=0.0017 r=0.0141 beta=0.31) | val: 1.92deg/1834mm | 33.1s
[ 4600/5000] loss=0.0058 (t=0.0015 r=0.0139 beta=0.31) | val: 1.88deg/1790mm | 33.6s
[ 4700/5000] loss=0.0058 (t=0.0015 r=0.0140 beta=0.31) | val: 1.84deg/1809mm | 34.2s
[ 4800/5000] loss=0.0056 (t=0.0014 r=0.0137 beta=0.31) | val: 1.89deg/1794mm | 34.7s
[ 4900/5000] loss=0.0057 (t=0.0014 r=0.0137 beta=0.31) | val: 1.89deg/1831mm | 35.2s
[ 5000/5000] loss=0.0059 (t=0.0015 r=0.0141 beta=0.31) | val: 1.89deg/1824mm | 35.8s

Training done. Best epoch: 900, score: 1.4641

Loaded best model from epoch 900

======================================================================
EVALUATION RESULTS (Direct Regression)
======================================================================
Rotation  (median): 1.73deg
Translation (median): 1292mm

  R@5deg_1m: 34.1%  (rot_pass=91.8%, trans_pass=35.2%)
  R@10deg_2m: 67.6%  (rot_pass=99.5%, trans_pass=67.6%)
  R@15deg_5m: 94.0%  (rot_pass=100.0%, trans_pass=94.0%)
  R@25deg_5m: 94.0%  (rot_pass=100.0%, trans_pass=94.0%)

======================================================================
EVALUATION RESULTS (Retrieval Mode)
======================================================================
Retrieval median: 11.16deg / 2280mm
  R@5deg_1m: 1.6%  (rot=3.8%, trans=20.3%)
  R@10deg_2m: 21.4%  (rot=44.0%, trans=45.1%)
  R@15deg_5m: 57.7%  (rot=71.4%, trans=85.2%)
  R@25deg_5m: 80.8%  (rot=95.1%, trans=85.2%)
======================================================================

Done!
--- exp20_128d_seed16 done ---

=== exp20_128d_seed17 ===
======================================================================
Experiment: exp20_128d_seed17
Pool: spp, Features: both+sum
======================================================================
Random seed: 17
Using device: cuda:3

Loading data (fine=True, coarse=True, summary=True)...
  Loaded fine_geo: torch.Size([895, 128, 68, 120])
  Loaded coarse_sem: torch.Size([895, 128, 68, 120])
  Loaded summary: torch.Size([895, 2560])
  [train] 895 samples loaded
  Loaded fine_geo: torch.Size([182, 128, 68, 120])
  Loaded coarse_sem: torch.Size([182, 128, 68, 120])
  Loaded summary: torch.Size([182, 2560])
  [test] 182 samples loaded
Translation norm: mean=[13.19548    -0.64731836 23.103329  ], std=[10.827089    0.94348246  9.766839  ]
  Feature dim after pooling: 7936
Model parameters: 18,905,610

Pre-computing pooled features (OOM-safe mode)...
  Pre-computed pooled features: torch.Size([895, 7936]) (28.4 MB)
  Pre-computed pooled features: torch.Size([182, 7936]) (5.8 MB)
  GPU memory freed. Training with pre-pooled features (7936d)
Model parameters: 18,905,610
[    1/5000] loss=2.8734 (t=0.5915 r=2.2820 beta=1.00) | val: 55.46deg/19953mm | 0.2s
[  100/5000] loss=0.0623 (t=0.0217 r=0.0440 beta=0.92) | val: 2.26deg/1675mm | 3.6s
[  200/5000] loss=0.0394 (t=0.0115 r=0.0319 beta=0.88) | val: 1.84deg/1675mm | 6.0s
[  300/5000] loss=0.0308 (t=0.0071 r=0.0285 beta=0.84) | val: 1.76deg/1494mm | 6.6s
[  400/5000] loss=0.0250 (t=0.0053 r=0.0247 beta=0.80) | val: 1.92deg/1865mm | 7.1s
[  500/5000] loss=0.0222 (t=0.0047 r=0.0231 beta=0.76) | val: 1.76deg/1622mm | 7.7s
[  600/5000] loss=0.0192 (t=0.0037 r=0.0211 beta=0.73) | val: 1.62deg/1609mm | 8.2s
[  700/5000] loss=0.0180 (t=0.0037 r=0.0204 beta=0.70) | val: 1.81deg/1670mm | 8.8s
[  800/5000] loss=0.0161 (t=0.0033 r=0.0192 beta=0.67) | val: 1.66deg/1561mm | 9.3s
[  900/5000] loss=0.0151 (t=0.0030 r=0.0188 beta=0.64) | val: 1.76deg/1501mm | 9.9s
[ 1000/5000] loss=0.0147 (t=0.0029 r=0.0191 beta=0.62) | val: 1.97deg/1575mm | 10.8s
[ 1100/5000] loss=0.0136 (t=0.0029 r=0.0180 beta=0.59) | val: 1.74deg/1491mm | 11.3s
[ 1200/5000] loss=0.0130 (t=0.0026 r=0.0183 beta=0.57) | val: 1.67deg/1661mm | 11.9s
[ 1300/5000] loss=0.0116 (t=0.0024 r=0.0168 beta=0.55) | val: 1.73deg/1628mm | 12.4s
[ 1400/5000] loss=0.0113 (t=0.0022 r=0.0171 beta=0.53) | val: 1.70deg/1601mm | 12.9s
[ 1500/5000] loss=0.0112 (t=0.0022 r=0.0176 beta=0.51) | val: 1.75deg/1727mm | 13.5s
[ 1600/5000] loss=0.0107 (t=0.0025 r=0.0167 beta=0.49) | val: 1.69deg/1628mm | 14.1s
[ 1700/5000] loss=0.0100 (t=0.0021 r=0.0165 beta=0.48) | val: 1.75deg/1575mm | 14.6s
[ 1800/5000] loss=0.0098 (t=0.0021 r=0.0166 beta=0.46) | val: 1.69deg/1698mm | 15.2s
[ 1900/5000] loss=0.0093 (t=0.0020 r=0.0164 beta=0.45) | val: 1.67deg/1555mm | 15.7s
[ 2000/5000] loss=0.0087 (t=0.0019 r=0.0159 beta=0.43) | val: 1.85deg/1646mm | 16.3s
[ 2100/5000] loss=0.0087 (t=0.0019 r=0.0160 beta=0.42) | val: 1.84deg/1537mm | 16.8s
[ 2200/5000] loss=0.0082 (t=0.0021 r=0.0150 beta=0.41) | val: 1.73deg/1637mm | 17.4s
[ 2300/5000] loss=0.0082 (t=0.0019 r=0.0157 beta=0.40) | val: 1.70deg/1694mm | 17.9s
[ 2400/5000] loss=0.0078 (t=0.0018 r=0.0154 beta=0.39) | val: 1.70deg/1762mm | 18.5s
[ 2500/5000] loss=0.0076 (t=0.0017 r=0.0156 beta=0.38) | val: 1.71deg/1777mm | 19.0s
[ 2600/5000] loss=0.0074 (t=0.0018 r=0.0151 beta=0.37) | val: 1.79deg/1688mm | 19.6s
[ 2700/5000] loss=0.0073 (t=0.0017 r=0.0155 beta=0.36) | val: 1.77deg/1746mm | 20.1s
[ 2800/5000] loss=0.0072 (t=0.0017 r=0.0156 beta=0.35) | val: 1.88deg/1819mm | 20.6s
[ 2900/5000] loss=0.0070 (t=0.0017 r=0.0152 beta=0.35) | val: 1.81deg/1733mm | 21.2s
[ 3000/5000] loss=0.0066 (t=0.0017 r=0.0145 beta=0.34) | val: 1.84deg/1789mm | 21.8s
[ 3100/5000] loss=0.0069 (t=0.0017 r=0.0153 beta=0.34) | val: 1.78deg/1769mm | 22.3s
[ 3200/5000] loss=0.0066 (t=0.0017 r=0.0147 beta=0.33) | val: 1.75deg/1786mm | 22.9s
[ 3300/5000] loss=0.0066 (t=0.0017 r=0.0149 beta=0.33) | val: 1.87deg/1801mm | 23.4s
[ 3400/5000] loss=0.0064 (t=0.0016 r=0.0149 beta=0.32) | val: 1.77deg/1762mm | 24.0s
[ 3500/5000] loss=0.0061 (t=0.0015 r=0.0143 beta=0.32) | val: 1.79deg/1741mm | 24.7s
[ 3600/5000] loss=0.0062 (t=0.0016 r=0.0146 beta=0.31) | val: 1.85deg/1769mm | 25.2s
[ 3700/5000] loss=0.0061 (t=0.0016 r=0.0145 beta=0.31) | val: 1.81deg/1747mm | 25.8s
[ 3800/5000] loss=0.0061 (t=0.0016 r=0.0144 beta=0.31) | val: 1.83deg/1774mm | 26.3s
[ 3900/5000] loss=0.0057 (t=0.0014 r=0.0142 beta=0.31) | val: 1.91deg/1807mm | 26.9s
[ 4000/5000] loss=0.0060 (t=0.0016 r=0.0145 beta=0.30) | val: 1.88deg/1852mm | 27.5s
[ 4100/5000] loss=0.0058 (t=0.0015 r=0.0140 beta=0.30) | val: 1.86deg/1847mm | 28.0s
[ 4200/5000] loss=0.0058 (t=0.0016 r=0.0138 beta=0.30) | val: 1.82deg/1775mm | 28.6s
[ 4300/5000] loss=0.0058 (t=0.0016 r=0.0140 beta=0.30) | val: 1.83deg/1803mm | 29.1s
[ 4400/5000] loss=0.0058 (t=0.0015 r=0.0144 beta=0.30) | val: 1.84deg/1783mm | 29.7s
[ 4500/5000] loss=0.0058 (t=0.0015 r=0.0143 beta=0.30) | val: 1.89deg/1824mm | 30.2s
[ 4600/5000] loss=0.0058 (t=0.0015 r=0.0145 beta=0.30) | val: 1.85deg/1834mm | 30.8s
[ 4700/5000] loss=0.0055 (t=0.0014 r=0.0138 beta=0.30) | val: 1.86deg/1817mm | 31.4s
[ 4800/5000] loss=0.0057 (t=0.0015 r=0.0141 beta=0.30) | val: 1.85deg/1823mm | 31.9s
[ 4900/5000] loss=0.0056 (t=0.0014 r=0.0142 beta=0.30) | val: 1.86deg/1822mm | 32.5s
[ 5000/5000] loss=0.0056 (t=0.0014 r=0.0139 beta=0.30) | val: 1.84deg/1815mm | 33.0s

Training done. Best epoch: 980, score: 1.5341

Loaded best model from epoch 980

======================================================================
EVALUATION RESULTS (Direct Regression)
======================================================================
Rotation  (median): 1.63deg
Translation (median): 1394mm

  R@5deg_1m: 32.4%  (rot_pass=91.8%, trans_pass=33.0%)
  R@10deg_2m: 65.4%  (rot_pass=99.5%, trans_pass=65.9%)
  R@15deg_5m: 91.8%  (rot_pass=100.0%, trans_pass=91.8%)
  R@25deg_5m: 91.8%  (rot_pass=100.0%, trans_pass=91.8%)

======================================================================
EVALUATION RESULTS (Retrieval Mode)
======================================================================
Retrieval median: 11.82deg / 2370mm
  R@5deg_1m: 2.2%  (rot=4.9%, trans=19.8%)
  R@10deg_2m: 19.2%  (rot=41.2%, trans=43.4%)
  R@15deg_5m: 56.6%  (rot=70.3%, trans=85.7%)
  R@25deg_5m: 82.4%  (rot=96.2%, trans=85.7%)
======================================================================

Done!
--- exp20_128d_seed17 done ---

=== exp20_128d_seed18 ===
======================================================================
Experiment: exp20_128d_seed18
Pool: spp, Features: both+sum
======================================================================
Random seed: 18
Using device: cuda:3

Loading data (fine=True, coarse=True, summary=True)...
  Loaded fine_geo: torch.Size([895, 128, 68, 120])
  Loaded coarse_sem: torch.Size([895, 128, 68, 120])
  Loaded summary: torch.Size([895, 2560])
  [train] 895 samples loaded
  Loaded fine_geo: torch.Size([182, 128, 68, 120])
  Loaded coarse_sem: torch.Size([182, 128, 68, 120])
  Loaded summary: torch.Size([182, 2560])
  [test] 182 samples loaded
Translation norm: mean=[13.19548    -0.64731836 23.103329  ], std=[10.827089    0.94348246  9.766839  ]
  Feature dim after pooling: 7936
Model parameters: 18,905,610

Pre-computing pooled features (OOM-safe mode)...
  Pre-computed pooled features: torch.Size([895, 7936]) (28.4 MB)
  Pre-computed pooled features: torch.Size([182, 7936]) (5.8 MB)
  GPU memory freed. Training with pre-pooled features (7936d)
Model parameters: 18,905,610
[    1/5000] loss=2.8684 (t=0.5131 r=2.3552 beta=1.00) | val: 37.64deg/25288mm | 0.2s
[  100/5000] loss=0.0640 (t=0.0219 r=0.0456 beta=0.92) | val: 2.06deg/1805mm | 4.4s
[  200/5000] loss=0.0405 (t=0.0127 r=0.0318 beta=0.88) | val: 2.02deg/1476mm | 6.9s
[  300/5000] loss=0.0293 (t=0.0069 r=0.0268 beta=0.84) | val: 1.92deg/1623mm | 7.4s
[  400/5000] loss=0.0255 (t=0.0054 r=0.0251 beta=0.80) | val: 1.83deg/1460mm | 8.4s
[  500/5000] loss=0.0230 (t=0.0045 r=0.0242 beta=0.76) | val: 1.73deg/1461mm | 9.3s
[  600/5000] loss=0.0193 (t=0.0042 r=0.0207 beta=0.73) | val: 1.68deg/1485mm | 10.9s
[  700/5000] loss=0.0181 (t=0.0034 r=0.0209 beta=0.70) | val: 1.65deg/1386mm | 11.5s
[  800/5000] loss=0.0175 (t=0.0035 r=0.0209 beta=0.67) | val: 1.75deg/1589mm | 12.0s
[  900/5000] loss=0.0159 (t=0.0031 r=0.0199 beta=0.64) | val: 1.89deg/1511mm | 12.6s
[ 1000/5000] loss=0.0151 (t=0.0031 r=0.0194 beta=0.62) | val: 1.77deg/1508mm | 13.1s
[ 1100/5000] loss=0.0137 (t=0.0028 r=0.0182 beta=0.60) | val: 1.74deg/1255mm | 13.6s
[ 1200/5000] loss=0.0125 (t=0.0024 r=0.0175 beta=0.57) | val: 1.65deg/1461mm | 14.5s
[ 1300/5000] loss=0.0123 (t=0.0024 r=0.0179 beta=0.55) | val: 1.78deg/1409mm | 15.1s
[ 1400/5000] loss=0.0115 (t=0.0023 r=0.0174 beta=0.53) | val: 1.77deg/1678mm | 15.6s
[ 1500/5000] loss=0.0112 (t=0.0025 r=0.0170 beta=0.51) | val: 1.76deg/1661mm | 16.2s
[ 1600/5000] loss=0.0103 (t=0.0022 r=0.0163 beta=0.50) | val: 1.73deg/1514mm | 16.8s
[ 1700/5000] loss=0.0106 (t=0.0023 r=0.0172 beta=0.48) | val: 1.87deg/1551mm | 17.3s
[ 1800/5000] loss=0.0099 (t=0.0021 r=0.0167 beta=0.46) | val: 1.87deg/1575mm | 17.9s
[ 1900/5000] loss=0.0094 (t=0.0021 r=0.0162 beta=0.45) | val: 1.79deg/1749mm | 18.4s
[ 2000/5000] loss=0.0092 (t=0.0022 r=0.0162 beta=0.44) | val: 2.00deg/1641mm | 18.9s
[ 2100/5000] loss=0.0088 (t=0.0020 r=0.0158 beta=0.42) | val: 1.79deg/1699mm | 19.5s
[ 2200/5000] loss=0.0087 (t=0.0021 r=0.0159 beta=0.41) | val: 1.80deg/1444mm | 20.1s
[ 2300/5000] loss=0.0081 (t=0.0019 r=0.0156 beta=0.40) | val: 1.78deg/1562mm | 20.7s
[ 2400/5000] loss=0.0078 (t=0.0019 r=0.0150 beta=0.39) | val: 1.92deg/1707mm | 21.3s
[ 2500/5000] loss=0.0075 (t=0.0018 r=0.0150 beta=0.38) | val: 1.82deg/1728mm | 21.9s
[ 2600/5000] loss=0.0078 (t=0.0018 r=0.0159 beta=0.37) | val: 1.81deg/1665mm | 22.4s
[ 2700/5000] loss=0.0073 (t=0.0018 r=0.0150 beta=0.37) | val: 1.96deg/1615mm | 23.0s
[ 2800/5000] loss=0.0071 (t=0.0017 r=0.0150 beta=0.36) | val: 1.94deg/1749mm | 23.5s
[ 2900/5000] loss=0.0072 (t=0.0018 r=0.0151 beta=0.35) | val: 1.84deg/1737mm | 24.0s
[ 3000/5000] loss=0.0069 (t=0.0017 r=0.0150 beta=0.35) | val: 1.95deg/1689mm | 24.6s
[ 3100/5000] loss=0.0067 (t=0.0016 r=0.0149 beta=0.34) | val: 1.93deg/1612mm | 25.1s
[ 3200/5000] loss=0.0068 (t=0.0017 r=0.0150 beta=0.33) | val: 1.95deg/1785mm | 25.7s
[ 3300/5000] loss=0.0066 (t=0.0017 r=0.0148 beta=0.33) | val: 1.91deg/1778mm | 26.2s
[ 3400/5000] loss=0.0066 (t=0.0017 r=0.0152 beta=0.33) | val: 1.91deg/1725mm | 26.8s
[ 3500/5000] loss=0.0064 (t=0.0017 r=0.0146 beta=0.32) | val: 1.98deg/1766mm | 27.3s
[ 3600/5000] loss=0.0062 (t=0.0016 r=0.0144 beta=0.32) | val: 1.89deg/1667mm | 27.9s
[ 3700/5000] loss=0.0060 (t=0.0015 r=0.0142 beta=0.31) | val: 1.93deg/1686mm | 28.5s
[ 3800/5000] loss=0.0061 (t=0.0016 r=0.0144 beta=0.31) | val: 1.86deg/1721mm | 29.0s
[ 3900/5000] loss=0.0061 (t=0.0016 r=0.0146 beta=0.31) | val: 1.93deg/1780mm | 29.6s
[ 4000/5000] loss=0.0059 (t=0.0015 r=0.0142 beta=0.31) | val: 1.98deg/1814mm | 30.1s
[ 4100/5000] loss=0.0058 (t=0.0015 r=0.0141 beta=0.31) | val: 1.91deg/1753mm | 30.7s
[ 4200/5000] loss=0.0059 (t=0.0015 r=0.0144 beta=0.30) | val: 1.93deg/1724mm | 31.2s
[ 4300/5000] loss=0.0058 (t=0.0015 r=0.0143 beta=0.30) | val: 1.95deg/1754mm | 31.7s
[ 4400/5000] loss=0.0057 (t=0.0015 r=0.0139 beta=0.30) | val: 1.88deg/1708mm | 32.3s
[ 4500/5000] loss=0.0058 (t=0.0015 r=0.0142 beta=0.30) | val: 1.96deg/1756mm | 32.8s
[ 4600/5000] loss=0.0058 (t=0.0016 r=0.0142 beta=0.30) | val: 1.96deg/1749mm | 33.4s
[ 4700/5000] loss=0.0057 (t=0.0015 r=0.0140 beta=0.30) | val: 1.93deg/1786mm | 33.9s
[ 4800/5000] loss=0.0056 (t=0.0014 r=0.0138 beta=0.30) | val: 1.92deg/1706mm | 34.5s
[ 4900/5000] loss=0.0058 (t=0.0016 r=0.0142 beta=0.30) | val: 1.93deg/1752mm | 35.0s
[ 5000/5000] loss=0.0058 (t=0.0015 r=0.0143 beta=0.30) | val: 1.95deg/1748mm | 35.6s

Training done. Best epoch: 1100, score: 1.4285

Loaded best model from epoch 1100

======================================================================
EVALUATION RESULTS (Direct Regression)
======================================================================
Rotation  (median): 1.74deg
Translation (median): 1301mm

  R@5deg_1m: 35.7%  (rot_pass=94.0%, trans_pass=36.3%)
  R@10deg_2m: 66.5%  (rot_pass=98.9%, trans_pass=67.0%)
  R@15deg_5m: 91.8%  (rot_pass=100.0%, trans_pass=91.8%)
  R@25deg_5m: 91.8%  (rot_pass=100.0%, trans_pass=91.8%)

======================================================================
EVALUATION RESULTS (Retrieval Mode)
======================================================================
Retrieval median: 12.04deg / 2382mm
  R@5deg_1m: 2.2%  (rot=3.3%, trans=19.2%)
  R@10deg_2m: 17.6%  (rot=38.5%, trans=43.4%)
  R@15deg_5m: 54.9%  (rot=66.5%, trans=86.8%)
  R@25deg_5m: 82.4%  (rot=94.5%, trans=86.8%)
======================================================================

Done!
--- exp20_128d_seed18 done ---

=== exp20_128d_seed19 ===
======================================================================
Experiment: exp20_128d_seed19
Pool: spp, Features: both+sum
======================================================================
Random seed: 19
Using device: cuda:3

Loading data (fine=True, coarse=True, summary=True)...
  Loaded fine_geo: torch.Size([895, 128, 68, 120])
  Loaded coarse_sem: torch.Size([895, 128, 68, 120])
  Loaded summary: torch.Size([895, 2560])
  [train] 895 samples loaded
  Loaded fine_geo: torch.Size([182, 128, 68, 120])
  Loaded coarse_sem: torch.Size([182, 128, 68, 120])
  Loaded summary: torch.Size([182, 2560])
  [test] 182 samples loaded
Translation norm: mean=[13.19548    -0.64731836 23.103329  ], std=[10.827089    0.94348246  9.766839  ]
  Feature dim after pooling: 7936
Model parameters: 18,905,610

Pre-computing pooled features (OOM-safe mode)...
  Pre-computed pooled features: torch.Size([895, 7936]) (28.4 MB)
  Pre-computed pooled features: torch.Size([182, 7936]) (5.8 MB)
  GPU memory freed. Training with pre-pooled features (7936d)
Model parameters: 18,905,610
[    1/5000] loss=2.4568 (t=0.5958 r=1.8610 beta=1.00) | val: 35.54deg/13835mm | 0.2s
[  100/5000] loss=0.0642 (t=0.0226 r=0.0449 beta=0.93) | val: 2.39deg/1830mm | 4.5s
[  200/5000] loss=0.0400 (t=0.0123 r=0.0313 beta=0.88) | val: 1.95deg/1554mm | 6.9s
[  300/5000] loss=0.0305 (t=0.0073 r=0.0275 beta=0.85) | val: 1.73deg/1513mm | 7.5s
[  400/5000] loss=0.0250 (t=0.0055 r=0.0240 beta=0.81) | val: 1.79deg/1410mm | 8.4s
[  500/5000] loss=0.0224 (t=0.0045 r=0.0231 beta=0.78) | val: 1.67deg/1547mm | 9.7s
[  600/5000] loss=0.0202 (t=0.0041 r=0.0216 beta=0.75) | val: 1.88deg/1525mm | 10.2s
[  700/5000] loss=0.0185 (t=0.0036 r=0.0207 beta=0.72) | val: 1.70deg/1510mm | 10.8s
[  800/5000] loss=0.0166 (t=0.0033 r=0.0192 beta=0.69) | val: 1.65deg/1453mm | 11.3s
[  900/5000] loss=0.0153 (t=0.0028 r=0.0188 beta=0.66) | val: 1.84deg/1562mm | 11.9s
[ 1000/5000] loss=0.0153 (t=0.0030 r=0.0192 beta=0.64) | val: 1.64deg/1452mm | 12.4s
[ 1100/5000] loss=0.0145 (t=0.0028 r=0.0190 beta=0.62) | val: 1.68deg/1450mm | 13.0s
[ 1200/5000] loss=0.0131 (t=0.0027 r=0.0175 beta=0.59) | val: 1.58deg/1502mm | 13.5s
[ 1300/5000] loss=0.0125 (t=0.0025 r=0.0175 beta=0.57) | val: 1.75deg/1540mm | 14.4s
[ 1400/5000] loss=0.0121 (t=0.0023 r=0.0178 beta=0.55) | val: 1.63deg/1380mm | 15.0s
[ 1500/5000] loss=0.0115 (t=0.0023 r=0.0173 beta=0.53) | val: 1.72deg/1566mm | 15.5s
[ 1600/5000] loss=0.0109 (t=0.0024 r=0.0164 beta=0.52) | val: 1.67deg/1521mm | 16.1s
[ 1700/5000] loss=0.0102 (t=0.0022 r=0.0161 beta=0.50) | val: 1.67deg/1536mm | 16.6s
[ 1800/5000] loss=0.0096 (t=0.0021 r=0.0157 beta=0.48) | val: 1.77deg/1524mm | 17.2s
[ 1900/5000] loss=0.0096 (t=0.0022 r=0.0158 beta=0.47) | val: 1.72deg/1611mm | 17.7s
[ 2000/5000] loss=0.0095 (t=0.0021 r=0.0163 beta=0.46) | val: 1.67deg/1559mm | 18.3s
[ 2100/5000] loss=0.0091 (t=0.0022 r=0.0158 beta=0.44) | val: 1.71deg/1616mm | 18.8s
[ 2200/5000] loss=0.0086 (t=0.0020 r=0.0153 beta=0.43) | val: 1.75deg/1594mm | 19.3s
[ 2300/5000] loss=0.0085 (t=0.0019 r=0.0155 beta=0.42) | val: 1.83deg/1715mm | 19.9s
[ 2400/5000] loss=0.0085 (t=0.0020 r=0.0160 beta=0.41) | val: 1.76deg/1582mm | 20.5s
[ 2500/5000] loss=0.0081 (t=0.0018 r=0.0156 beta=0.40) | val: 1.69deg/1576mm | 21.0s
[ 2600/5000] loss=0.0077 (t=0.0018 r=0.0150 beta=0.39) | val: 1.76deg/1512mm | 21.6s
[ 2700/5000] loss=0.0077 (t=0.0019 r=0.0149 beta=0.38) | val: 1.88deg/1595mm | 22.1s
[ 2800/5000] loss=0.0075 (t=0.0018 r=0.0152 beta=0.38) | val: 1.72deg/1663mm | 22.7s
[ 2900/5000] loss=0.0073 (t=0.0017 r=0.0150 beta=0.37) | val: 1.87deg/1626mm | 23.2s
[ 3000/5000] loss=0.0071 (t=0.0017 r=0.0148 beta=0.36) | val: 1.77deg/1518mm | 23.8s
[ 3100/5000] loss=0.0070 (t=0.0017 r=0.0148 beta=0.36) | val: 1.84deg/1773mm | 24.4s
[ 3200/5000] loss=0.0070 (t=0.0017 r=0.0151 beta=0.35) | val: 1.84deg/1607mm | 24.9s
[ 3300/5000] loss=0.0067 (t=0.0017 r=0.0145 beta=0.35) | val: 1.79deg/1637mm | 25.6s
[ 3400/5000] loss=0.0066 (t=0.0017 r=0.0144 beta=0.34) | val: 1.92deg/1744mm | 26.2s
[ 3500/5000] loss=0.0064 (t=0.0016 r=0.0142 beta=0.34) | val: 1.82deg/1786mm | 26.8s
[ 3600/5000] loss=0.0064 (t=0.0016 r=0.0142 beta=0.33) | val: 1.86deg/1740mm | 27.3s
[ 3700/5000] loss=0.0063 (t=0.0016 r=0.0141 beta=0.33) | val: 1.84deg/1604mm | 27.9s
[ 3800/5000] loss=0.0064 (t=0.0016 r=0.0145 beta=0.33) | val: 1.87deg/1654mm | 28.5s
[ 3900/5000] loss=0.0062 (t=0.0016 r=0.0142 beta=0.33) | val: 1.87deg/1657mm | 29.1s
[ 4000/5000] loss=0.0060 (t=0.0015 r=0.0140 beta=0.32) | val: 1.79deg/1711mm | 29.8s
[ 4100/5000] loss=0.0061 (t=0.0016 r=0.0141 beta=0.32) | val: 1.88deg/1666mm | 30.3s
[ 4200/5000] loss=0.0059 (t=0.0015 r=0.0137 beta=0.32) | val: 1.87deg/1751mm | 30.9s
[ 4300/5000] loss=0.0060 (t=0.0015 r=0.0141 beta=0.32) | val: 1.85deg/1716mm | 31.5s
[ 4400/5000] loss=0.0060 (t=0.0016 r=0.0140 beta=0.32) | val: 1.87deg/1732mm | 32.0s
[ 4500/5000] loss=0.0059 (t=0.0015 r=0.0138 beta=0.32) | val: 1.88deg/1694mm | 32.6s
[ 4600/5000] loss=0.0060 (t=0.0016 r=0.0141 beta=0.32) | val: 1.85deg/1676mm | 33.2s
[ 4700/5000] loss=0.0057 (t=0.0014 r=0.0137 beta=0.32) | val: 1.89deg/1676mm | 33.8s
[ 4800/5000] loss=0.0060 (t=0.0015 r=0.0141 beta=0.32) | val: 1.86deg/1674mm | 34.3s
[ 4900/5000] loss=0.0058 (t=0.0015 r=0.0136 beta=0.32) | val: 1.86deg/1688mm | 34.9s
[ 5000/5000] loss=0.0061 (t=0.0016 r=0.0142 beta=0.32) | val: 1.85deg/1696mm | 35.5s

Training done. Best epoch: 1280, score: 1.5174

Loaded best model from epoch 1280

======================================================================
EVALUATION RESULTS (Direct Regression)
======================================================================
Rotation  (median): 1.60deg
Translation (median): 1369mm

  R@5deg_1m: 30.2%  (rot_pass=94.0%, trans_pass=31.3%)
  R@10deg_2m: 65.4%  (rot_pass=99.5%, trans_pass=65.9%)
  R@15deg_5m: 91.8%  (rot_pass=100.0%, trans_pass=91.8%)
  R@25deg_5m: 91.8%  (rot_pass=100.0%, trans_pass=91.8%)

======================================================================
EVALUATION RESULTS (Retrieval Mode)
======================================================================
Retrieval median: 11.84deg / 2363mm
  R@5deg_1m: 2.2%  (rot=4.4%, trans=21.4%)
  R@10deg_2m: 18.7%  (rot=42.3%, trans=43.4%)
  R@15deg_5m: 54.9%  (rot=68.1%, trans=85.7%)
  R@25deg_5m: 80.8%  (rot=95.1%, trans=85.7%)
======================================================================

Done!
--- exp20_128d_seed19 done ---

=== exp20_128d_seed20 ===
======================================================================
Experiment: exp20_128d_seed20
Pool: spp, Features: both+sum
======================================================================
Random seed: 20
Using device: cuda:3

Loading data (fine=True, coarse=True, summary=True)...
  Loaded fine_geo: torch.Size([895, 128, 68, 120])
  Loaded coarse_sem: torch.Size([895, 128, 68, 120])
  Loaded summary: torch.Size([895, 2560])
  [train] 895 samples loaded
  Loaded fine_geo: torch.Size([182, 128, 68, 120])
  Loaded coarse_sem: torch.Size([182, 128, 68, 120])
  Loaded summary: torch.Size([182, 2560])
  [test] 182 samples loaded
Translation norm: mean=[13.19548    -0.64731836 23.103329  ], std=[10.827089    0.94348246  9.766839  ]
  Feature dim after pooling: 7936
Model parameters: 18,905,610

Pre-computing pooled features (OOM-safe mode)...
  Pre-computed pooled features: torch.Size([895, 7936]) (28.4 MB)
  Pre-computed pooled features: torch.Size([182, 7936]) (5.8 MB)
  GPU memory freed. Training with pre-pooled features (7936d)
Model parameters: 18,905,610
[    1/5000] loss=2.8066 (t=0.5276 r=2.2789 beta=1.00) | val: 40.48deg/17776mm | 0.2s
[  100/5000] loss=0.0629 (t=0.0210 r=0.0454 beta=0.92) | val: 2.16deg/1650mm | 4.2s
[  200/5000] loss=0.0399 (t=0.0118 r=0.0321 beta=0.88) | val: 1.97deg/1599mm | 5.8s
[  300/5000] loss=0.0298 (t=0.0073 r=0.0269 beta=0.83) | val: 1.67deg/1557mm | 6.3s
[  400/5000] loss=0.0251 (t=0.0053 r=0.0249 beta=0.80) | val: 1.55deg/1479mm | 6.9s
[  500/5000] loss=0.0223 (t=0.0048 r=0.0231 beta=0.76) | val: 1.83deg/1540mm | 7.5s
[  600/5000] loss=0.0192 (t=0.0038 r=0.0211 beta=0.73) | val: 1.78deg/1415mm | 8.7s
[  700/5000] loss=0.0182 (t=0.0036 r=0.0210 beta=0.70) | val: 1.83deg/1503mm | 9.3s
[  800/5000] loss=0.0175 (t=0.0033 r=0.0211 beta=0.67) | val: 1.65deg/1396mm | 9.8s
[  900/5000] loss=0.0149 (t=0.0030 r=0.0187 beta=0.64) | val: 1.62deg/1419mm | 10.3s
[ 1000/5000] loss=0.0144 (t=0.0028 r=0.0188 beta=0.62) | val: 1.67deg/1453mm | 10.9s
[ 1100/5000] loss=0.0137 (t=0.0027 r=0.0185 beta=0.59) | val: 1.74deg/1494mm | 11.4s
[ 1200/5000] loss=0.0128 (t=0.0024 r=0.0184 beta=0.57) | val: 1.79deg/1706mm | 12.3s
[ 1300/5000] loss=0.0125 (t=0.0025 r=0.0183 beta=0.55) | val: 1.68deg/1651mm | 12.9s
[ 1400/5000] loss=0.0122 (t=0.0025 r=0.0182 beta=0.53) | val: 1.84deg/1629mm | 13.4s
[ 1500/5000] loss=0.0110 (t=0.0022 r=0.0172 beta=0.51) | val: 1.84deg/1624mm | 14.3s
[ 1600/5000] loss=0.0109 (t=0.0022 r=0.0178 beta=0.49) | val: 1.74deg/1614mm | 14.9s
[ 1700/5000] loss=0.0104 (t=0.0023 r=0.0169 beta=0.48) | val: 2.04deg/1474mm | 15.4s
[ 1800/5000] loss=0.0098 (t=0.0021 r=0.0166 beta=0.46) | val: 1.81deg/1679mm | 16.0s
[ 1900/5000] loss=0.0093 (t=0.0020 r=0.0164 beta=0.45) | val: 1.92deg/1642mm | 16.5s
[ 2000/5000] loss=0.0089 (t=0.0019 r=0.0162 beta=0.43) | val: 1.83deg/1590mm | 17.1s
[ 2100/5000] loss=0.0088 (t=0.0020 r=0.0163 beta=0.42) | val: 1.89deg/1692mm | 17.6s
[ 2200/5000] loss=0.0084 (t=0.0020 r=0.0156 beta=0.41) | val: 1.83deg/1679mm | 18.2s
[ 2300/5000] loss=0.0085 (t=0.0019 r=0.0164 beta=0.40) | val: 2.03deg/1647mm | 18.7s
[ 2400/5000] loss=0.0079 (t=0.0019 r=0.0154 beta=0.39) | val: 2.00deg/1697mm | 19.3s
[ 2500/5000] loss=0.0078 (t=0.0018 r=0.0157 beta=0.38) | val: 1.95deg/1603mm | 19.9s
[ 2600/5000] loss=0.0075 (t=0.0017 r=0.0155 beta=0.37) | val: 1.79deg/1632mm | 20.5s
[ 2700/5000] loss=0.0075 (t=0.0018 r=0.0157 beta=0.36) | val: 1.91deg/1828mm | 21.0s
[ 2800/5000] loss=0.0071 (t=0.0018 r=0.0151 beta=0.36) | val: 1.83deg/1729mm | 21.6s
[ 2900/5000] loss=0.0069 (t=0.0017 r=0.0150 beta=0.35) | val: 1.96deg/1728mm | 22.2s
[ 3000/5000] loss=0.0069 (t=0.0017 r=0.0150 beta=0.34) | val: 1.96deg/1689mm | 22.8s
[ 3100/5000] loss=0.0064 (t=0.0016 r=0.0142 beta=0.34) | val: 2.06deg/1665mm | 23.4s
[ 3200/5000] loss=0.0066 (t=0.0016 r=0.0149 beta=0.33) | val: 1.93deg/1707mm | 24.0s
[ 3300/5000] loss=0.0066 (t=0.0017 r=0.0149 beta=0.33) | val: 1.98deg/1705mm | 24.6s
[ 3400/5000] loss=0.0065 (t=0.0017 r=0.0148 beta=0.32) | val: 1.93deg/1671mm | 25.2s
[ 3500/5000] loss=0.0064 (t=0.0016 r=0.0151 beta=0.32) | val: 1.94deg/1763mm | 25.7s
[ 3600/5000] loss=0.0063 (t=0.0016 r=0.0150 beta=0.32) | val: 1.97deg/1825mm | 26.2s
[ 3700/5000] loss=0.0060 (t=0.0016 r=0.0142 beta=0.31) | val: 1.99deg/1728mm | 26.8s
[ 3800/5000] loss=0.0061 (t=0.0016 r=0.0145 beta=0.31) | val: 1.87deg/1736mm | 27.5s
[ 3900/5000] loss=0.0061 (t=0.0016 r=0.0146 beta=0.31) | val: 1.93deg/1745mm | 28.1s
[ 4000/5000] loss=0.0059 (t=0.0015 r=0.0144 beta=0.31) | val: 1.99deg/1737mm | 28.7s
[ 4100/5000] loss=0.0059 (t=0.0015 r=0.0144 beta=0.30) | val: 1.93deg/1720mm | 29.3s
[ 4200/5000] loss=0.0059 (t=0.0016 r=0.0144 beta=0.30) | val: 1.98deg/1746mm | 29.9s
[ 4300/5000] loss=0.0059 (t=0.0016 r=0.0145 beta=0.30) | val: 1.99deg/1780mm | 30.5s
[ 4400/5000] loss=0.0059 (t=0.0016 r=0.0145 beta=0.30) | val: 1.98deg/1777mm | 31.0s
[ 4500/5000] loss=0.0058 (t=0.0015 r=0.0142 beta=0.30) | val: 1.98deg/1785mm | 31.6s
[ 4600/5000] loss=0.0059 (t=0.0016 r=0.0144 beta=0.30) | val: 1.98deg/1783mm | 32.1s
[ 4700/5000] loss=0.0056 (t=0.0015 r=0.0138 beta=0.30) | val: 1.93deg/1814mm | 32.7s
[ 4800/5000] loss=0.0056 (t=0.0015 r=0.0139 beta=0.30) | val: 1.93deg/1780mm | 33.2s
[ 4900/5000] loss=0.0057 (t=0.0015 r=0.0142 beta=0.30) | val: 1.92deg/1792mm | 33.8s
[ 5000/5000] loss=0.0056 (t=0.0015 r=0.0137 beta=0.30) | val: 1.91deg/1785mm | 34.3s

Training done. Best epoch: 1440, score: 1.5096

Loaded best model from epoch 1440

======================================================================
EVALUATION RESULTS (Direct Regression)
======================================================================
Rotation  (median): 1.80deg
Translation (median): 1369mm

  R@5deg_1m: 35.7%  (rot_pass=92.3%, trans_pass=35.7%)
  R@10deg_2m: 67.0%  (rot_pass=98.9%, trans_pass=67.6%)
  R@15deg_5m: 93.4%  (rot_pass=100.0%, trans_pass=93.4%)
  R@25deg_5m: 93.4%  (rot_pass=100.0%, trans_pass=93.4%)

======================================================================
EVALUATION RESULTS (Retrieval Mode)
======================================================================
Retrieval median: 11.50deg / 2382mm
  R@5deg_1m: 2.7%  (rot=4.9%, trans=19.8%)
  R@10deg_2m: 20.3%  (rot=41.2%, trans=44.5%)
  R@15deg_5m: 55.5%  (rot=68.1%, trans=86.8%)
  R@25deg_5m: 83.5%  (rot=96.2%, trans=86.8%)
======================================================================

Done!
--- exp20_128d_seed20 done ---

=== exp20_128d_seed21 ===
======================================================================
Experiment: exp20_128d_seed21
Pool: spp, Features: both+sum
======================================================================
Random seed: 21
Using device: cuda:3

Loading data (fine=True, coarse=True, summary=True)...
  Loaded fine_geo: torch.Size([895, 128, 68, 120])
  Loaded coarse_sem: torch.Size([895, 128, 68, 120])
  Loaded summary: torch.Size([895, 2560])
  [train] 895 samples loaded
  Loaded fine_geo: torch.Size([182, 128, 68, 120])
  Loaded coarse_sem: torch.Size([182, 128, 68, 120])
  Loaded summary: torch.Size([182, 2560])
  [test] 182 samples loaded
Translation norm: mean=[13.19548    -0.64731836 23.103329  ], std=[10.827089    0.94348246  9.766839  ]
  Feature dim after pooling: 7936
Model parameters: 18,905,610

Pre-computing pooled features (OOM-safe mode)...
  Pre-computed pooled features: torch.Size([895, 7936]) (28.4 MB)
  Pre-computed pooled features: torch.Size([182, 7936]) (5.8 MB)
  GPU memory freed. Training with pre-pooled features (7936d)
Model parameters: 18,905,610
[    1/5000] loss=2.9536 (t=0.6665 r=2.2871 beta=1.00) | val: 24.21deg/14411mm | 0.7s
[  100/5000] loss=0.0642 (t=0.0235 r=0.0441 beta=0.92) | val: 2.56deg/1864mm | 4.4s
[  200/5000] loss=0.0395 (t=0.0120 r=0.0313 beta=0.88) | val: 2.06deg/1587mm | 5.4s
[  300/5000] loss=0.0316 (t=0.0072 r=0.0291 beta=0.84) | val: 1.69deg/1681mm | 6.7s
[  400/5000] loss=0.0261 (t=0.0055 r=0.0257 beta=0.80) | val: 1.81deg/1598mm | 7.2s
[  500/5000] loss=0.0220 (t=0.0044 r=0.0229 beta=0.77) | val: 1.72deg/1549mm | 8.1s
[  600/5000] loss=0.0195 (t=0.0036 r=0.0217 beta=0.73) | val: 1.60deg/1472mm | 8.7s
[  700/5000] loss=0.0170 (t=0.0034 r=0.0194 beta=0.70) | val: 1.87deg/1650mm | 9.2s
[  800/5000] loss=0.0170 (t=0.0034 r=0.0202 beta=0.67) | val: 1.81deg/1450mm | 9.8s
[  900/5000] loss=0.0156 (t=0.0030 r=0.0195 beta=0.65) | val: 1.81deg/1478mm | 10.3s
[ 1000/5000] loss=0.0144 (t=0.0028 r=0.0186 beta=0.62) | val: 1.80deg/1543mm | 10.9s
[ 1100/5000] loss=0.0137 (t=0.0026 r=0.0186 beta=0.60) | val: 1.78deg/1587mm | 11.4s
[ 1200/5000] loss=0.0126 (t=0.0026 r=0.0175 beta=0.57) | val: 1.91deg/1624mm | 12.0s
[ 1300/5000] loss=0.0122 (t=0.0024 r=0.0177 beta=0.55) | val: 1.83deg/1543mm | 12.5s
[ 1400/5000] loss=0.0120 (t=0.0025 r=0.0179 beta=0.53) | val: 1.61deg/1596mm | 13.1s
[ 1500/5000] loss=0.0114 (t=0.0023 r=0.0176 beta=0.51) | val: 1.77deg/1388mm | 13.6s
[ 1600/5000] loss=0.0105 (t=0.0022 r=0.0167 beta=0.50) | val: 1.75deg/1692mm | 14.1s
[ 1700/5000] loss=0.0100 (t=0.0022 r=0.0164 beta=0.48) | val: 1.86deg/1539mm | 14.7s
[ 1800/5000] loss=0.0095 (t=0.0020 r=0.0163 beta=0.46) | val: 1.89deg/1652mm | 15.2s
[ 1900/5000] loss=0.0091 (t=0.0020 r=0.0157 beta=0.45) | val: 1.83deg/1519mm | 15.8s
[ 2000/5000] loss=0.0090 (t=0.0020 r=0.0162 beta=0.44) | val: 1.72deg/1550mm | 16.4s
[ 2100/5000] loss=0.0087 (t=0.0019 r=0.0159 beta=0.42) | val: 1.93deg/1697mm | 16.9s
[ 2200/5000] loss=0.0084 (t=0.0019 r=0.0156 beta=0.41) | val: 1.89deg/1605mm | 17.5s
[ 2300/5000] loss=0.0082 (t=0.0020 r=0.0155 beta=0.40) | val: 1.93deg/1614mm | 18.0s
[ 2400/5000] loss=0.0080 (t=0.0019 r=0.0156 beta=0.39) | val: 1.87deg/1586mm | 18.6s
[ 2500/5000] loss=0.0075 (t=0.0017 r=0.0150 beta=0.38) | val: 1.86deg/1728mm | 19.1s
[ 2600/5000] loss=0.0075 (t=0.0019 r=0.0151 beta=0.37) | val: 1.83deg/1786mm | 19.7s
[ 2700/5000] loss=0.0073 (t=0.0017 r=0.0155 beta=0.37) | val: 1.75deg/1644mm | 20.3s
[ 2800/5000] loss=0.0071 (t=0.0018 r=0.0147 beta=0.36) | val: 1.91deg/1793mm | 20.9s
[ 2900/5000] loss=0.0071 (t=0.0019 r=0.0150 beta=0.35) | val: 1.82deg/1726mm | 21.5s
[ 3000/5000] loss=0.0069 (t=0.0018 r=0.0148 beta=0.34) | val: 1.88deg/1755mm | 22.0s
[ 3100/5000] loss=0.0065 (t=0.0016 r=0.0145 beta=0.34) | val: 1.92deg/1673mm | 22.6s
[ 3200/5000] loss=0.0066 (t=0.0016 r=0.0149 beta=0.33) | val: 1.81deg/1688mm | 23.1s
[ 3300/5000] loss=0.0064 (t=0.0016 r=0.0144 beta=0.33) | val: 1.85deg/1758mm | 23.7s
[ 3400/5000] loss=0.0064 (t=0.0016 r=0.0148 beta=0.32) | val: 1.81deg/1749mm | 24.4s
[ 3500/5000] loss=0.0062 (t=0.0016 r=0.0145 beta=0.32) | val: 1.90deg/1825mm | 25.0s
[ 3600/5000] loss=0.0061 (t=0.0015 r=0.0143 beta=0.32) | val: 1.83deg/1716mm | 25.6s
[ 3700/5000] loss=0.0063 (t=0.0017 r=0.0148 beta=0.31) | val: 1.95deg/1841mm | 26.1s
[ 3800/5000] loss=0.0058 (t=0.0015 r=0.0138 beta=0.31) | val: 1.90deg/1780mm | 26.7s
[ 3900/5000] loss=0.0058 (t=0.0016 r=0.0137 beta=0.31) | val: 1.85deg/1732mm | 27.2s
[ 4000/5000] loss=0.0058 (t=0.0016 r=0.0139 beta=0.31) | val: 1.91deg/1825mm | 27.8s
[ 4100/5000] loss=0.0059 (t=0.0016 r=0.0141 beta=0.31) | val: 1.80deg/1782mm | 28.4s
[ 4200/5000] loss=0.0057 (t=0.0015 r=0.0139 beta=0.30) | val: 1.81deg/1774mm | 29.0s
[ 4300/5000] loss=0.0057 (t=0.0015 r=0.0139 beta=0.30) | val: 1.84deg/1823mm | 29.5s
[ 4400/5000] loss=0.0059 (t=0.0015 r=0.0143 beta=0.30) | val: 1.80deg/1835mm | 30.1s
[ 4500/5000] loss=0.0058 (t=0.0016 r=0.0140 beta=0.30) | val: 1.90deg/1821mm | 30.6s
[ 4600/5000] loss=0.0058 (t=0.0015 r=0.0142 beta=0.30) | val: 1.83deg/1818mm | 31.2s
[ 4700/5000] loss=0.0057 (t=0.0016 r=0.0137 beta=0.30) | val: 1.84deg/1817mm | 31.7s
[ 4800/5000] loss=0.0057 (t=0.0015 r=0.0141 beta=0.30) | val: 1.85deg/1787mm | 32.3s
[ 4900/5000] loss=0.0056 (t=0.0014 r=0.0138 beta=0.30) | val: 1.84deg/1800mm | 32.8s
[ 5000/5000] loss=0.0057 (t=0.0015 r=0.0140 beta=0.30) | val: 1.83deg/1802mm | 33.4s

Training done. Best epoch: 470, score: 1.4930

Loaded best model from epoch 470

======================================================================
EVALUATION RESULTS (Direct Regression)
======================================================================
Rotation  (median): 1.65deg
Translation (median): 1334mm

  R@5deg_1m: 35.2%  (rot_pass=94.0%, trans_pass=36.3%)
  R@10deg_2m: 68.7%  (rot_pass=99.5%, trans_pass=69.2%)
  R@15deg_5m: 93.4%  (rot_pass=100.0%, trans_pass=93.4%)
  R@25deg_5m: 93.4%  (rot_pass=100.0%, trans_pass=93.4%)

======================================================================
EVALUATION RESULTS (Retrieval Mode)
======================================================================
Retrieval median: 11.38deg / 2408mm
  R@5deg_1m: 2.2%  (rot=5.5%, trans=22.0%)
  R@10deg_2m: 19.8%  (rot=42.9%, trans=44.0%)
  R@15deg_5m: 59.3%  (rot=72.0%, trans=87.4%)
  R@25deg_5m: 84.6%  (rot=97.3%, trans=87.4%)
======================================================================

Done!
--- exp20_128d_seed21 done ---

=== exp20_128d_seed22 ===
======================================================================
Experiment: exp20_128d_seed22
Pool: spp, Features: both+sum
======================================================================
Random seed: 22
Using device: cuda:3

Loading data (fine=True, coarse=True, summary=True)...
  Loaded fine_geo: torch.Size([895, 128, 68, 120])
  Loaded coarse_sem: torch.Size([895, 128, 68, 120])
  Loaded summary: torch.Size([895, 2560])
  [train] 895 samples loaded
  Loaded fine_geo: torch.Size([182, 128, 68, 120])
  Loaded coarse_sem: torch.Size([182, 128, 68, 120])
  Loaded summary: torch.Size([182, 2560])
  [test] 182 samples loaded
Translation norm: mean=[13.19548    -0.64731836 23.103329  ], std=[10.827089    0.94348246  9.766839  ]
  Feature dim after pooling: 7936
Model parameters: 18,905,610

Pre-computing pooled features (OOM-safe mode)...
  Pre-computed pooled features: torch.Size([895, 7936]) (28.4 MB)
  Pre-computed pooled features: torch.Size([182, 7936]) (5.8 MB)
  GPU memory freed. Training with pre-pooled features (7936d)
Model parameters: 18,905,610
[    1/5000] loss=2.4263 (t=0.6174 r=1.8089 beta=1.00) | val: 32.35deg/31601mm | 0.3s
[  100/5000] loss=0.0672 (t=0.0228 r=0.0480 beta=0.92) | val: 2.54deg/1789mm | 4.2s
[  200/5000] loss=0.0415 (t=0.0128 r=0.0325 beta=0.88) | val: 1.88deg/1703mm | 6.2s
[  300/5000] loss=0.0297 (t=0.0073 r=0.0265 beta=0.84) | val: 1.81deg/1647mm | 7.6s
[  400/5000] loss=0.0262 (t=0.0056 r=0.0255 beta=0.81) | val: 1.72deg/1624mm | 8.2s
[  500/5000] loss=0.0220 (t=0.0046 r=0.0224 beta=0.77) | val: 1.63deg/1571mm | 8.7s
[  600/5000] loss=0.0197 (t=0.0038 r=0.0213 beta=0.74) | val: 1.60deg/1396mm | 9.3s
[  700/5000] loss=0.0184 (t=0.0036 r=0.0207 beta=0.71) | val: 1.70deg/1431mm | 9.8s
[  800/5000] loss=0.0170 (t=0.0033 r=0.0199 beta=0.69) | val: 1.69deg/1564mm | 10.7s
[  900/5000] loss=0.0159 (t=0.0031 r=0.0195 beta=0.66) | val: 1.79deg/1549mm | 11.3s
[ 1000/5000] loss=0.0152 (t=0.0030 r=0.0192 beta=0.63) | val: 1.80deg/1553mm | 11.9s
[ 1100/5000] loss=0.0143 (t=0.0028 r=0.0189 beta=0.61) | val: 1.72deg/1413mm | 12.4s
[ 1200/5000] loss=0.0131 (t=0.0025 r=0.0181 beta=0.59) | val: 1.81deg/1517mm | 12.9s
[ 1300/5000] loss=0.0125 (t=0.0026 r=0.0175 beta=0.57) | val: 1.73deg/1620mm | 13.5s
[ 1400/5000] loss=0.0119 (t=0.0025 r=0.0172 beta=0.55) | val: 1.72deg/1606mm | 14.0s
[ 1500/5000] loss=0.0121 (t=0.0026 r=0.0181 beta=0.53) | val: 1.70deg/1675mm | 14.6s
[ 1600/5000] loss=0.0108 (t=0.0022 r=0.0170 beta=0.51) | val: 1.63deg/1580mm | 15.1s
[ 1700/5000] loss=0.0103 (t=0.0022 r=0.0164 beta=0.49) | val: 1.80deg/1776mm | 15.7s
[ 1800/5000] loss=0.0099 (t=0.0021 r=0.0163 beta=0.48) | val: 1.76deg/1715mm | 16.2s
[ 1900/5000] loss=0.0097 (t=0.0021 r=0.0164 beta=0.46) | val: 1.73deg/1756mm | 16.8s
[ 2000/5000] loss=0.0094 (t=0.0021 r=0.0163 beta=0.45) | val: 1.83deg/1691mm | 17.3s
[ 2100/5000] loss=0.0088 (t=0.0019 r=0.0156 beta=0.44) | val: 1.82deg/1696mm | 17.9s
[ 2200/5000] loss=0.0086 (t=0.0019 r=0.0156 beta=0.43) | val: 1.85deg/1675mm | 18.4s
[ 2300/5000] loss=0.0085 (t=0.0019 r=0.0157 beta=0.41) | val: 1.71deg/1744mm | 19.0s
[ 2400/5000] loss=0.0083 (t=0.0020 r=0.0156 beta=0.40) | val: 1.74deg/1799mm | 19.5s
[ 2500/5000] loss=0.0081 (t=0.0019 r=0.0157 beta=0.40) | val: 1.84deg/1775mm | 20.1s
[ 2600/5000] loss=0.0077 (t=0.0018 r=0.0153 beta=0.39) | val: 1.88deg/1832mm | 20.6s
[ 2700/5000] loss=0.0076 (t=0.0018 r=0.0153 beta=0.38) | val: 1.83deg/1804mm | 21.2s
[ 2800/5000] loss=0.0073 (t=0.0017 r=0.0152 beta=0.37) | val: 1.83deg/1841mm | 21.7s
[ 2900/5000] loss=0.0072 (t=0.0018 r=0.0148 beta=0.36) | val: 1.82deg/1842mm | 22.3s
[ 3000/5000] loss=0.0072 (t=0.0018 r=0.0151 beta=0.36) | val: 1.87deg/1868mm | 22.8s
[ 3100/5000] loss=0.0071 (t=0.0018 r=0.0150 beta=0.35) | val: 1.86deg/1832mm | 23.4s
[ 3200/5000] loss=0.0066 (t=0.0017 r=0.0144 beta=0.35) | val: 1.84deg/1822mm | 23.9s
[ 3300/5000] loss=0.0067 (t=0.0017 r=0.0148 beta=0.34) | val: 1.91deg/1835mm | 24.5s
[ 3400/5000] loss=0.0063 (t=0.0016 r=0.0142 beta=0.34) | val: 1.89deg/1845mm | 25.0s
[ 3500/5000] loss=0.0066 (t=0.0016 r=0.0150 beta=0.33) | val: 1.95deg/1805mm | 25.7s
[ 3600/5000] loss=0.0063 (t=0.0016 r=0.0143 beta=0.33) | val: 1.87deg/1806mm | 26.3s
[ 3700/5000] loss=0.0063 (t=0.0015 r=0.0146 beta=0.33) | val: 1.83deg/1829mm | 26.9s
[ 3800/5000] loss=0.0062 (t=0.0016 r=0.0143 beta=0.32) | val: 1.87deg/1848mm | 27.4s
[ 3900/5000] loss=0.0061 (t=0.0016 r=0.0143 beta=0.32) | val: 1.90deg/1843mm | 28.0s
[ 4000/5000] loss=0.0062 (t=0.0016 r=0.0144 beta=0.32) | val: 1.85deg/1921mm | 28.5s
[ 4100/5000] loss=0.0060 (t=0.0015 r=0.0141 beta=0.32) | val: 1.89deg/1854mm | 29.1s
[ 4200/5000] loss=0.0059 (t=0.0015 r=0.0140 beta=0.32) | val: 1.90deg/1890mm | 29.6s
[ 4300/5000] loss=0.0060 (t=0.0016 r=0.0141 beta=0.31) | val: 1.93deg/1922mm | 30.2s
[ 4400/5000] loss=0.0061 (t=0.0017 r=0.0141 beta=0.31) | val: 1.91deg/1903mm | 30.7s
[ 4500/5000] loss=0.0060 (t=0.0015 r=0.0143 beta=0.31) | val: 1.92deg/1962mm | 31.3s
[ 4600/5000] loss=0.0058 (t=0.0015 r=0.0140 beta=0.31) | val: 1.96deg/1934mm | 31.8s
[ 4700/5000] loss=0.0060 (t=0.0015 r=0.0144 beta=0.31) | val: 1.89deg/1943mm | 32.4s
[ 4800/5000] loss=0.0059 (t=0.0016 r=0.0139 beta=0.31) | val: 1.91deg/1945mm | 32.9s
[ 4900/5000] loss=0.0057 (t=0.0014 r=0.0138 beta=0.31) | val: 1.92deg/1941mm | 33.5s
[ 5000/5000] loss=0.0058 (t=0.0014 r=0.0139 beta=0.31) | val: 1.91deg/1947mm | 34.1s

Training done. Best epoch: 720, score: 1.4955

Loaded best model from epoch 720

======================================================================
EVALUATION RESULTS (Direct Regression)
======================================================================
Rotation  (median): 1.64deg
Translation (median): 1340mm

  R@5deg_1m: 34.1%  (rot_pass=91.8%, trans_pass=35.2%)
  R@10deg_2m: 68.7%  (rot_pass=99.5%, trans_pass=68.7%)
  R@15deg_5m: 93.4%  (rot_pass=100.0%, trans_pass=93.4%)
  R@25deg_5m: 93.4%  (rot_pass=100.0%, trans_pass=93.4%)

======================================================================
EVALUATION RESULTS (Retrieval Mode)
======================================================================
Retrieval median: 11.30deg / 2411mm
  R@5deg_1m: 2.2%  (rot=4.9%, trans=20.3%)
  R@10deg_2m: 20.9%  (rot=44.5%, trans=44.0%)
  R@15deg_5m: 57.7%  (rot=71.4%, trans=86.3%)
  R@25deg_5m: 81.9%  (rot=95.6%, trans=86.3%)
======================================================================

Done!
--- exp20_128d_seed22 done ---

=== exp20_128d_seed23 ===
======================================================================
Experiment: exp20_128d_seed23
Pool: spp, Features: both+sum
======================================================================
Random seed: 23
Using device: cuda:3

Loading data (fine=True, coarse=True, summary=True)...
  Loaded fine_geo: torch.Size([895, 128, 68, 120])
  Loaded coarse_sem: torch.Size([895, 128, 68, 120])
  Loaded summary: torch.Size([895, 2560])
  [train] 895 samples loaded
  Loaded fine_geo: torch.Size([182, 128, 68, 120])
  Loaded coarse_sem: torch.Size([182, 128, 68, 120])
  Loaded summary: torch.Size([182, 2560])
  [test] 182 samples loaded
Translation norm: mean=[13.19548    -0.64731836 23.103329  ], std=[10.827089    0.94348246  9.766839  ]
  Feature dim after pooling: 7936
Model parameters: 18,905,610

Pre-computing pooled features (OOM-safe mode)...
  Pre-computed pooled features: torch.Size([895, 7936]) (28.4 MB)
  Pre-computed pooled features: torch.Size([182, 7936]) (5.8 MB)
  GPU memory freed. Training with pre-pooled features (7936d)
Model parameters: 18,905,610
[    1/5000] loss=3.0558 (t=0.5792 r=2.4766 beta=1.00) | val: 48.44deg/26003mm | 0.2s
[  100/5000] loss=0.0629 (t=0.0207 r=0.0453 beta=0.93) | val: 2.20deg/1943mm | 3.9s
[  200/5000] loss=0.0405 (t=0.0123 r=0.0318 beta=0.89) | val: 1.85deg/1670mm | 5.4s
[  300/5000] loss=0.0313 (t=0.0078 r=0.0277 beta=0.85) | val: 1.77deg/1714mm | 6.8s
[  400/5000] loss=0.0247 (t=0.0052 r=0.0239 beta=0.81) | val: 1.63deg/1494mm | 7.7s
[  500/5000] loss=0.0218 (t=0.0044 r=0.0223 beta=0.78) | val: 1.80deg/1432mm | 8.6s
[  600/5000] loss=0.0189 (t=0.0038 r=0.0202 beta=0.74) | val: 1.94deg/1627mm | 9.2s
[  700/5000] loss=0.0186 (t=0.0034 r=0.0212 beta=0.71) | val: 2.05deg/1573mm | 9.7s
[  800/5000] loss=0.0173 (t=0.0032 r=0.0205 beta=0.69) | val: 1.84deg/1389mm | 11.6s
[  900/5000] loss=0.0167 (t=0.0032 r=0.0205 beta=0.66) | val: 1.72deg/1469mm | 12.5s
[ 1000/5000] loss=0.0148 (t=0.0029 r=0.0188 beta=0.63) | val: 1.64deg/1494mm | 13.0s
[ 1100/5000] loss=0.0141 (t=0.0028 r=0.0185 beta=0.61) | val: 1.75deg/1487mm | 13.6s
[ 1200/5000] loss=0.0131 (t=0.0026 r=0.0180 beta=0.59) | val: 1.91deg/1540mm | 14.1s
[ 1300/5000] loss=0.0124 (t=0.0025 r=0.0175 beta=0.56) | val: 1.78deg/1423mm | 14.7s
[ 1400/5000] loss=0.0120 (t=0.0024 r=0.0177 beta=0.54) | val: 1.81deg/1531mm | 15.2s
[ 1500/5000] loss=0.0110 (t=0.0023 r=0.0166 beta=0.53) | val: 1.80deg/1690mm | 15.8s
[ 1600/5000] loss=0.0109 (t=0.0023 r=0.0169 beta=0.51) | val: 1.86deg/1507mm | 16.3s
[ 1700/5000] loss=0.0106 (t=0.0021 r=0.0173 beta=0.49) | val: 2.10deg/1600mm | 16.9s
[ 1800/5000] loss=0.0101 (t=0.0020 r=0.0170 beta=0.48) | val: 1.88deg/1513mm | 17.4s
[ 1900/5000] loss=0.0095 (t=0.0021 r=0.0159 beta=0.46) | val: 1.77deg/1541mm | 18.0s
[ 2000/5000] loss=0.0092 (t=0.0020 r=0.0161 beta=0.45) | val: 1.90deg/1458mm | 18.5s
[ 2100/5000] loss=0.0092 (t=0.0021 r=0.0164 beta=0.43) | val: 1.93deg/1645mm | 19.1s
[ 2200/5000] loss=0.0084 (t=0.0019 r=0.0155 beta=0.42) | val: 1.80deg/1657mm | 19.7s
[ 2300/5000] loss=0.0084 (t=0.0020 r=0.0157 beta=0.41) | val: 1.96deg/1580mm | 20.2s
[ 2400/5000] loss=0.0078 (t=0.0017 r=0.0152 beta=0.40) | val: 1.86deg/1650mm | 20.8s
[ 2500/5000] loss=0.0079 (t=0.0018 r=0.0155 beta=0.39) | val: 1.92deg/1718mm | 21.3s
[ 2600/5000] loss=0.0077 (t=0.0018 r=0.0153 beta=0.38) | val: 1.88deg/1607mm | 21.9s
[ 2700/5000] loss=0.0076 (t=0.0018 r=0.0153 beta=0.38) | val: 1.81deg/1618mm | 22.5s
[ 2800/5000] loss=0.0075 (t=0.0019 r=0.0155 beta=0.37) | val: 1.81deg/1667mm | 23.0s
[ 2900/5000] loss=0.0071 (t=0.0017 r=0.0151 beta=0.36) | val: 1.97deg/1599mm | 23.6s
[ 3000/5000] loss=0.0071 (t=0.0017 r=0.0152 beta=0.35) | val: 1.87deg/1698mm | 24.1s
[ 3100/5000] loss=0.0068 (t=0.0017 r=0.0148 beta=0.35) | val: 1.95deg/1635mm | 24.7s
[ 3200/5000] loss=0.0069 (t=0.0017 r=0.0152 beta=0.34) | val: 2.01deg/1726mm | 25.2s
[ 3300/5000] loss=0.0066 (t=0.0016 r=0.0149 beta=0.34) | val: 2.03deg/1781mm | 25.8s
[ 3400/5000] loss=0.0066 (t=0.0017 r=0.0149 beta=0.33) | val: 1.94deg/1727mm | 26.3s
[ 3500/5000] loss=0.0065 (t=0.0017 r=0.0147 beta=0.33) | val: 1.88deg/1700mm | 26.9s
[ 3600/5000] loss=0.0063 (t=0.0016 r=0.0145 beta=0.33) | val: 1.94deg/1791mm | 27.4s
[ 3700/5000] loss=0.0062 (t=0.0015 r=0.0142 beta=0.32) | val: 2.07deg/1776mm | 28.0s
[ 3800/5000] loss=0.0062 (t=0.0016 r=0.0145 beta=0.32) | val: 1.94deg/1706mm | 28.5s
[ 3900/5000] loss=0.0060 (t=0.0015 r=0.0141 beta=0.32) | val: 1.94deg/1740mm | 29.1s
[ 4000/5000] loss=0.0060 (t=0.0015 r=0.0144 beta=0.32) | val: 1.93deg/1741mm | 29.7s
[ 4100/5000] loss=0.0060 (t=0.0015 r=0.0141 beta=0.31) | val: 2.05deg/1765mm | 30.3s
[ 4200/5000] loss=0.0060 (t=0.0016 r=0.0142 beta=0.31) | val: 1.94deg/1750mm | 31.0s
[ 4300/5000] loss=0.0060 (t=0.0016 r=0.0142 beta=0.31) | val: 1.94deg/1751mm | 31.5s
[ 4400/5000] loss=0.0057 (t=0.0014 r=0.0138 beta=0.31) | val: 1.96deg/1732mm | 32.1s
[ 4500/5000] loss=0.0059 (t=0.0015 r=0.0143 beta=0.31) | val: 1.97deg/1750mm | 32.6s
[ 4600/5000] loss=0.0058 (t=0.0015 r=0.0141 beta=0.31) | val: 1.98deg/1757mm | 33.2s
[ 4700/5000] loss=0.0057 (t=0.0014 r=0.0137 beta=0.31) | val: 2.06deg/1734mm | 33.7s
[ 4800/5000] loss=0.0057 (t=0.0014 r=0.0138 beta=0.31) | val: 2.01deg/1743mm | 34.3s
[ 4900/5000] loss=0.0060 (t=0.0015 r=0.0145 beta=0.31) | val: 2.00deg/1753mm | 34.8s
[ 5000/5000] loss=0.0059 (t=0.0016 r=0.0141 beta=0.31) | val: 2.00deg/1734mm | 35.4s

Training done. Best epoch: 810, score: 1.5176

Loaded best model from epoch 810

======================================================================
EVALUATION RESULTS (Direct Regression)
======================================================================
Rotation  (median): 1.73deg
Translation (median): 1369mm

  R@5deg_1m: 36.3%  (rot_pass=91.8%, trans_pass=37.4%)
  R@10deg_2m: 68.7%  (rot_pass=99.5%, trans_pass=68.7%)
  R@15deg_5m: 93.4%  (rot_pass=100.0%, trans_pass=93.4%)
  R@25deg_5m: 93.4%  (rot_pass=100.0%, trans_pass=93.4%)

======================================================================
EVALUATION RESULTS (Retrieval Mode)
======================================================================
Retrieval median: 11.26deg / 2338mm
  R@5deg_1m: 2.7%  (rot=4.9%, trans=23.1%)
  R@10deg_2m: 21.4%  (rot=45.1%, trans=44.5%)
  R@15deg_5m: 59.9%  (rot=71.4%, trans=88.5%)
  R@25deg_5m: 85.2%  (rot=96.7%, trans=88.5%)
======================================================================

Done!
--- exp20_128d_seed23 done ---

=== exp20_128d_seed24 ===
======================================================================
Experiment: exp20_128d_seed24
Pool: spp, Features: both+sum
======================================================================
Random seed: 24
Using device: cuda:3

Loading data (fine=True, coarse=True, summary=True)...
  Loaded fine_geo: torch.Size([895, 128, 68, 120])
  Loaded coarse_sem: torch.Size([895, 128, 68, 120])
  Loaded summary: torch.Size([895, 2560])
  [train] 895 samples loaded
  Loaded fine_geo: torch.Size([182, 128, 68, 120])
  Loaded coarse_sem: torch.Size([182, 128, 68, 120])
  Loaded summary: torch.Size([182, 2560])
  [test] 182 samples loaded
Translation norm: mean=[13.19548    -0.64731836 23.103329  ], std=[10.827089    0.94348246  9.766839  ]
  Feature dim after pooling: 7936
Model parameters: 18,905,610

Pre-computing pooled features (OOM-safe mode)...
  Pre-computed pooled features: torch.Size([895, 7936]) (28.4 MB)
  Pre-computed pooled features: torch.Size([182, 7936]) (5.8 MB)
  GPU memory freed. Training with pre-pooled features (7936d)
Model parameters: 18,905,610
[    1/5000] loss=3.0381 (t=0.6069 r=2.4311 beta=1.00) | val: 109.03deg/18797mm | 0.2s
[  100/5000] loss=0.0640 (t=0.0215 r=0.0460 beta=0.92) | val: 2.71deg/1826mm | 4.0s
[  200/5000] loss=0.0413 (t=0.0116 r=0.0339 beta=0.88) | val: 2.52deg/1672mm | 5.7s
[  300/5000] loss=0.0306 (t=0.0073 r=0.0279 beta=0.84) | val: 1.86deg/1681mm | 6.2s
[  400/5000] loss=0.0252 (t=0.0056 r=0.0245 beta=0.80) | val: 2.09deg/1672mm | 6.8s
[  500/5000] loss=0.0219 (t=0.0045 r=0.0228 beta=0.76) | val: 2.01deg/1679mm | 8.1s
[  600/5000] loss=0.0200 (t=0.0045 r=0.0213 beta=0.73) | val: 1.63deg/1460mm | 9.1s
[  700/5000] loss=0.0192 (t=0.0040 r=0.0217 beta=0.70) | val: 1.65deg/1370mm | 9.6s
[  800/5000] loss=0.0168 (t=0.0034 r=0.0199 beta=0.67) | val: 1.69deg/1398mm | 10.2s
[  900/5000] loss=0.0162 (t=0.0034 r=0.0199 beta=0.64) | val: 1.82deg/1504mm | 10.7s
[ 1000/5000] loss=0.0141 (t=0.0028 r=0.0182 beta=0.62) | val: 1.84deg/1686mm | 11.3s
[ 1100/5000] loss=0.0141 (t=0.0031 r=0.0185 beta=0.60) | val: 1.75deg/1608mm | 11.8s
[ 1200/5000] loss=0.0128 (t=0.0026 r=0.0179 beta=0.57) | val: 1.74deg/1555mm | 12.7s
[ 1300/5000] loss=0.0122 (t=0.0025 r=0.0176 beta=0.55) | val: 1.73deg/1397mm | 13.7s
[ 1400/5000] loss=0.0119 (t=0.0024 r=0.0178 beta=0.53) | val: 1.93deg/1522mm | 14.2s
[ 1500/5000] loss=0.0112 (t=0.0023 r=0.0175 beta=0.51) | val: 1.81deg/1569mm | 14.8s
[ 1600/5000] loss=0.0103 (t=0.0021 r=0.0166 beta=0.50) | val: 1.90deg/1396mm | 15.3s
[ 1700/5000] loss=0.0102 (t=0.0021 r=0.0169 beta=0.48) | val: 1.89deg/1546mm | 15.9s
[ 1800/5000] loss=0.0098 (t=0.0022 r=0.0164 beta=0.46) | val: 1.79deg/1542mm | 16.4s
[ 1900/5000] loss=0.0094 (t=0.0020 r=0.0165 beta=0.45) | val: 1.85deg/1531mm | 17.0s
[ 2000/5000] loss=0.0090 (t=0.0020 r=0.0160 beta=0.44) | val: 1.98deg/1498mm | 17.5s
[ 2100/5000] loss=0.0089 (t=0.0020 r=0.0164 beta=0.42) | val: 1.79deg/1630mm | 18.0s
[ 2200/5000] loss=0.0087 (t=0.0020 r=0.0162 beta=0.41) | val: 1.88deg/1466mm | 18.6s
[ 2300/5000] loss=0.0083 (t=0.0019 r=0.0161 beta=0.40) | val: 2.04deg/1543mm | 19.1s
[ 2400/5000] loss=0.0079 (t=0.0018 r=0.0156 beta=0.39) | val: 1.87deg/1583mm | 19.7s
[ 2500/5000] loss=0.0077 (t=0.0018 r=0.0154 beta=0.38) | val: 1.84deg/1664mm | 20.2s
[ 2600/5000] loss=0.0076 (t=0.0018 r=0.0155 beta=0.37) | val: 1.76deg/1496mm | 20.7s
[ 2700/5000] loss=0.0074 (t=0.0018 r=0.0153 beta=0.37) | val: 1.98deg/1676mm | 21.3s
[ 2800/5000] loss=0.0073 (t=0.0018 r=0.0154 beta=0.36) | val: 1.93deg/1605mm | 21.8s
[ 2900/5000] loss=0.0069 (t=0.0017 r=0.0147 beta=0.35) | val: 1.91deg/1660mm | 22.4s
[ 3000/5000] loss=0.0068 (t=0.0017 r=0.0147 beta=0.34) | val: 2.08deg/1662mm | 22.9s
[ 3100/5000] loss=0.0066 (t=0.0017 r=0.0145 beta=0.34) | val: 1.91deg/1569mm | 23.5s
[ 3200/5000] loss=0.0066 (t=0.0016 r=0.0150 beta=0.33) | val: 1.93deg/1747mm | 24.0s
[ 3300/5000] loss=0.0065 (t=0.0017 r=0.0148 beta=0.33) | val: 2.00deg/1667mm | 24.6s
[ 3400/5000] loss=0.0064 (t=0.0016 r=0.0148 beta=0.32) | val: 1.92deg/1754mm | 25.1s
[ 3500/5000] loss=0.0061 (t=0.0016 r=0.0142 beta=0.32) | val: 1.85deg/1688mm | 25.6s
[ 3600/5000] loss=0.0062 (t=0.0016 r=0.0144 beta=0.32) | val: 1.91deg/1703mm | 26.2s
[ 3700/5000] loss=0.0062 (t=0.0016 r=0.0146 beta=0.31) | val: 1.94deg/1693mm | 26.7s
[ 3800/5000] loss=0.0061 (t=0.0016 r=0.0146 beta=0.31) | val: 1.96deg/1721mm | 27.3s
[ 3900/5000] loss=0.0059 (t=0.0015 r=0.0141 beta=0.31) | val: 1.90deg/1689mm | 27.8s
[ 4000/5000] loss=0.0062 (t=0.0017 r=0.0146 beta=0.31) | val: 1.92deg/1698mm | 28.4s
[ 4100/5000] loss=0.0058 (t=0.0015 r=0.0142 beta=0.31) | val: 1.91deg/1737mm | 28.9s
[ 4200/5000] loss=0.0057 (t=0.0015 r=0.0138 beta=0.30) | val: 1.83deg/1696mm | 29.5s
[ 4300/5000] loss=0.0058 (t=0.0015 r=0.0140 beta=0.30) | val: 1.90deg/1718mm | 30.0s
[ 4400/5000] loss=0.0058 (t=0.0015 r=0.0141 beta=0.30) | val: 1.91deg/1684mm | 30.6s
[ 4500/5000] loss=0.0058 (t=0.0015 r=0.0143 beta=0.30) | val: 1.92deg/1726mm | 31.1s
[ 4600/5000] loss=0.0057 (t=0.0014 r=0.0143 beta=0.30) | val: 1.91deg/1728mm | 31.7s
[ 4700/5000] loss=0.0058 (t=0.0015 r=0.0143 beta=0.30) | val: 1.97deg/1742mm | 32.3s
[ 4800/5000] loss=0.0056 (t=0.0014 r=0.0140 beta=0.30) | val: 1.97deg/1735mm | 32.8s
[ 4900/5000] loss=0.0056 (t=0.0015 r=0.0139 beta=0.30) | val: 1.95deg/1726mm | 33.4s
[ 5000/5000] loss=0.0056 (t=0.0014 r=0.0141 beta=0.30) | val: 1.95deg/1715mm | 34.0s

Training done. Best epoch: 1290, score: 1.4595

Loaded best model from epoch 1290

======================================================================
EVALUATION RESULTS (Direct Regression)
======================================================================
Rotation  (median): 1.77deg
Translation (median): 1298mm

  R@5deg_1m: 38.5%  (rot_pass=90.7%, trans_pass=39.0%)
  R@10deg_2m: 67.0%  (rot_pass=99.5%, trans_pass=67.6%)
  R@15deg_5m: 92.9%  (rot_pass=100.0%, trans_pass=92.9%)
  R@25deg_5m: 92.9%  (rot_pass=100.0%, trans_pass=92.9%)

======================================================================
EVALUATION RESULTS (Retrieval Mode)
======================================================================
Retrieval median: 11.33deg / 2335mm
  R@5deg_1m: 2.7%  (rot=4.4%, trans=22.0%)
  R@10deg_2m: 19.2%  (rot=41.8%, trans=43.4%)
  R@15deg_5m: 57.1%  (rot=72.5%, trans=84.1%)
  R@25deg_5m: 82.4%  (rot=97.8%, trans=84.1%)
======================================================================

Done!
--- exp20_128d_seed24 done ---

=== exp20_128d_seed25 ===
======================================================================
Experiment: exp20_128d_seed25
Pool: spp, Features: both+sum
======================================================================
Random seed: 25
Using device: cuda:3

Loading data (fine=True, coarse=True, summary=True)...
  Loaded fine_geo: torch.Size([895, 128, 68, 120])
  Loaded coarse_sem: torch.Size([895, 128, 68, 120])
  Loaded summary: torch.Size([895, 2560])
  [train] 895 samples loaded
  Loaded fine_geo: torch.Size([182, 128, 68, 120])
  Loaded coarse_sem: torch.Size([182, 128, 68, 120])
  Loaded summary: torch.Size([182, 2560])
  [test] 182 samples loaded
Translation norm: mean=[13.19548    -0.64731836 23.103329  ], std=[10.827089    0.94348246  9.766839  ]
  Feature dim after pooling: 7936
Model parameters: 18,905,610

Pre-computing pooled features (OOM-safe mode)...
  Pre-computed pooled features: torch.Size([895, 7936]) (28.4 MB)
  Pre-computed pooled features: torch.Size([182, 7936]) (5.8 MB)
  GPU memory freed. Training with pre-pooled features (7936d)
Model parameters: 18,905,610
[    1/5000] loss=2.3700 (t=0.4941 r=1.8759 beta=1.00) | val: 41.50deg/16746mm | 0.6s
[  100/5000] loss=0.0645 (t=0.0232 r=0.0449 beta=0.92) | val: 2.69deg/1749mm | 5.2s
[  200/5000] loss=0.0403 (t=0.0124 r=0.0319 beta=0.88) | val: 1.93deg/1811mm | 7.6s
[  300/5000] loss=0.0312 (t=0.0079 r=0.0280 beta=0.83) | val: 1.94deg/1762mm | 8.2s
[  400/5000] loss=0.0250 (t=0.0053 r=0.0247 beta=0.80) | val: 1.93deg/1550mm | 8.8s
[  500/5000] loss=0.0227 (t=0.0052 r=0.0230 beta=0.76) | val: 1.79deg/1548mm | 9.3s
[  600/5000] loss=0.0200 (t=0.0041 r=0.0217 beta=0.73) | val: 1.78deg/1489mm | 10.2s
[  700/5000] loss=0.0182 (t=0.0035 r=0.0209 beta=0.70) | val: 1.65deg/1576mm | 10.8s
[  800/5000] loss=0.0164 (t=0.0032 r=0.0198 beta=0.67) | val: 1.84deg/1387mm | 11.4s
[  900/5000] loss=0.0149 (t=0.0030 r=0.0186 beta=0.64) | val: 1.73deg/1565mm | 12.0s
[ 1000/5000] loss=0.0148 (t=0.0031 r=0.0190 beta=0.62) | val: 1.65deg/1443mm | 12.5s
[ 1100/5000] loss=0.0132 (t=0.0027 r=0.0178 beta=0.59) | val: 1.74deg/1666mm | 13.1s
[ 1200/5000] loss=0.0130 (t=0.0027 r=0.0180 beta=0.57) | val: 1.73deg/1646mm | 13.7s
[ 1300/5000] loss=0.0121 (t=0.0024 r=0.0175 beta=0.55) | val: 1.66deg/1539mm | 14.3s
[ 1400/5000] loss=0.0120 (t=0.0023 r=0.0181 beta=0.53) | val: 1.75deg/1470mm | 14.8s
[ 1500/5000] loss=0.0109 (t=0.0022 r=0.0168 beta=0.51) | val: 1.80deg/1593mm | 15.4s
[ 1600/5000] loss=0.0105 (t=0.0022 r=0.0167 beta=0.49) | val: 1.93deg/1699mm | 16.0s
[ 1700/5000] loss=0.0101 (t=0.0022 r=0.0164 beta=0.48) | val: 1.75deg/1626mm | 16.5s
[ 1800/5000] loss=0.0095 (t=0.0021 r=0.0159 beta=0.46) | val: 1.72deg/1506mm | 17.1s
[ 1900/5000] loss=0.0091 (t=0.0021 r=0.0156 beta=0.45) | val: 1.87deg/1563mm | 17.6s
[ 2000/5000] loss=0.0090 (t=0.0021 r=0.0158 beta=0.44) | val: 1.84deg/1667mm | 18.2s
[ 2100/5000] loss=0.0086 (t=0.0020 r=0.0156 beta=0.42) | val: 1.78deg/1563mm | 18.8s
[ 2200/5000] loss=0.0085 (t=0.0019 r=0.0161 beta=0.41) | val: 1.85deg/1558mm | 19.3s
[ 2300/5000] loss=0.0082 (t=0.0019 r=0.0158 beta=0.40) | val: 1.82deg/1643mm | 19.9s
[ 2400/5000] loss=0.0079 (t=0.0018 r=0.0154 beta=0.39) | val: 1.82deg/1751mm | 20.4s
[ 2500/5000] loss=0.0077 (t=0.0019 r=0.0152 beta=0.38) | val: 1.85deg/1642mm | 21.0s
[ 2600/5000] loss=0.0074 (t=0.0017 r=0.0152 beta=0.37) | val: 1.79deg/1628mm | 21.5s
[ 2700/5000] loss=0.0075 (t=0.0018 r=0.0157 beta=0.37) | val: 1.84deg/1785mm | 22.1s
[ 2800/5000] loss=0.0072 (t=0.0018 r=0.0150 beta=0.36) | val: 1.86deg/1738mm | 22.7s
[ 2900/5000] loss=0.0071 (t=0.0018 r=0.0152 beta=0.35) | val: 1.90deg/1825mm | 23.2s
[ 3000/5000] loss=0.0066 (t=0.0017 r=0.0141 beta=0.34) | val: 1.98deg/1806mm | 23.8s
[ 3100/5000] loss=0.0067 (t=0.0017 r=0.0148 beta=0.34) | val: 1.92deg/1762mm | 24.3s
[ 3200/5000] loss=0.0065 (t=0.0016 r=0.0145 beta=0.33) | val: 1.84deg/1727mm | 24.9s
[ 3300/5000] loss=0.0065 (t=0.0017 r=0.0144 beta=0.33) | val: 1.81deg/1687mm | 25.4s
[ 3400/5000] loss=0.0062 (t=0.0016 r=0.0141 beta=0.32) | val: 1.91deg/1816mm | 26.0s
[ 3500/5000] loss=0.0063 (t=0.0016 r=0.0145 beta=0.32) | val: 1.96deg/1774mm | 26.6s
[ 3600/5000] loss=0.0061 (t=0.0016 r=0.0142 beta=0.32) | val: 1.96deg/1829mm | 27.1s
[ 3700/5000] loss=0.0061 (t=0.0017 r=0.0140 beta=0.31) | val: 1.87deg/1873mm | 27.7s
[ 3800/5000] loss=0.0061 (t=0.0016 r=0.0144 beta=0.31) | val: 1.90deg/1861mm | 28.2s
[ 3900/5000] loss=0.0058 (t=0.0015 r=0.0137 beta=0.31) | val: 1.92deg/1737mm | 28.8s
[ 4000/5000] loss=0.0059 (t=0.0016 r=0.0142 beta=0.31) | val: 1.87deg/1794mm | 29.3s
[ 4100/5000] loss=0.0059 (t=0.0016 r=0.0142 beta=0.31) | val: 1.94deg/1829mm | 29.9s
[ 4200/5000] loss=0.0058 (t=0.0015 r=0.0144 beta=0.30) | val: 1.92deg/1820mm | 30.4s
[ 4300/5000] loss=0.0058 (t=0.0015 r=0.0142 beta=0.30) | val: 1.95deg/1886mm | 31.0s
[ 4400/5000] loss=0.0057 (t=0.0015 r=0.0138 beta=0.30) | val: 1.93deg/1866mm | 31.5s
[ 4500/5000] loss=0.0057 (t=0.0015 r=0.0139 beta=0.30) | val: 1.95deg/1857mm | 32.1s
[ 4600/5000] loss=0.0058 (t=0.0016 r=0.0140 beta=0.30) | val: 1.90deg/1861mm | 32.6s
[ 4700/5000] loss=0.0056 (t=0.0014 r=0.0140 beta=0.30) | val: 1.95deg/1841mm | 33.2s
[ 4800/5000] loss=0.0056 (t=0.0015 r=0.0137 beta=0.30) | val: 1.98deg/1849mm | 33.7s
[ 4900/5000] loss=0.0056 (t=0.0015 r=0.0136 beta=0.30) | val: 1.95deg/1862mm | 34.3s
[ 5000/5000] loss=0.0057 (t=0.0015 r=0.0141 beta=0.30) | val: 1.96deg/1857mm | 34.9s

Training done. Best epoch: 510, score: 1.4270

Loaded best model from epoch 510

======================================================================
EVALUATION RESULTS (Direct Regression)
======================================================================
Rotation  (median): 1.71deg
Translation (median): 1277mm

  R@5deg_1m: 36.8%  (rot_pass=92.9%, trans_pass=37.4%)
  R@10deg_2m: 68.7%  (rot_pass=99.5%, trans_pass=68.7%)
  R@15deg_5m: 93.4%  (rot_pass=100.0%, trans_pass=93.4%)
  R@25deg_5m: 93.4%  (rot_pass=100.0%, trans_pass=93.4%)

======================================================================
EVALUATION RESULTS (Retrieval Mode)
======================================================================
Retrieval median: 11.16deg / 2275mm
  R@5deg_1m: 3.8%  (rot=7.1%, trans=22.5%)
  R@10deg_2m: 20.3%  (rot=42.9%, trans=45.6%)
  R@15deg_5m: 61.0%  (rot=73.6%, trans=87.4%)
  R@25deg_5m: 83.0%  (rot=95.6%, trans=87.4%)
======================================================================

Done!
--- exp20_128d_seed25 done ---

=== exp20_128d_seed26 ===
======================================================================
Experiment: exp20_128d_seed26
Pool: spp, Features: both+sum
======================================================================
Random seed: 26
Using device: cuda:3

Loading data (fine=True, coarse=True, summary=True)...
  Loaded fine_geo: torch.Size([895, 128, 68, 120])
  Loaded coarse_sem: torch.Size([895, 128, 68, 120])
  Loaded summary: torch.Size([895, 2560])
  [train] 895 samples loaded
  Loaded fine_geo: torch.Size([182, 128, 68, 120])
  Loaded coarse_sem: torch.Size([182, 128, 68, 120])
  Loaded summary: torch.Size([182, 2560])
  [test] 182 samples loaded
Translation norm: mean=[13.19548    -0.64731836 23.103329  ], std=[10.827089    0.94348246  9.766839  ]
  Feature dim after pooling: 7936
Model parameters: 18,905,610

Pre-computing pooled features (OOM-safe mode)...
  Pre-computed pooled features: torch.Size([895, 7936]) (28.4 MB)
  Pre-computed pooled features: torch.Size([182, 7936]) (5.8 MB)
  GPU memory freed. Training with pre-pooled features (7936d)
Model parameters: 18,905,610
[    1/5000] loss=3.0595 (t=0.5604 r=2.4990 beta=1.00) | val: 55.12deg/20525mm | 0.7s
[  100/5000] loss=0.0614 (t=0.0213 r=0.0434 beta=0.92) | val: 2.24deg/1543mm | 4.3s
[  200/5000] loss=0.0398 (t=0.0114 r=0.0324 beta=0.88) | val: 2.32deg/1767mm | 5.6s
[  300/5000] loss=0.0312 (t=0.0079 r=0.0279 beta=0.84) | val: 1.92deg/1627mm | 6.2s
[  400/5000] loss=0.0258 (t=0.0061 r=0.0247 beta=0.80) | val: 1.90deg/1774mm | 6.7s
[  500/5000] loss=0.0219 (t=0.0044 r=0.0230 beta=0.76) | val: 1.70deg/1548mm | 7.7s
[  600/5000] loss=0.0199 (t=0.0039 r=0.0220 beta=0.73) | val: 1.84deg/1561mm | 8.3s
[  700/5000] loss=0.0183 (t=0.0036 r=0.0211 beta=0.70) | val: 1.70deg/1475mm | 10.3s
[  800/5000] loss=0.0169 (t=0.0032 r=0.0206 beta=0.67) | val: 1.80deg/1462mm | 10.9s
[  900/5000] loss=0.0160 (t=0.0032 r=0.0200 beta=0.64) | val: 1.68deg/1505mm | 11.4s
[ 1000/5000] loss=0.0149 (t=0.0031 r=0.0191 beta=0.61) | val: 1.70deg/1663mm | 12.0s
[ 1100/5000] loss=0.0132 (t=0.0027 r=0.0179 beta=0.59) | val: 1.81deg/1506mm | 12.5s
[ 1200/5000] loss=0.0128 (t=0.0026 r=0.0180 beta=0.57) | val: 1.77deg/1434mm | 13.1s
[ 1300/5000] loss=0.0117 (t=0.0024 r=0.0169 beta=0.55) | val: 1.63deg/1613mm | 13.6s
[ 1400/5000] loss=0.0117 (t=0.0025 r=0.0175 beta=0.53) | val: 1.57deg/1508mm | 14.2s
[ 1500/5000] loss=0.0111 (t=0.0022 r=0.0174 beta=0.51) | val: 1.69deg/1641mm | 14.7s
[ 1600/5000] loss=0.0105 (t=0.0021 r=0.0171 beta=0.49) | val: 1.69deg/1529mm | 15.3s
[ 1700/5000] loss=0.0103 (t=0.0024 r=0.0167 beta=0.47) | val: 1.89deg/1511mm | 15.8s
[ 1800/5000] loss=0.0096 (t=0.0021 r=0.0162 beta=0.46) | val: 1.87deg/1719mm | 16.4s
[ 1900/5000] loss=0.0097 (t=0.0024 r=0.0163 beta=0.44) | val: 1.95deg/1696mm | 16.9s
[ 2000/5000] loss=0.0088 (t=0.0021 r=0.0156 beta=0.43) | val: 1.74deg/1587mm | 17.5s
[ 2100/5000] loss=0.0085 (t=0.0019 r=0.0157 beta=0.42) | val: 1.72deg/1621mm | 18.1s
[ 2200/5000] loss=0.0085 (t=0.0019 r=0.0161 beta=0.41) | val: 1.66deg/1742mm | 18.6s
[ 2300/5000] loss=0.0082 (t=0.0020 r=0.0156 beta=0.40) | val: 1.77deg/1727mm | 19.2s
[ 2400/5000] loss=0.0079 (t=0.0018 r=0.0156 beta=0.39) | val: 1.83deg/1651mm | 19.7s
[ 2500/5000] loss=0.0075 (t=0.0018 r=0.0151 beta=0.38) | val: 1.85deg/1698mm | 20.3s
[ 2600/5000] loss=0.0076 (t=0.0019 r=0.0154 beta=0.37) | val: 1.85deg/1682mm | 20.8s
[ 2700/5000] loss=0.0072 (t=0.0018 r=0.0151 beta=0.36) | val: 1.90deg/1854mm | 21.4s
[ 2800/5000] loss=0.0071 (t=0.0017 r=0.0152 beta=0.35) | val: 1.77deg/1740mm | 21.9s
[ 2900/5000] loss=0.0069 (t=0.0017 r=0.0149 beta=0.35) | val: 1.81deg/1817mm | 22.5s
[ 3000/5000] loss=0.0067 (t=0.0017 r=0.0149 beta=0.34) | val: 1.92deg/1848mm | 23.0s
[ 3100/5000] loss=0.0067 (t=0.0018 r=0.0146 beta=0.33) | val: 1.86deg/1756mm | 23.6s
[ 3200/5000] loss=0.0065 (t=0.0016 r=0.0148 beta=0.33) | val: 1.93deg/1795mm | 24.1s
[ 3300/5000] loss=0.0064 (t=0.0016 r=0.0149 beta=0.32) | val: 1.99deg/1794mm | 24.7s
[ 3400/5000] loss=0.0064 (t=0.0017 r=0.0146 beta=0.32) | val: 1.88deg/1817mm | 25.2s
[ 3500/5000] loss=0.0062 (t=0.0015 r=0.0148 beta=0.32) | val: 1.99deg/1817mm | 25.8s
[ 3600/5000] loss=0.0061 (t=0.0015 r=0.0147 beta=0.31) | val: 1.91deg/1836mm | 26.3s
[ 3700/5000] loss=0.0060 (t=0.0016 r=0.0143 beta=0.31) | val: 2.02deg/1917mm | 26.9s
[ 3800/5000] loss=0.0059 (t=0.0016 r=0.0140 beta=0.31) | val: 1.93deg/1892mm | 27.5s
[ 3900/5000] loss=0.0060 (t=0.0016 r=0.0144 beta=0.31) | val: 1.93deg/1870mm | 28.0s
[ 4000/5000] loss=0.0059 (t=0.0015 r=0.0144 beta=0.30) | val: 1.91deg/1852mm | 28.6s
[ 4100/5000] loss=0.0059 (t=0.0016 r=0.0142 beta=0.30) | val: 1.90deg/1865mm | 29.2s
[ 4200/5000] loss=0.0057 (t=0.0016 r=0.0139 beta=0.30) | val: 1.91deg/1891mm | 29.7s
[ 4300/5000] loss=0.0056 (t=0.0015 r=0.0136 beta=0.30) | val: 1.92deg/1873mm | 30.3s
[ 4400/5000] loss=0.0056 (t=0.0015 r=0.0140 beta=0.30) | val: 1.88deg/1890mm | 30.8s
[ 4500/5000] loss=0.0057 (t=0.0015 r=0.0142 beta=0.30) | val: 1.92deg/1929mm | 31.4s
[ 4600/5000] loss=0.0055 (t=0.0015 r=0.0138 beta=0.30) | val: 1.94deg/1890mm | 32.0s
[ 4700/5000] loss=0.0056 (t=0.0015 r=0.0139 beta=0.30) | val: 1.91deg/1877mm | 32.5s
[ 4800/5000] loss=0.0058 (t=0.0016 r=0.0144 beta=0.30) | val: 1.95deg/1880mm | 33.1s
[ 4900/5000] loss=0.0057 (t=0.0015 r=0.0141 beta=0.30) | val: 1.97deg/1904mm | 33.6s
[ 5000/5000] loss=0.0056 (t=0.0015 r=0.0138 beta=0.30) | val: 1.94deg/1891mm | 34.2s

Training done. Best epoch: 680, score: 1.5563

Loaded best model from epoch 680

======================================================================
EVALUATION RESULTS (Direct Regression)
======================================================================
Rotation  (median): 1.76deg
Translation (median): 1391mm

  R@5deg_1m: 30.2%  (rot_pass=92.9%, trans_pass=31.3%)
  R@10deg_2m: 64.8%  (rot_pass=99.5%, trans_pass=64.8%)
  R@15deg_5m: 91.2%  (rot_pass=100.0%, trans_pass=91.2%)
  R@25deg_5m: 91.2%  (rot_pass=100.0%, trans_pass=91.2%)

======================================================================
EVALUATION RESULTS (Retrieval Mode)
======================================================================
Retrieval median: 11.16deg / 2384mm
  R@5deg_1m: 2.2%  (rot=5.5%, trans=19.2%)
  R@10deg_2m: 18.7%  (rot=42.3%, trans=42.9%)
  R@15deg_5m: 57.7%  (rot=71.4%, trans=85.2%)
  R@25deg_5m: 81.3%  (rot=95.6%, trans=85.2%)
======================================================================

Done!
--- exp20_128d_seed26 done ---

=== exp20_128d_seed27 ===
======================================================================
Experiment: exp20_128d_seed27
Pool: spp, Features: both+sum
======================================================================
Random seed: 27
Using device: cuda:3

Loading data (fine=True, coarse=True, summary=True)...
  Loaded fine_geo: torch.Size([895, 128, 68, 120])
  Loaded coarse_sem: torch.Size([895, 128, 68, 120])
  Loaded summary: torch.Size([895, 2560])
  [train] 895 samples loaded
  Loaded fine_geo: torch.Size([182, 128, 68, 120])
  Loaded coarse_sem: torch.Size([182, 128, 68, 120])
  Loaded summary: torch.Size([182, 2560])
  [test] 182 samples loaded
Translation norm: mean=[13.19548    -0.64731836 23.103329  ], std=[10.827089    0.94348246  9.766839  ]
  Feature dim after pooling: 7936
Model parameters: 18,905,610

Pre-computing pooled features (OOM-safe mode)...
  Pre-computed pooled features: torch.Size([895, 7936]) (28.4 MB)
  Pre-computed pooled features: torch.Size([182, 7936]) (5.8 MB)
  GPU memory freed. Training with pre-pooled features (7936d)
Model parameters: 18,905,610
[    1/5000] loss=2.5148 (t=0.5287 r=1.9862 beta=1.00) | val: 35.84deg/18588mm | 0.5s
[  100/5000] loss=0.0614 (t=0.0217 r=0.0428 beta=0.93) | val: 2.73deg/1730mm | 4.2s
[  200/5000] loss=0.0403 (t=0.0117 r=0.0325 beta=0.88) | val: 1.92deg/1600mm | 5.9s
[  300/5000] loss=0.0296 (t=0.0068 r=0.0270 beta=0.84) | val: 1.83deg/1616mm | 6.5s
[  400/5000] loss=0.0262 (t=0.0055 r=0.0257 beta=0.80) | val: 1.88deg/1588mm | 7.0s
[  500/5000] loss=0.0234 (t=0.0052 r=0.0235 beta=0.77) | val: 1.57deg/1429mm | 7.6s
[  600/5000] loss=0.0201 (t=0.0039 r=0.0220 beta=0.74) | val: 1.84deg/1444mm | 8.9s
[  700/5000] loss=0.0182 (t=0.0037 r=0.0206 beta=0.71) | val: 1.94deg/1426mm | 9.5s
[  800/5000] loss=0.0167 (t=0.0030 r=0.0202 beta=0.68) | val: 1.65deg/1604mm | 10.0s
[  900/5000] loss=0.0155 (t=0.0029 r=0.0193 beta=0.65) | val: 1.64deg/1501mm | 10.6s
[ 1000/5000] loss=0.0146 (t=0.0029 r=0.0187 beta=0.63) | val: 1.59deg/1665mm | 11.1s
[ 1100/5000] loss=0.0134 (t=0.0025 r=0.0181 beta=0.60) | val: 1.52deg/1631mm | 11.7s
[ 1200/5000] loss=0.0131 (t=0.0026 r=0.0180 beta=0.58) | val: 1.74deg/1759mm | 12.2s
[ 1300/5000] loss=0.0126 (t=0.0026 r=0.0179 beta=0.56) | val: 1.61deg/1492mm | 12.8s
[ 1400/5000] loss=0.0125 (t=0.0026 r=0.0184 beta=0.54) | val: 1.79deg/1500mm | 13.3s
[ 1500/5000] loss=0.0111 (t=0.0023 r=0.0168 beta=0.52) | val: 1.74deg/1664mm | 13.9s
[ 1600/5000] loss=0.0105 (t=0.0023 r=0.0163 beta=0.50) | val: 1.66deg/1622mm | 14.4s
[ 1700/5000] loss=0.0103 (t=0.0021 r=0.0168 beta=0.49) | val: 1.71deg/1541mm | 15.0s
[ 1800/5000] loss=0.0096 (t=0.0019 r=0.0162 beta=0.47) | val: 1.77deg/1648mm | 15.5s
[ 1900/5000] loss=0.0094 (t=0.0019 r=0.0163 beta=0.46) | val: 1.64deg/1637mm | 16.1s
[ 2000/5000] loss=0.0088 (t=0.0020 r=0.0155 beta=0.44) | val: 1.76deg/1570mm | 16.6s
[ 2100/5000] loss=0.0091 (t=0.0022 r=0.0160 beta=0.43) | val: 1.73deg/1792mm | 17.2s
[ 2200/5000] loss=0.0087 (t=0.0021 r=0.0157 beta=0.42) | val: 1.66deg/1528mm | 17.7s
[ 2300/5000] loss=0.0083 (t=0.0018 r=0.0159 beta=0.41) | val: 1.79deg/1658mm | 18.2s
[ 2400/5000] loss=0.0080 (t=0.0018 r=0.0156 beta=0.40) | val: 1.81deg/1898mm | 18.8s
[ 2500/5000] loss=0.0076 (t=0.0018 r=0.0148 beta=0.39) | val: 1.75deg/1818mm | 19.4s
[ 2600/5000] loss=0.0077 (t=0.0018 r=0.0156 beta=0.38) | val: 1.66deg/1737mm | 19.9s
[ 2700/5000] loss=0.0073 (t=0.0018 r=0.0150 beta=0.37) | val: 1.72deg/1647mm | 20.5s
[ 2800/5000] loss=0.0074 (t=0.0018 r=0.0155 beta=0.36) | val: 1.79deg/1806mm | 21.0s
[ 2900/5000] loss=0.0070 (t=0.0017 r=0.0149 beta=0.36) | val: 1.82deg/1772mm | 21.5s
[ 3000/5000] loss=0.0069 (t=0.0018 r=0.0148 beta=0.35) | val: 1.80deg/1841mm | 22.1s
[ 3100/5000] loss=0.0065 (t=0.0017 r=0.0142 beta=0.34) | val: 1.78deg/1724mm | 22.6s
[ 3200/5000] loss=0.0066 (t=0.0016 r=0.0146 beta=0.34) | val: 1.77deg/1757mm | 23.2s
[ 3300/5000] loss=0.0066 (t=0.0016 r=0.0148 beta=0.33) | val: 1.79deg/1676mm | 23.7s
[ 3400/5000] loss=0.0066 (t=0.0017 r=0.0149 beta=0.33) | val: 1.81deg/1771mm | 24.3s
[ 3500/5000] loss=0.0063 (t=0.0016 r=0.0145 beta=0.33) | val: 1.91deg/1789mm | 24.8s
[ 3600/5000] loss=0.0063 (t=0.0016 r=0.0145 beta=0.32) | val: 1.79deg/1817mm | 25.3s
[ 3700/5000] loss=0.0062 (t=0.0016 r=0.0144 beta=0.32) | val: 1.83deg/1827mm | 25.9s
[ 3800/5000] loss=0.0062 (t=0.0015 r=0.0146 beta=0.32) | val: 1.90deg/1842mm | 26.4s
[ 3900/5000] loss=0.0062 (t=0.0016 r=0.0146 beta=0.31) | val: 1.79deg/1754mm | 27.0s
[ 4000/5000] loss=0.0059 (t=0.0015 r=0.0141 beta=0.31) | val: 1.82deg/1798mm | 27.5s
[ 4100/5000] loss=0.0061 (t=0.0015 r=0.0147 beta=0.31) | val: 1.78deg/1801mm | 28.1s
[ 4200/5000] loss=0.0062 (t=0.0017 r=0.0147 beta=0.31) | val: 1.84deg/1854mm | 28.6s
[ 4300/5000] loss=0.0059 (t=0.0015 r=0.0142 beta=0.31) | val: 1.85deg/1835mm | 29.2s
[ 4400/5000] loss=0.0059 (t=0.0015 r=0.0143 beta=0.31) | val: 1.79deg/1844mm | 29.8s
[ 4500/5000] loss=0.0057 (t=0.0015 r=0.0138 beta=0.31) | val: 1.78deg/1826mm | 30.3s
[ 4600/5000] loss=0.0058 (t=0.0015 r=0.0141 beta=0.31) | val: 1.78deg/1812mm | 30.9s
[ 4700/5000] loss=0.0058 (t=0.0015 r=0.0140 beta=0.31) | val: 1.81deg/1832mm | 31.4s
[ 4800/5000] loss=0.0058 (t=0.0014 r=0.0142 beta=0.31) | val: 1.83deg/1834mm | 32.0s
[ 4900/5000] loss=0.0060 (t=0.0015 r=0.0146 beta=0.31) | val: 1.81deg/1846mm | 32.5s
[ 5000/5000] loss=0.0058 (t=0.0015 r=0.0141 beta=0.31) | val: 1.83deg/1839mm | 33.1s

Training done. Best epoch: 560, score: 1.5722

Loaded best model from epoch 560

======================================================================
EVALUATION RESULTS (Direct Regression)
======================================================================
Rotation  (median): 1.79deg
Translation (median): 1401mm

  R@5deg_1m: 33.0%  (rot_pass=93.4%, trans_pass=34.6%)
  R@10deg_2m: 66.5%  (rot_pass=99.5%, trans_pass=67.0%)
  R@15deg_5m: 93.4%  (rot_pass=100.0%, trans_pass=93.4%)
  R@25deg_5m: 93.4%  (rot_pass=100.0%, trans_pass=93.4%)

======================================================================
EVALUATION RESULTS (Retrieval Mode)
======================================================================
Retrieval median: 11.45deg / 2408mm
  R@5deg_1m: 2.7%  (rot=4.9%, trans=19.8%)
  R@10deg_2m: 19.8%  (rot=40.1%, trans=45.1%)
  R@15deg_5m: 56.6%  (rot=69.2%, trans=87.4%)
  R@25deg_5m: 84.6%  (rot=97.3%, trans=87.4%)
======================================================================

Done!
--- exp20_128d_seed27 done ---

=== exp20_128d_seed28 ===
======================================================================
Experiment: exp20_128d_seed28
Pool: spp, Features: both+sum
======================================================================
Random seed: 28
Using device: cuda:3

Loading data (fine=True, coarse=True, summary=True)...
  Loaded fine_geo: torch.Size([895, 128, 68, 120])
  Loaded coarse_sem: torch.Size([895, 128, 68, 120])
  Loaded summary: torch.Size([895, 2560])
  [train] 895 samples loaded
  Loaded fine_geo: torch.Size([182, 128, 68, 120])
  Loaded coarse_sem: torch.Size([182, 128, 68, 120])
  Loaded summary: torch.Size([182, 2560])
  [test] 182 samples loaded
Translation norm: mean=[13.19548    -0.64731836 23.103329  ], std=[10.827089    0.94348246  9.766839  ]
  Feature dim after pooling: 7936
Model parameters: 18,905,610

Pre-computing pooled features (OOM-safe mode)...
  Pre-computed pooled features: torch.Size([895, 7936]) (28.4 MB)
  Pre-computed pooled features: torch.Size([182, 7936]) (5.8 MB)
  GPU memory freed. Training with pre-pooled features (7936d)
Model parameters: 18,905,610
[    1/5000] loss=2.9100 (t=0.6009 r=2.3091 beta=1.00) | val: 70.27deg/17493mm | 0.3s
[  100/5000] loss=0.0642 (t=0.0217 r=0.0460 beta=0.92) | val: 2.71deg/1813mm | 4.4s
[  200/5000] loss=0.0416 (t=0.0122 r=0.0334 beta=0.88) | val: 1.94deg/1519mm | 6.5s
[  300/5000] loss=0.0300 (t=0.0072 r=0.0270 beta=0.84) | val: 1.65deg/1598mm | 7.1s
[  400/5000] loss=0.0252 (t=0.0052 r=0.0248 beta=0.81) | val: 1.69deg/1436mm | 8.4s
[  500/5000] loss=0.0234 (t=0.0047 r=0.0242 beta=0.77) | val: 1.66deg/1511mm | 9.3s
[  600/5000] loss=0.0197 (t=0.0038 r=0.0215 beta=0.74) | val: 1.66deg/1479mm | 10.2s
[  700/5000] loss=0.0181 (t=0.0033 r=0.0208 beta=0.71) | val: 1.73deg/1404mm | 10.7s
[  800/5000] loss=0.0165 (t=0.0035 r=0.0191 beta=0.68) | val: 1.72deg/1540mm | 12.1s
[  900/5000] loss=0.0156 (t=0.0031 r=0.0190 beta=0.66) | val: 1.69deg/1487mm | 13.1s
[ 1000/5000] loss=0.0147 (t=0.0029 r=0.0187 beta=0.63) | val: 1.69deg/1570mm | 13.6s
[ 1100/5000] loss=0.0133 (t=0.0026 r=0.0177 beta=0.61) | val: 1.64deg/1489mm | 14.2s
[ 1200/5000] loss=0.0128 (t=0.0027 r=0.0173 beta=0.58) | val: 1.70deg/1589mm | 14.7s
[ 1300/5000] loss=0.0124 (t=0.0025 r=0.0176 beta=0.56) | val: 1.62deg/1354mm | 15.2s
[ 1400/5000] loss=0.0116 (t=0.0025 r=0.0168 beta=0.54) | val: 1.71deg/1440mm | 15.8s
[ 1500/5000] loss=0.0113 (t=0.0022 r=0.0173 beta=0.52) | val: 1.90deg/1674mm | 16.3s
[ 1600/5000] loss=0.0107 (t=0.0023 r=0.0164 beta=0.51) | val: 1.87deg/1484mm | 16.9s
[ 1700/5000] loss=0.0105 (t=0.0024 r=0.0164 beta=0.49) | val: 1.88deg/1636mm | 17.4s
[ 1800/5000] loss=0.0098 (t=0.0022 r=0.0161 beta=0.47) | val: 1.76deg/1614mm | 18.0s
[ 1900/5000] loss=0.0095 (t=0.0020 r=0.0163 beta=0.46) | val: 1.75deg/1682mm | 18.5s
[ 2000/5000] loss=0.0093 (t=0.0019 r=0.0165 beta=0.45) | val: 1.80deg/1662mm | 19.1s
[ 2100/5000] loss=0.0087 (t=0.0019 r=0.0157 beta=0.43) | val: 1.77deg/1678mm | 19.6s
[ 2200/5000] loss=0.0089 (t=0.0020 r=0.0163 beta=0.42) | val: 1.96deg/1507mm | 20.2s
[ 2300/5000] loss=0.0084 (t=0.0019 r=0.0158 beta=0.41) | val: 1.85deg/1858mm | 20.7s
[ 2400/5000] loss=0.0082 (t=0.0019 r=0.0158 beta=0.40) | val: 1.72deg/1609mm | 21.2s
[ 2500/5000] loss=0.0079 (t=0.0020 r=0.0151 beta=0.39) | val: 1.86deg/1691mm | 21.8s
[ 2600/5000] loss=0.0078 (t=0.0019 r=0.0153 beta=0.38) | val: 1.89deg/1596mm | 22.3s
[ 2700/5000] loss=0.0076 (t=0.0017 r=0.0156 beta=0.38) | val: 1.95deg/1696mm | 22.9s
[ 2800/5000] loss=0.0074 (t=0.0017 r=0.0154 beta=0.37) | val: 1.96deg/1760mm | 23.4s
[ 2900/5000] loss=0.0073 (t=0.0018 r=0.0151 beta=0.36) | val: 1.86deg/1711mm | 23.9s
[ 3000/5000] loss=0.0070 (t=0.0017 r=0.0149 beta=0.35) | val: 1.82deg/1756mm | 24.5s
[ 3100/5000] loss=0.0071 (t=0.0017 r=0.0155 beta=0.35) | val: 1.91deg/1799mm | 25.1s
[ 3200/5000] loss=0.0068 (t=0.0017 r=0.0149 beta=0.34) | val: 1.95deg/1780mm | 25.6s
[ 3300/5000] loss=0.0066 (t=0.0017 r=0.0146 beta=0.34) | val: 1.93deg/1745mm | 26.2s
[ 3400/5000] loss=0.0064 (t=0.0016 r=0.0145 beta=0.33) | val: 1.96deg/1729mm | 26.7s
[ 3500/5000] loss=0.0064 (t=0.0016 r=0.0146 beta=0.33) | val: 1.94deg/1783mm | 27.3s
[ 3600/5000] loss=0.0062 (t=0.0015 r=0.0143 beta=0.33) | val: 1.98deg/1764mm | 27.8s
[ 3700/5000] loss=0.0063 (t=0.0016 r=0.0145 beta=0.32) | val: 1.95deg/1801mm | 28.4s
[ 3800/5000] loss=0.0062 (t=0.0016 r=0.0144 beta=0.32) | val: 1.86deg/1787mm | 28.9s
[ 3900/5000] loss=0.0061 (t=0.0017 r=0.0140 beta=0.32) | val: 1.90deg/1795mm | 29.5s
[ 4000/5000] loss=0.0060 (t=0.0016 r=0.0142 beta=0.32) | val: 1.89deg/1845mm | 30.0s
[ 4100/5000] loss=0.0059 (t=0.0015 r=0.0139 beta=0.31) | val: 1.95deg/1863mm | 30.6s
[ 4200/5000] loss=0.0059 (t=0.0015 r=0.0139 beta=0.31) | val: 1.92deg/1808mm | 31.1s
[ 4300/5000] loss=0.0060 (t=0.0016 r=0.0141 beta=0.31) | val: 1.89deg/1857mm | 31.7s
[ 4400/5000] loss=0.0058 (t=0.0015 r=0.0138 beta=0.31) | val: 1.89deg/1858mm | 32.2s
[ 4500/5000] loss=0.0058 (t=0.0015 r=0.0138 beta=0.31) | val: 1.97deg/1845mm | 32.8s
[ 4600/5000] loss=0.0057 (t=0.0015 r=0.0135 beta=0.31) | val: 1.94deg/1826mm | 33.4s
[ 4700/5000] loss=0.0058 (t=0.0015 r=0.0138 beta=0.31) | val: 1.98deg/1815mm | 33.9s
[ 4800/5000] loss=0.0056 (t=0.0015 r=0.0133 beta=0.31) | val: 1.92deg/1823mm | 34.5s
[ 4900/5000] loss=0.0059 (t=0.0016 r=0.0139 beta=0.31) | val: 1.89deg/1823mm | 35.0s
[ 5000/5000] loss=0.0057 (t=0.0014 r=0.0138 beta=0.31) | val: 1.90deg/1818mm | 35.6s

Training done. Best epoch: 840, score: 1.4670

Loaded best model from epoch 840

======================================================================
EVALUATION RESULTS (Direct Regression)
======================================================================
Rotation  (median): 1.56deg
Translation (median): 1313mm

  R@5deg_1m: 36.8%  (rot_pass=92.9%, trans_pass=37.4%)
  R@10deg_2m: 68.7%  (rot_pass=99.5%, trans_pass=68.7%)
  R@15deg_5m: 92.3%  (rot_pass=100.0%, trans_pass=92.3%)
  R@25deg_5m: 92.3%  (rot_pass=100.0%, trans_pass=92.3%)

======================================================================
EVALUATION RESULTS (Retrieval Mode)
======================================================================
Retrieval median: 11.78deg / 2354mm
  R@5deg_1m: 2.2%  (rot=4.4%, trans=19.8%)
  R@10deg_2m: 20.3%  (rot=39.6%, trans=45.1%)
  R@15deg_5m: 58.2%  (rot=69.8%, trans=88.5%)
  R@25deg_5m: 83.5%  (rot=95.1%, trans=88.5%)
======================================================================

Done!
--- exp20_128d_seed28 done ---

=== exp20_128d_seed29 ===
======================================================================
Experiment: exp20_128d_seed29
Pool: spp, Features: both+sum
======================================================================
Random seed: 29
Using device: cuda:3

Loading data (fine=True, coarse=True, summary=True)...
  Loaded fine_geo: torch.Size([895, 128, 68, 120])
  Loaded coarse_sem: torch.Size([895, 128, 68, 120])
  Loaded summary: torch.Size([895, 2560])
  [train] 895 samples loaded
  Loaded fine_geo: torch.Size([182, 128, 68, 120])
  Loaded coarse_sem: torch.Size([182, 128, 68, 120])
  Loaded summary: torch.Size([182, 2560])
  [test] 182 samples loaded
Translation norm: mean=[13.19548    -0.64731836 23.103329  ], std=[10.827089    0.94348246  9.766839  ]
  Feature dim after pooling: 7936
Model parameters: 18,905,610

Pre-computing pooled features (OOM-safe mode)...
  Pre-computed pooled features: torch.Size([895, 7936]) (28.4 MB)
  Pre-computed pooled features: torch.Size([182, 7936]) (5.8 MB)
  GPU memory freed. Training with pre-pooled features (7936d)
Model parameters: 18,905,610
[    1/5000] loss=2.7462 (t=0.5518 r=2.1945 beta=1.00) | val: 35.21deg/16572mm | 0.8s
[  100/5000] loss=0.0653 (t=0.0221 r=0.0465 beta=0.93) | val: 2.06deg/1483mm | 5.1s
[  200/5000] loss=0.0390 (t=0.0121 r=0.0302 beta=0.89) | val: 2.00deg/1800mm | 6.4s
[  300/5000] loss=0.0307 (t=0.0072 r=0.0276 beta=0.85) | val: 1.73deg/1692mm | 6.9s
[  400/5000] loss=0.0258 (t=0.0051 r=0.0254 beta=0.82) | val: 1.87deg/1638mm | 7.5s
[  500/5000] loss=0.0223 (t=0.0045 r=0.0227 beta=0.78) | val: 1.66deg/1661mm | 8.4s
[  600/5000] loss=0.0209 (t=0.0041 r=0.0224 beta=0.75) | val: 1.82deg/1645mm | 9.3s
[  700/5000] loss=0.0184 (t=0.0034 r=0.0208 beta=0.72) | val: 1.68deg/1617mm | 9.9s
[  800/5000] loss=0.0167 (t=0.0032 r=0.0194 beta=0.69) | val: 1.88deg/1724mm | 10.4s
[  900/5000] loss=0.0157 (t=0.0028 r=0.0193 beta=0.67) | val: 1.70deg/1460mm | 11.7s
[ 1000/5000] loss=0.0150 (t=0.0028 r=0.0190 beta=0.64) | val: 1.59deg/1532mm | 12.3s
[ 1100/5000] loss=0.0142 (t=0.0029 r=0.0183 beta=0.62) | val: 1.60deg/1610mm | 13.3s
[ 1200/5000] loss=0.0135 (t=0.0027 r=0.0181 beta=0.60) | val: 1.87deg/1594mm | 13.8s
[ 1300/5000] loss=0.0126 (t=0.0026 r=0.0175 beta=0.57) | val: 1.64deg/1491mm | 14.3s
[ 1400/5000] loss=0.0121 (t=0.0024 r=0.0174 beta=0.55) | val: 1.73deg/1613mm | 14.9s
[ 1500/5000] loss=0.0118 (t=0.0025 r=0.0174 beta=0.54) | val: 1.69deg/1508mm | 15.4s
[ 1600/5000] loss=0.0108 (t=0.0023 r=0.0165 beta=0.52) | val: 1.69deg/1519mm | 16.0s
[ 1700/5000] loss=0.0107 (t=0.0023 r=0.0166 beta=0.50) | val: 1.65deg/1644mm | 16.5s
[ 1800/5000] loss=0.0100 (t=0.0021 r=0.0161 beta=0.49) | val: 1.68deg/1524mm | 17.1s
[ 1900/5000] loss=0.0100 (t=0.0021 r=0.0166 beta=0.47) | val: 1.52deg/1481mm | 17.6s
[ 2000/5000] loss=0.0096 (t=0.0022 r=0.0162 beta=0.46) | val: 1.74deg/1551mm | 18.2s
[ 2100/5000] loss=0.0091 (t=0.0019 r=0.0161 beta=0.45) | val: 1.82deg/1564mm | 18.7s
[ 2200/5000] loss=0.0089 (t=0.0020 r=0.0159 beta=0.43) | val: 1.72deg/1475mm | 19.3s
[ 2300/5000] loss=0.0087 (t=0.0019 r=0.0161 beta=0.42) | val: 1.81deg/1426mm | 19.8s
[ 2400/5000] loss=0.0086 (t=0.0020 r=0.0160 beta=0.41) | val: 1.74deg/1484mm | 20.4s
[ 2500/5000] loss=0.0079 (t=0.0017 r=0.0153 beta=0.40) | val: 1.83deg/1658mm | 20.9s
[ 2600/5000] loss=0.0079 (t=0.0019 r=0.0151 beta=0.39) | val: 1.85deg/1632mm | 21.5s
[ 2700/5000] loss=0.0075 (t=0.0017 r=0.0150 beta=0.39) | val: 1.80deg/1623mm | 22.0s
[ 2800/5000] loss=0.0075 (t=0.0018 r=0.0151 beta=0.38) | val: 1.81deg/1756mm | 22.6s
[ 2900/5000] loss=0.0073 (t=0.0018 r=0.0147 beta=0.37) | val: 1.73deg/1583mm | 23.1s
[ 3000/5000] loss=0.0072 (t=0.0017 r=0.0150 beta=0.36) | val: 1.84deg/1646mm | 23.7s
[ 3100/5000] loss=0.0071 (t=0.0018 r=0.0147 beta=0.36) | val: 1.91deg/1588mm | 24.3s
[ 3200/5000] loss=0.0067 (t=0.0016 r=0.0145 beta=0.35) | val: 1.79deg/1693mm | 24.8s
[ 3300/5000] loss=0.0068 (t=0.0017 r=0.0144 beta=0.35) | val: 1.78deg/1689mm | 25.4s
[ 3400/5000] loss=0.0068 (t=0.0017 r=0.0150 beta=0.34) | val: 1.84deg/1654mm | 25.9s
[ 3500/5000] loss=0.0064 (t=0.0016 r=0.0140 beta=0.34) | val: 1.78deg/1681mm | 26.5s
[ 3600/5000] loss=0.0067 (t=0.0017 r=0.0147 beta=0.34) | val: 1.79deg/1581mm | 27.1s
[ 3700/5000] loss=0.0064 (t=0.0016 r=0.0145 beta=0.33) | val: 1.87deg/1541mm | 27.7s
[ 3800/5000] loss=0.0062 (t=0.0015 r=0.0141 beta=0.33) | val: 1.85deg/1727mm | 28.3s
[ 3900/5000] loss=0.0061 (t=0.0015 r=0.0140 beta=0.33) | val: 1.84deg/1615mm | 28.9s
[ 4000/5000] loss=0.0063 (t=0.0017 r=0.0142 beta=0.33) | val: 1.85deg/1699mm | 29.5s
[ 4100/5000] loss=0.0061 (t=0.0016 r=0.0140 beta=0.32) | val: 1.83deg/1666mm | 30.0s
[ 4200/5000] loss=0.0062 (t=0.0016 r=0.0141 beta=0.32) | val: 1.91deg/1750mm | 30.6s
[ 4300/5000] loss=0.0060 (t=0.0015 r=0.0140 beta=0.32) | val: 1.91deg/1687mm | 31.2s
[ 4400/5000] loss=0.0059 (t=0.0015 r=0.0139 beta=0.32) | val: 1.91deg/1722mm | 31.7s
[ 4500/5000] loss=0.0060 (t=0.0016 r=0.0139 beta=0.32) | val: 1.91deg/1723mm | 32.3s
[ 4600/5000] loss=0.0059 (t=0.0015 r=0.0138 beta=0.32) | val: 1.86deg/1733mm | 32.8s
[ 4700/5000] loss=0.0060 (t=0.0015 r=0.0140 beta=0.32) | val: 1.85deg/1677mm | 33.4s
[ 4800/5000] loss=0.0058 (t=0.0015 r=0.0137 beta=0.32) | val: 1.83deg/1718mm | 34.0s
[ 4900/5000] loss=0.0059 (t=0.0015 r=0.0139 beta=0.32) | val: 1.84deg/1695mm | 34.6s
[ 5000/5000] loss=0.0061 (t=0.0016 r=0.0141 beta=0.32) | val: 1.85deg/1695mm | 35.2s

Training done. Best epoch: 1030, score: 1.5238

Loaded best model from epoch 1030

======================================================================
EVALUATION RESULTS (Direct Regression)
======================================================================
Rotation  (median): 1.47deg
Translation (median): 1383mm

  R@5deg_1m: 35.2%  (rot_pass=91.8%, trans_pass=36.3%)
  R@10deg_2m: 69.2%  (rot_pass=99.5%, trans_pass=69.8%)
  R@15deg_5m: 91.8%  (rot_pass=100.0%, trans_pass=91.8%)
  R@25deg_5m: 91.8%  (rot_pass=100.0%, trans_pass=91.8%)

======================================================================
EVALUATION RESULTS (Retrieval Mode)
======================================================================
Retrieval median: 11.57deg / 2347mm
  R@5deg_1m: 2.7%  (rot=5.5%, trans=21.4%)
  R@10deg_2m: 19.2%  (rot=41.8%, trans=44.5%)
  R@15deg_5m: 57.7%  (rot=70.9%, trans=85.7%)
  R@25deg_5m: 81.9%  (rot=95.1%, trans=85.7%)
======================================================================

Done!
--- exp20_128d_seed29 done ---

=== exp20_128d_seed30 ===
======================================================================
Experiment: exp20_128d_seed30
Pool: spp, Features: both+sum
======================================================================
Random seed: 30
Using device: cuda:3

Loading data (fine=True, coarse=True, summary=True)...
  Loaded fine_geo: torch.Size([895, 128, 68, 120])
  Loaded coarse_sem: torch.Size([895, 128, 68, 120])
  Loaded summary: torch.Size([895, 2560])
  [train] 895 samples loaded
  Loaded fine_geo: torch.Size([182, 128, 68, 120])
  Loaded coarse_sem: torch.Size([182, 128, 68, 120])
  Loaded summary: torch.Size([182, 2560])
  [test] 182 samples loaded
Translation norm: mean=[13.19548    -0.64731836 23.103329  ], std=[10.827089    0.94348246  9.766839  ]
  Feature dim after pooling: 7936
Model parameters: 18,905,610

Pre-computing pooled features (OOM-safe mode)...
  Pre-computed pooled features: torch.Size([895, 7936]) (28.4 MB)
  Pre-computed pooled features: torch.Size([182, 7936]) (5.8 MB)
  GPU memory freed. Training with pre-pooled features (7936d)
Model parameters: 18,905,610
[    1/5000] loss=2.7398 (t=0.5251 r=2.2147 beta=1.00) | val: 34.86deg/30906mm | 0.4s
[  100/5000] loss=0.0632 (t=0.0218 r=0.0447 beta=0.93) | val: 2.37deg/1891mm | 5.5s
[  200/5000] loss=0.0394 (t=0.0115 r=0.0317 beta=0.88) | val: 2.27deg/1687mm | 7.3s
[  300/5000] loss=0.0306 (t=0.0074 r=0.0275 beta=0.84) | val: 1.96deg/1519mm | 8.2s
[  400/5000] loss=0.0256 (t=0.0060 r=0.0242 beta=0.81) | val: 1.77deg/1481mm | 8.8s
[  500/5000] loss=0.0224 (t=0.0046 r=0.0230 beta=0.77) | val: 1.78deg/1587mm | 10.1s
[  600/5000] loss=0.0205 (t=0.0039 r=0.0225 beta=0.74) | val: 1.91deg/1559mm | 10.7s
[  700/5000] loss=0.0183 (t=0.0034 r=0.0209 beta=0.71) | val: 1.71deg/1529mm | 11.2s
[  800/5000] loss=0.0167 (t=0.0032 r=0.0197 beta=0.68) | val: 1.96deg/1535mm | 12.1s
[  900/5000] loss=0.0167 (t=0.0032 r=0.0205 beta=0.66) | val: 1.73deg/1626mm | 12.7s
[ 1000/5000] loss=0.0144 (t=0.0026 r=0.0188 beta=0.63) | val: 1.85deg/1548mm | 13.2s
[ 1100/5000] loss=0.0142 (t=0.0028 r=0.0187 beta=0.61) | val: 1.67deg/1508mm | 13.8s
[ 1200/5000] loss=0.0135 (t=0.0026 r=0.0187 beta=0.59) | val: 1.72deg/1491mm | 14.3s
[ 1300/5000] loss=0.0123 (t=0.0025 r=0.0174 beta=0.56) | val: 1.82deg/1591mm | 14.8s
[ 1400/5000] loss=0.0115 (t=0.0022 r=0.0169 beta=0.54) | val: 1.99deg/1541mm | 15.4s
[ 1500/5000] loss=0.0110 (t=0.0022 r=0.0168 beta=0.53) | val: 1.69deg/1537mm | 15.9s
[ 1600/5000] loss=0.0105 (t=0.0023 r=0.0161 beta=0.51) | val: 1.88deg/1650mm | 16.5s
[ 1700/5000] loss=0.0104 (t=0.0023 r=0.0163 beta=0.49) | val: 1.80deg/1630mm | 17.0s
[ 1800/5000] loss=0.0100 (t=0.0022 r=0.0164 beta=0.48) | val: 1.93deg/1503mm | 17.6s
[ 1900/5000] loss=0.0092 (t=0.0020 r=0.0156 beta=0.46) | val: 1.82deg/1550mm | 18.1s
[ 2000/5000] loss=0.0094 (t=0.0021 r=0.0163 beta=0.45) | val: 1.73deg/1491mm | 18.7s
[ 2100/5000] loss=0.0090 (t=0.0019 r=0.0162 beta=0.44) | val: 1.91deg/1664mm | 19.2s
[ 2200/5000] loss=0.0084 (t=0.0019 r=0.0154 beta=0.42) | val: 1.78deg/1659mm | 19.8s
[ 2300/5000] loss=0.0084 (t=0.0019 r=0.0157 beta=0.41) | val: 1.91deg/1703mm | 20.3s
[ 2400/5000] loss=0.0078 (t=0.0019 r=0.0148 beta=0.40) | val: 1.82deg/1688mm | 20.9s
[ 2500/5000] loss=0.0077 (t=0.0018 r=0.0151 beta=0.39) | val: 1.88deg/1691mm | 21.4s
[ 2600/5000] loss=0.0075 (t=0.0018 r=0.0149 beta=0.38) | val: 1.88deg/1723mm | 22.0s
[ 2700/5000] loss=0.0076 (t=0.0018 r=0.0154 beta=0.38) | val: 1.81deg/1790mm | 22.5s
[ 2800/5000] loss=0.0073 (t=0.0017 r=0.0150 beta=0.37) | val: 1.83deg/1683mm | 23.1s
[ 2900/5000] loss=0.0071 (t=0.0018 r=0.0146 beta=0.36) | val: 1.81deg/1758mm | 23.6s
[ 3000/5000] loss=0.0068 (t=0.0017 r=0.0143 beta=0.36) | val: 1.88deg/1797mm | 24.2s
[ 3100/5000] loss=0.0069 (t=0.0018 r=0.0147 beta=0.35) | val: 1.84deg/1635mm | 24.7s
[ 3200/5000] loss=0.0067 (t=0.0017 r=0.0145 beta=0.34) | val: 1.91deg/1662mm | 25.4s
[ 3300/5000] loss=0.0066 (t=0.0017 r=0.0146 beta=0.34) | val: 1.94deg/1611mm | 26.1s
[ 3400/5000] loss=0.0065 (t=0.0017 r=0.0143 beta=0.34) | val: 1.91deg/1699mm | 26.6s
[ 3500/5000] loss=0.0063 (t=0.0016 r=0.0140 beta=0.33) | val: 1.95deg/1753mm | 27.2s
[ 3600/5000] loss=0.0061 (t=0.0015 r=0.0141 beta=0.33) | val: 1.90deg/1756mm | 27.7s
[ 3700/5000] loss=0.0062 (t=0.0015 r=0.0145 beta=0.32) | val: 1.88deg/1812mm | 28.3s
[ 3800/5000] loss=0.0060 (t=0.0015 r=0.0140 beta=0.32) | val: 1.85deg/1782mm | 28.9s
[ 3900/5000] loss=0.0061 (t=0.0016 r=0.0141 beta=0.32) | val: 1.86deg/1781mm | 29.5s
[ 4000/5000] loss=0.0060 (t=0.0015 r=0.0141 beta=0.32) | val: 1.84deg/1822mm | 30.0s
[ 4100/5000] loss=0.0061 (t=0.0017 r=0.0142 beta=0.32) | val: 1.88deg/1808mm | 30.6s
[ 4200/5000] loss=0.0060 (t=0.0015 r=0.0141 beta=0.31) | val: 1.96deg/1813mm | 31.1s
[ 4300/5000] loss=0.0059 (t=0.0016 r=0.0140 beta=0.31) | val: 1.90deg/1819mm | 31.7s
[ 4400/5000] loss=0.0059 (t=0.0015 r=0.0140 beta=0.31) | val: 1.89deg/1843mm | 32.3s
[ 4500/5000] loss=0.0058 (t=0.0015 r=0.0137 beta=0.31) | val: 1.91deg/1782mm | 32.9s
[ 4600/5000] loss=0.0060 (t=0.0015 r=0.0146 beta=0.31) | val: 1.89deg/1826mm | 33.4s
[ 4700/5000] loss=0.0058 (t=0.0014 r=0.0142 beta=0.31) | val: 1.91deg/1789mm | 34.0s
[ 4800/5000] loss=0.0058 (t=0.0015 r=0.0139 beta=0.31) | val: 1.86deg/1783mm | 34.5s
[ 4900/5000] loss=0.0059 (t=0.0016 r=0.0139 beta=0.31) | val: 1.90deg/1799mm | 35.1s
[ 5000/5000] loss=0.0058 (t=0.0015 r=0.0138 beta=0.31) | val: 1.91deg/1804mm | 35.6s

Training done. Best epoch: 720, score: 1.5132

Loaded best model from epoch 720

======================================================================
EVALUATION RESULTS (Direct Regression)
======================================================================
Rotation  (median): 1.98deg
Translation (median): 1325mm

  R@5deg_1m: 35.2%  (rot_pass=93.4%, trans_pass=36.3%)
  R@10deg_2m: 67.0%  (rot_pass=99.5%, trans_pass=67.0%)
  R@15deg_5m: 91.8%  (rot_pass=100.0%, trans_pass=91.8%)
  R@25deg_5m: 91.8%  (rot_pass=100.0%, trans_pass=91.8%)

======================================================================
EVALUATION RESULTS (Retrieval Mode)
======================================================================
Retrieval median: 11.46deg / 2354mm
  R@5deg_1m: 2.7%  (rot=6.0%, trans=21.4%)
  R@10deg_2m: 19.2%  (rot=42.9%, trans=45.1%)
  R@15deg_5m: 57.1%  (rot=70.3%, trans=85.2%)
  R@25deg_5m: 82.4%  (rot=97.3%, trans=85.2%)
======================================================================

Done!
--- exp20_128d_seed30 done ---

=== ALL GPU3 EXPERIMENTS DONE ===
